season,origin,cancelled,is_core,colorway_sku,colorway_name,style_sku,style_name,source,vendor,brand,variant_count,missing_count,missing_fields,needs_variants,needs_price,needs_hs_code,needs_customs_desc,needs_weight,needs_fibre,needs_country_of_origin,needs_manufacturer,src_price,src_hs_code,src_customs_desc,src_weight,src_fibre,src_origin,src_manufacturer,fully_recoverable,unrecoverable_fields,cin7_attribute3
CONTINUITY,NEW,,1,LIV-KVN-GRY,Kevin Grey,LIV-KVN-GRY,Kevin Grey,CIN7_IMPORT,Livid Men,Livid,5,4,customs desc; fibre; origin; manufacturer,,,,1,,1,1,1,,,CIN7,,CIN7,CIN7,NONE,NO,manufacturer,Men's Sweater - Knitted 100% wiil
CONTINUITY,NEW,,,EXT-HB-YZU,Yuzu 10 Minutes Aroma,EXT-HB-YZU,Yuzu 10 Minutes Aroma,CIN7_IMPORT,Hibi,Hibi,1,3,customs desc; fibre; manufacturer,,,,1,,1,,1,,,CIN7,,NONE,,NONE,NO,fibre; manufacturer,Aggerbatti
CONTINUITY,NEW,,,LIV-CSSDY-NVY,Cassidy Navy,LIV-CSSDY-NVY,Cassidy Navy,CIN7_IMPORT,Livid Men,Livid,2,3,customs desc; fibre; manufacturer,,,,1,,1,,1,,,CIN7,,CIN7,,NONE,NO,manufacturer,Men's Shirt - 100% cotton
CONTINUITY,NEW,,,EXT-PB-ADN-CF,Adonis Lisse Cafe,EXT-PB-ADN-CF,Adonis Lisse Cafe,CIN7_IMPORT,Paraboot,Paraboot,5,3,customs desc; fibre; manufacturer,,,,1,,1,,1,,,CIN7,,NONE,,NONE,NO,fibre; manufacturer,Men Shoes
CONTINUITY,NEW,,,EXT-RTTO-CROS-NVG,Coarse Ribbed Oldschool Crew Navy Blue-Turquoise,EXT-RTTO-CROS-NVG,Coarse Ribbed Oldschool Crew Navy Blue-Turquoise,CIN7_IMPORT,Rototo,Rototo,2,3,customs desc; fibre; manufacturer,,,,1,,1,,1,,,CIN7,,CIN7,,NONE,NO,manufacturer,Socks - 100% wool
CONTINUITY,NEW,,,EXT-KNT-ACT-CLR,Active Bottle 600 mL Clear,EXT-KNT-ACT-CLR,Active Bottle 600 mL Clear,CIN7_IMPORT,Kinto,Kinto,1,4,HS code; customs desc; fibre; manufacturer,,,1,1,,1,,1,,NONE,NONE,,NONE,,NONE,NO,HS code; customs desc; fibre; manufacturer,
CONTINUITY,NEW,,,EXT-HB-STRK,Seto tray Round Kiseto,EXT-HB-STRK,Seto tray Round Kiseto,CIN7_IMPORT,Hibi,Hibi,1,3,customs desc; fibre; manufacturer,,,,1,,1,,1,,,CIN7,,NONE,,NONE,NO,fibre; manufacturer,Aggerbatti
CONTINUITY,NEW,,,EXT-PB-LCT-CLSZ,Laces Clusaz Original Brown/Ecru,EXT-PB-LCT-CLSZ,Laces Clusaz Original Brown/Ecru,CIN7_IMPORT,Paraboot,Paraboot,1,3,customs desc; fibre; manufacturer,,,,1,,1,,1,,,CIN7,,NONE,,NONE,NO,fibre; manufacturer,Men Shoes
CONTINUITY,NEW,,,VIN-LTRH,Leather Jacket,VIN-LTRH,Leather Jacket,CIN7_IMPORT,Vintage,Vintage,1,5,HS code; customs desc; fibre; origin; manufacturer,,,1,1,,1,1,1,,CIN7,CIN7,,CIN7,NONE,NONE,NO,origin; manufacturer,Men jacket - 100% cotton
CONTINUITY,NEW,,,VN-ONLN-9342,70's Wool Varsity jacket (XL),VN-ONLN-9342,70's Wool Varsity jacket (XL),CIN7_IMPORT,Vintage,Vintage,1,3,customs desc; fibre; manufacturer,,,,1,,1,,1,,,CIN7,,NONE,,NONE,NO,fibre; manufacturer,Used Vintage garment
CONTINUITY,NEW,,,IMP-LIV-BTH-LW-JPN-DV,"Beth Low Japan Dive, 2632*",IMP-LIV-BTH-LW-JPN-DV,"Beth Low Japan Dive, 2632*",CIN7_IMPORT,Livid Femme,Livid,7,3,customs desc; fibre; manufacturer,,,,1,,1,,1,,,CIN7,,CIN7,,NONE,NO,manufacturer,Men's jeans - 100% cotton
CONTINUITY,NEW,,,EXT-VIN-SUN-A,Sunglasses,EXT-VIN-SUN-A,Sunglasses,CIN7_IMPORT,Vintage,Vintage,1,3,customs desc; fibre; manufacturer,,,,1,,1,,1,,,CIN7,,NONE,,NONE,NO,fibre; manufacturer,Used clothing - Vintage
CONTINUITY,NEW,,,EXT-DM-BRD-SMG,Bardolino Smog,EXT-DM-BRD-SMG,Bardolino Smog,CIN7_IMPORT,Diemme,Diemme,4,3,customs desc; fibre; manufacturer,,,,1,,1,,1,,,CIN7,,NONE,,NONE,NO,fibre; manufacturer,Men Shoes
CONTINUITY,NEW,,,LIV-KN-MLK-BNDD,Tim Milk Bonded,LIV-KN-MLK-BNDD,Tim Milk Bonded,CIN7_IMPORT,Livid Unisex,Livid,3,4,customs desc; fibre; origin; manufacturer,,,,1,,1,1,1,,,CIN7,,CIN7,CIN7,NONE,NO,manufacturer,Men's Shirt - 100% cotton
CONTINUITY,NEW,,,LIV-WST-PND,West Pond,LIV-WST-PND,West Pond,CIN7_IMPORT,Livid Men,Livid,1,3,customs desc; fibre; manufacturer,,,,1,,1,,1,,,CIN7,,CIN7,,NONE,NO,manufacturer,Men's Shirt - 100% cotton
CONTINUITY,NEW,,,EXT-CMP-PLT-TNC,Pelotas Soller Tonic,EXT-CMP-PLT-TNC,Pelotas Soller Tonic,CIN7_IMPORT,Camper,Camper,3,3,customs desc; fibre; manufacturer,,,,1,,1,,1,,,CIN7,,NONE,,NONE,NO,fibre; manufacturer,Men Shoes
CONTINUITY,NEW,,,LIV-TCN-CHRCL,Toucan Charcoal,LIV-TCN-CHRCL,Toucan Charcoal,CIN7_IMPORT,Livid Femme,Livid,5,4,customs desc; fibre; origin; manufacturer,,,,1,,1,1,1,,,CIN7,,CIN7,CIN7,NONE,NO,manufacturer,Men's T-Shirt - 100% Cotton
CONTINUITY,NEW,,,LIV-Nelson-CE,Nelson Celeste,LIV-Nelson-CE,Nelson Celeste,CIN7_IMPORT,Livid Men,Livid,2,3,customs desc; fibre; manufacturer,,,,1,,1,,1,,,CIN7,,CIN7,,NONE,NO,manufacturer,Men's T-Shirt - 100% Cotton
CONTINUITY,NEW,,,EXT-ICHI-RSG-OS,Rose & Green Incense,EXT-ICHI-RSG-OS,Rose & Green Incense,CIN7_IMPORT,Ichiko Ichie,Ichiko Ichie,1,3,customs desc; fibre; manufacturer,,,,1,,1,,1,,,CIN7,,NONE,,NONE,NO,fibre; manufacturer,Perfume - Non alcoholic
CONTINUITY,NEW,,1,LIV-HNRY-NVY-PNSTRP,Initial Navy Pinstripe,LIV-HNRY-NVY-PNSTRP,Initial Navy Pinstripe,CIN7_IMPORT,Livid Men,Livid,6,4,customs desc; fibre; origin; manufacturer,,,,1,,1,1,1,,,CIN7,,CIN7,CIN7,NONE,NO,manufacturer,Men's Shirt - 100% cotton
CONTINUITY,NEW,,1,LIV-DUNN-NVY,Dunn Navy,LIV-DUNN-NVY,Dunn Navy,CIN7_IMPORT,Livid Unisex,Livid,1,3,customs desc; fibre; manufacturer,,,,1,,1,,1,,,CIN7,,CIN7,,NONE,NO,manufacturer,Men's Cap 100% cotton
CONTINUITY,NEW,,1,LIV-BZZ-BLCK,Buzz Black,LIV-BZZ-BLCK,Buzz Black,CIN7_IMPORT,Livid Men,Livid,3,4,customs desc; fibre; origin; manufacturer,,,,1,,1,1,1,,,CIN7,,CIN7,CIN7,NONE,NO,manufacturer,Men's Sweater - Knitted 100% wiil
CONTINUITY,NEW,,1,LIV-HNRY-FD-OK-TWLL,Henrey Fade Oak Twill,LIV-HNRY-FD-OK-TWLL,Henrey Fade Oak Twill,CIN7_IMPORT,Livid Men,Livid,6,4,customs desc; fibre; origin; manufacturer,,,,1,,1,1,1,,,CIN7,,CIN7,CIN7,NONE,NO,manufacturer,Men's Shirt - 100% cotton
CONTINUITY,NEW,,1,LIV-INTL-CLST-OX,Initial Celeste Ox,LIV-INTL-CLST-OX,Initial Celeste Ox,CIN7_IMPORT,Livid Men,Livid,6,3,customs desc; fibre; manufacturer,,,,1,,1,,1,,,CIN7,,CIN7,,NONE,NO,manufacturer,Men's Shirt - 100% cotton
CONTINUITY,NEW,,,LIV-MIL-CHAR-FAD,Mila Charcoal Fadeout,LIV-MIL-CHAR-FAD,Mila Charcoal Fadeout,CIN7_IMPORT,Livid Femme,Livid,5,4,customs desc; fibre; origin; manufacturer,,,,1,,1,1,1,,,CIN7,,CIN7,CIN7,NONE,NO,manufacturer,Men's Sweater - 100% cotton
CONTINUITY,NEW,,,VN-ONLN-11326,Tommy Hilfilger Shirt (XL),VN-ONLN-11326,Tommy Hilfilger Shirt (XL),CIN7_IMPORT,Vintage,Vintage,1,3,customs desc; fibre; manufacturer,,,,1,,1,,1,,,CIN7,,NONE,,NONE,NO,fibre; manufacturer,Used Vintage garment
CONTINUITY,NEW,,,VN-ONLN-11823,Lee Denim Shirt (L),VN-ONLN-11823,Lee Denim Shirt (L),CIN7_IMPORT,Vintage,Vintage,1,3,customs desc; fibre; manufacturer,,,,1,,1,,1,,,CIN7,,NONE,,NONE,NO,fibre; manufacturer,Used Vintage garment
CONTINUITY,NEW,,,VIN-DNM,Denim Skirt,VIN-DNM,Denim Skirt,CIN7_IMPORT,Vintage,Vintage,1,5,HS code; customs desc; fibre; origin; manufacturer,,,1,1,,1,1,1,,CIN7,CIN7,,CIN7,NONE,NONE,NO,origin; manufacturer,Men's jeans - 100% cotton
CONTINUITY,NEW,,,EXT-BP-S101,101 Parisian Bouquet - 30ml,EXT-BP-S101,101 Parisian Bouquet - 30ml,CIN7_IMPORT,Bon Parfumeur,Bon Parfumeur,1,3,customs desc; fibre; manufacturer,,,,1,,1,,1,,,CIN7,,NONE,,NONE,NO,fibre; manufacturer,Perfume - Non alcoholic
CONTINUITY,NEW,,,EXT-PB-VLY-LS,Veley Lisse Noir,EXT-PB-VLY-LS,Veley Lisse Noir,CIN7_IMPORT,Paraboot,Paraboot,7,4,HS code; customs desc; fibre; manufacturer,,,1,1,,1,,1,,CIN7,CIN7,,NONE,,NONE,NO,fibre; manufacturer,Men Shoes
CONTINUITY,NEW,,,LIV-KLM-MLKCK,Kalum Milk Check,LIV-KLM-MLKCK,Kalum Milk Check,CIN7_IMPORT,Livid Men,Livid,1,3,customs desc; fibre; manufacturer,,,,1,,1,,1,,,CIN7,,CIN7,,NONE,NO,manufacturer,Men's Shirt - 100% cotton
CONTINUITY,NEW,,,VN-ONLN-12310,Nike Crewneck Sweatshirt (XL),VN-ONLN-12310,Nike Crewneck Sweatshirt (XL),CIN7_IMPORT,Vintage,Vintage,1,3,customs desc; fibre; manufacturer,,,,1,,1,,1,,,CIN7,,NONE,,NONE,NO,fibre; manufacturer,Used Vintage garment
CONTINUITY,NEW,,,VN-ONLN-13580,Carhartt Flannel Shirt (XL),VN-ONLN-13580,Carhartt Flannel Shirt (XL),CIN7_IMPORT,Vintage,Vintage,1,3,customs desc; fibre; manufacturer,,,,1,,1,,1,,,CIN7,,NONE,,NONE,NO,fibre; manufacturer,Used Vintage garment
CONTINUITY,NEW,,,EXT-CMP-KRA-BLK,Kora Black,EXT-CMP-KRA-BLK,Kora Black,CIN7_IMPORT,Camper,Camper,2,3,customs desc; fibre; manufacturer,,,,1,,1,,1,,,CIN7,,NONE,,NONE,NO,fibre; manufacturer,Men Shoes
CONTINUITY,NEW,,,EXT-BP-S902,902 Hazy Spice - 30ml,EXT-BP-S902,902 Hazy Spice - 30ml,CIN7_IMPORT,Bon Parfumeur,Bon Parfumeur,1,3,customs desc; fibre; manufacturer,,,,1,,1,,1,,,CIN7,,NONE,,NONE,NO,fibre; manufacturer,Perfume - Non alcoholic
CONTINUITY,NEW,,1,LIV-INTL-GRN-PNSTRP,Initial Green Candystripe,LIV-INTL-GRN-PNSTRP,Initial Green Candystripe,CIN7_IMPORT,Livid Men,Livid,6,3,customs desc; fibre; manufacturer,,,,1,,1,,1,,,CIN7,,CIN7,,NONE,NO,manufacturer,Men's Shirt - 100% cotton
CONTINUITY,NEW,,,CHIMI-POLY-BRG,Steel Polygon Burgundy,CHIMI-POLY-BRG,Steel Polygon Burgundy,CIN7_IMPORT,Chimi,Chimi,1,3,customs desc; fibre; manufacturer,,,,1,,1,,1,,,CIN7,,NONE,,NONE,NO,fibre; manufacturer,Sunglasses
CONTINUITY,NEW,,,CHIMI-ARI-TTRT,Aria Terra Tortoise,CHIMI-ARI-TTRT,Aria Terra Tortoise,CIN7_IMPORT,Chimi,Chimi,1,3,customs desc; fibre; manufacturer,,,,1,,1,,1,,,CIN7,,NONE,,NONE,NO,fibre; manufacturer,Sunglasses
CONTINUITY,NEW,,,EXT-PR-MCHL-NR,Michael Femme Lisse Noir,EXT-PR-MCHL-NR,Michael Femme Lisse Noir,CIN7_IMPORT,Paraboot,Paraboot,7,3,customs desc; fibre; manufacturer,,,,1,,1,,1,,,CIN7,,NONE,,NONE,NO,fibre; manufacturer,Men Shoes
CONTINUITY,NEW,,,EXT-ICHI-RSM,Rosemary Incense,EXT-ICHI-RSM,Rosemary Incense,CIN7_IMPORT,Ichiko Ichie,Ichiko Ichie,1,3,customs desc; fibre; manufacturer,,,,1,,1,,1,,,CIN7,,NONE,,NONE,NO,fibre; manufacturer,Perfume - Non alcoholic
CONTINUITY,NEW,,,EXT-PST-LMSTK,Lemon Stick,EXT-PST-LMSTK,Lemon Stick,CIN7_IMPORT,På Stell,På Stell,1,4,HS code; customs desc; fibre; manufacturer,,,1,1,,1,,1,,CIN7,CIN7,,NONE,,NONE,NO,fibre; manufacturer,Perfume - Non alcoholic
CONTINUITY,NEW,,,EXT-RT-MRRS-LBR,Merino Lambs Wool Room Socks L.Brown,EXT-RT-MRRS-LBR,Merino Lambs Wool Room Socks L.Brown,CIN7_IMPORT,Rototo,Rototo,1,4,HS code; customs desc; fibre; manufacturer,,,1,1,,1,,1,,CIN7,CIN7,,CIN7,,NONE,NO,manufacturer,Socks - 100% wool
CONTINUITY,NEW,,,LIV-NDL-MUD-STR,Needle Mud Stripe,LIV-NDL-MUD-STR,Needle Mud Stripe,CIN7_IMPORT,Livid Men,Livid,2,4,customs desc; fibre; origin; manufacturer,,,,1,,1,1,1,,,CIN7,,CIN7,CIN7,NONE,NO,manufacturer,Men's T-Shirt - 100% Cotton
CONTINUITY,NEW,,,EXT-ICHI-MGN-OS,Magnolia Incense,EXT-ICHI-MGN-OS,Magnolia Incense,CIN7_IMPORT,Ichiko Ichie,Ichiko Ichie,1,3,customs desc; fibre; manufacturer,,,,1,,1,,1,,,CIN7,,NONE,,NONE,NO,fibre; manufacturer,Perfume - Non alcoholic
CONTINUITY,NEW,,,VN-ONLN-12331,GAP Cable Knit Sweater (XL),VN-ONLN-12331,GAP Cable Knit Sweater (XL),CIN7_IMPORT,Vintage,Vintage,1,3,customs desc; fibre; manufacturer,,,,1,,1,,1,,,CIN7,,NONE,,NONE,NO,fibre; manufacturer,Used Vintage garment
CONTINUITY,NEW,,,VN-ONLN-13249,Silk Resort Shirt (2XL),VN-ONLN-13249,Silk Resort Shirt (2XL),CIN7_IMPORT,Vintage,Vintage,1,3,customs desc; fibre; manufacturer,,,,1,,1,,1,,,CIN7,,NONE,,NONE,NO,fibre; manufacturer,Used Vintage garment
CONTINUITY,NEW,,,VN-ONLN-12506,90's Burberry Womens Wool Blazer (S),VN-ONLN-12506,90's Burberry Womens Wool Blazer (S),CIN7_IMPORT,Vintage,Vintage,1,3,customs desc; fibre; manufacturer,,,,1,,1,,1,,,CIN7,,NONE,,NONE,NO,fibre; manufacturer,Used Vintage garment
CONTINUITY,NEW,,,CHIMI-BRN-03,03 Brown,CHIMI-BRN-03,03 Brown,CIN7_IMPORT,Chimi,Chimi,1,3,customs desc; fibre; manufacturer,,,,1,,1,,1,,,CIN7,,NONE,,NONE,NO,fibre; manufacturer,Sunglasses
CONTINUITY,NEW,,,LIV-KRN-BLCK,Kerin Black,LIV-KRN-BLCK,Kerin Black,CIN7_IMPORT,Livid Femme,Livid,2,3,customs desc; fibre; manufacturer,,,,1,,1,,1,,,CIN7,,CIN7,,NONE,NO,manufacturer,Men's Sweater - Knitted 100% wiil
CONTINUITY,NEW,,,EXT-ABL-LNDR2,Laundry Day - 50ML,EXT-ABL-LNDR2,Laundry Day - 50ML,CIN7_IMPORT,Abel,Abel,1,3,customs desc; fibre; manufacturer,,,,1,,1,,1,,,CIN7,,NONE,,NONE,NO,fibre; manufacturer,Perfume - Non alcoholic
CONTINUITY,NEW,,,LIV-NIK-PEAT-LIN,Nikka Peat Linen,LIV-NIK-PEAT-LIN,Nikka Peat Linen,CIN7_IMPORT,Livid Femme,Livid,4,4,customs desc; fibre; origin; manufacturer,,,,1,,1,1,1,,,CIN7,,CIN7,CIN7,NONE,NO,manufacturer,Men's Shirt - 100% cotton
CONTINUITY,NEW,,,EXT-ABL-DBLS6,Double Scoop - 6ml,EXT-ABL-DBLS6,Double Scoop - 6ml,CIN7_IMPORT,Abel,Abel,1,3,customs desc; fibre; manufacturer,,,,1,,1,,1,,,CIN7,,NONE,,NONE,NO,fibre; manufacturer,Perfume - Non alcoholic
CONTINUITY,NEW,,,EXT-KNT-WB-L500-AMB,Water Bottle 500Ml Amber,EXT-KNT-WB-L500-AMB,Water Bottle 500Ml Amber,CIN7_IMPORT,Kinto,Kinto,1,4,HS code; customs desc; fibre; manufacturer,,,1,1,,1,,1,,NONE,NONE,,NONE,,NONE,NO,HS code; customs desc; fibre; manufacturer,
CONTINUITY,NEW,,,EXT-PB-ORSAYTI,ORSAYTI/GRIFF NOIRE-LIS NOIR INK,EXT-PB-ORSAYTI,ORSAYTI/GRIFF NOIRE-LIS NOIR INK,CIN7_IMPORT,Paraboot,Paraboot,4,3,customs desc; fibre; manufacturer,,,,1,,1,,1,,,CIN7,,NONE,,NONE,NO,fibre; manufacturer,Men Shoes
CONTINUITY,NEW,,,LIV-BON-CHA-FAD,Bondi Charcoal Fadeout,LIV-BON-CHA-FAD,Bondi Charcoal Fadeout,CIN7_IMPORT,Livid Femme,Livid,3,4,customs desc; fibre; origin; manufacturer,,,,1,,1,1,1,,,CIN7,,CIN7,CIN7,NONE,NO,manufacturer,Men's Sweater - 100% cotton
CONTINUITY,NEW,,,EXT-PF-CMPF-7.2G,Campfire 7.2oz Candle - Green Vault,EXT-PF-CMPF-7.2G,Campfire 7.2oz Candle - Green Vault,CIN7_IMPORT,P.F. Candle,P.F. Candle,1,4,HS code; customs desc; fibre; manufacturer,,,1,1,,1,,1,,CIN7,CIN7,,NONE,,NONE,NO,fibre; manufacturer,Scent candles
CONTINUITY,NEW,,,LIV-BCK-WHOX,Buck White Oxford,LIV-BCK-WHOX,Buck White Oxford,CIN7_IMPORT,Livid Femme,Livid,2,3,customs desc; fibre; manufacturer,,,,1,,1,,1,,,CIN7,,CIN7,,NONE,NO,manufacturer,Men's Shirt - 100% cotton
CONTINUITY,NEW,,,EXT-VIN-WXJKT,Unbranded Wax Jacket,EXT-VIN-WXJKT,Unbranded Wax Jacket,CIN7_IMPORT,Vintage,Vintage,1,3,customs desc; fibre; manufacturer,,,,1,,1,,1,,,CIN7,,NONE,,NONE,NO,fibre; manufacturer,Used clothing - Vintage
CONTINUITY,NEW,,,VN-ONLN-10535,Levi's Denim Skirt (W30),VN-ONLN-10535,Levi's Denim Skirt (W30),CIN7_IMPORT,Vintage,Vintage,1,3,customs desc; fibre; manufacturer,,,,1,,1,,1,,,CIN7,,NONE,,NONE,NO,fibre; manufacturer,Used Vintage garment
CONTINUITY,NEW,,,LIV-ARMND-BLCK,Armand Black,LIV-ARMND-BLCK,Armand Black,CIN7_IMPORT,Livid Femme,Livid,3,4,customs desc; fibre; origin; manufacturer,,,,1,,1,1,1,,,CIN7,,CIN7,CIN7,NONE,NO,manufacturer,Women's Dress - 100% cotton
CONTINUITY,NEW,,,VN-ONLN-13398,St. Johns College Rugby Shirt (S),VN-ONLN-13398,St. Johns College Rugby Shirt (S),CIN7_IMPORT,Vintage,Vintage,1,3,customs desc; fibre; manufacturer,,,,1,,1,,1,,,CIN7,,NONE,,NONE,NO,fibre; manufacturer,Used Vintage garment
CONTINUITY,NEW,,,CHIMI,Steel Aviator Green,CHIMI,Steel Aviator Green,CIN7_IMPORT,Chimi,Chimi,2,4,HS code; customs desc; fibre; manufacturer,,,1,1,,1,,1,,CIN7,CIN7,,NONE,,NONE,NO,fibre; manufacturer,Sunglasses
CONTINUITY,NEW,,,VN-ONLN-13254,Jamaica Jaxx Silk Shirt (L),VN-ONLN-13254,Jamaica Jaxx Silk Shirt (L),CIN7_IMPORT,Vintage,Vintage,1,3,customs desc; fibre; manufacturer,,,,1,,1,,1,,,CIN7,,NONE,,NONE,NO,fibre; manufacturer,Used Vintage garment
CONTINUITY,NEW,,,LIV-CRMY-MYSTRS-FLFF,Carmy Mysterioso Fluff,LIV-CRMY-MYSTRS-FLFF,Carmy Mysterioso Fluff,CIN7_IMPORT,Livid Unisex,Livid,3,4,customs desc; fibre; origin; manufacturer,,,,1,,1,1,1,,,CIN7,,CIN7,CIN7,NONE,NO,manufacturer,Men's Sweater - Knitted 100% wiil
CONTINUITY,NEW,,1,LIV-INTL-GRY-OX,Initial Grey Ox,LIV-INTL-GRY-OX,Initial Grey Ox,CIN7_IMPORT,Livid Men,Livid,6,3,customs desc; fibre; manufacturer,,,,1,,1,,1,,,CIN7,,CIN7,,NONE,NO,manufacturer,Men's Shirt - 100% cotton
CONTINUITY,NEW,,,VN-ONLN-13224,Jimmie Johnson #48 Nascar Tee (L),VN-ONLN-13224,Jimmie Johnson #48 Nascar Tee (L),CIN7_IMPORT,Vintage,Vintage,1,3,customs desc; fibre; manufacturer,,,,1,,1,,1,,,CIN7,,NONE,,NONE,NO,fibre; manufacturer,Used Vintage garment
CONTINUITY,NEW,,,VN-ONLN-9400,Y2K Jeff Gordon Looney Toons Nascar Tee (M),VN-ONLN-9400,Y2K Jeff Gordon Looney Toons Nascar Tee (M),CIN7_IMPORT,Vintage,Vintage,1,3,customs desc; fibre; manufacturer,,,,1,,1,,1,,,CIN7,,NONE,,NONE,NO,fibre; manufacturer,Used Vintage garment
CONTINUITY,NEW,,,VN-ONLN-12930,Ermenegildo Zegna Silk Tie (OneSize),VN-ONLN-12930,Ermenegildo Zegna Silk Tie (OneSize),CIN7_IMPORT,Vintage,Vintage,1,3,customs desc; fibre; manufacturer,,,,1,,1,,1,,,CIN7,,NONE,,NONE,NO,fibre; manufacturer,Used Vintage garment
CONTINUITY,NEW,,,EXT-VN-PRBL-SHSLV,Print Blouse Short Sleeve,EXT-VN-PRBL-SHSLV,Print Blouse Short Sleeve,CIN7_IMPORT,Vintage,Vintage,1,5,HS code; customs desc; fibre; origin; manufacturer,,,1,1,,1,1,1,,CIN7,CIN7,,NONE,CIN7,NONE,NO,fibre; manufacturer,Used clothing - Vintage
CONTINUITY,NEW,,,EXT-VN-TCHJK,Tech Jacket,EXT-VN-TCHJK,Tech Jacket,CIN7_IMPORT,Vintage,Vintage,1,3,customs desc; fibre; manufacturer,,,,1,,1,,1,,,CIN7,,NONE,,NONE,NO,fibre; manufacturer,Used clothing - Vintage
CONTINUITY,NEW,,,LIV-SIR-JAP-KBLU,Siren Japan Kobe Blue,LIV-SIR-JAP-KBLU,Siren Japan Kobe Blue,CIN7_IMPORT,Livid Femme,Livid,20,3,customs desc; fibre; manufacturer,,,,1,,1,,1,,,CIN7,,CIN7,,NONE,NO,manufacturer,Men's jeans - 100% cotton
CONTINUITY,NEW,,,LIV-KERI-LIN-JAVA,Keri Linen Java,LIV-KERI-LIN-JAVA,Keri Linen Java,CIN7_IMPORT,Livid Femme,Livid,11,3,customs desc; fibre; manufacturer,,,,1,,1,,1,,,CIN7,,CIN7,,NONE,NO,manufacturer,Men's trouser - 100% cotton
CONTINUITY,NEW,,,LIV-HYD-T-WHT,Hyde Tee White,LIV-HYD-T-WHT,Hyde Tee White,CIN7_IMPORT,Livid Femme,Livid,5,3,customs desc; fibre; manufacturer,,,,1,,1,,1,,,CIN7,,CIN7,,NONE,NO,manufacturer,Men's T-Shirt - 100% Cotton
CONTINUITY,NEW,,,EXT-RW-3343,3343 Blacksmith Copper Rough,EXT-RW-3343,3343 Blacksmith Copper Rough,CIN7_IMPORT,Red Wing,Red Wing,1,4,HS code; customs desc; fibre; manufacturer,,,1,1,,1,,1,,CIN7,CIN7,,NONE,,NONE,NO,fibre; manufacturer,Men Shoes
CONTINUITY,NEW,,,LIV-FOR-BLK,Forte Black,LIV-FOR-BLK,Forte Black,CIN7_IMPORT,Livid Femme,Livid,5,4,customs desc; fibre; origin; manufacturer,,,,1,,1,1,1,,,CIN7,,CIN7,CIN7,NONE,NO,manufacturer,Men's Sweater - 100% cotton
CONTINUITY,NEW,,1,LIV-TT-BLCK,Tate Black,LIV-TT-BLCK,Tate Black,CIN7_IMPORT,Livid Men,Livid,4,3,customs desc; fibre; manufacturer,,,,1,,1,,1,,,CIN7,,CIN7,,NONE,NO,manufacturer,Men's Sweater - Knitted 100% wiil
CONTINUITY,NEW,,,LIV-RUS-ALO-SLK,Russ Aloe Noil Silk,LIV-RUS-ALO-SLK,Russ Aloe Noil Silk,CIN7_IMPORT,Livid Men,Livid,4,4,customs desc; fibre; origin; manufacturer,,,,1,,1,1,1,,,CIN7,,CIN7,CIN7,NONE,NO,manufacturer,Men's Shirt - 100% cotton
CONTINUITY,NEW,,,VN-ONLN-9295,90's Rugrats tee (M),VN-ONLN-9295,90's Rugrats tee (M),CIN7_IMPORT,Vintage,Vintage,1,3,customs desc; fibre; manufacturer,,,,1,,1,,1,,,CIN7,,NONE,,NONE,NO,fibre; manufacturer,Used Vintage garment
CONTINUITY,NEW,,,EXT-VN-DNGRSHRT,Dungaree short,EXT-VN-DNGRSHRT,Dungaree short,CIN7_IMPORT,Vintage,Vintage,1,3,customs desc; fibre; manufacturer,,,,1,,1,,1,,,CIN7,,NONE,,NONE,NO,fibre; manufacturer,Used clothing - Vintage
CONTINUITY,NEW,,,VN-ONLN-13600,1990 Rickie Lee Jones Tour Tee (4XL),VN-ONLN-13600,1990 Rickie Lee Jones Tour Tee (4XL),CIN7_IMPORT,Vintage,Vintage,1,3,customs desc; fibre; manufacturer,,,,1,,1,,1,,,CIN7,,NONE,,NONE,NO,fibre; manufacturer,Used Vintage garment
CONTINUITY,NEW,,,CHIMI-TTPL-GR,Titan Polygon Dark Grey,CHIMI-TTPL-GR,Titan Polygon Dark Grey,CIN7_IMPORT,Chimi,Chimi,1,3,customs desc; fibre; manufacturer,,,,1,,1,,1,,,CIN7,,NONE,,NONE,NO,fibre; manufacturer,Sunglasses
CONTINUITY,NEW,,1,LIV-K-JPN-BLCK,Kai Japan Black,LIV-K-JPN-BLCK,Kai Japan Black,CIN7_IMPORT,Livid Men,Livid,15,3,customs desc; fibre; manufacturer,,,,1,,1,,1,,,CIN7,,CIN7,,NONE,NO,manufacturer,Men's jeans - 100% cotton
CONTINUITY,NEW,,,EXT-VN-BRDUN,Branded Dungarees,EXT-VN-BRDUN,Branded Dungarees,CIN7_IMPORT,Vintage,Vintage,1,3,customs desc; fibre; manufacturer,,,,1,,1,,1,,,CIN7,,NONE,,NONE,NO,fibre; manufacturer,Used clothing - Vintage
CONTINUITY,NEW,,,CHIMI-BLK-013,01.3 Black,CHIMI-BLK-013,01.3 Black,CIN7_IMPORT,Chimi,Chimi,1,3,customs desc; fibre; manufacturer,,,,1,,1,,1,,,CIN7,,NONE,,NONE,NO,fibre; manufacturer,Sunglasses
CONTINUITY,NEW,,,LIV-SRN-JPN-BLCK-DSK,Siren Japan Black Dusk,LIV-SRN-JPN-BLCK-DSK,Siren Japan Black Dusk,CIN7_IMPORT,Livid Femme,Livid,20,3,customs desc; fibre; manufacturer,,,,1,,1,,1,,,CIN7,,CIN7,,NONE,NO,manufacturer,Men's jeans - 100% cotton
CONTINUITY,NEW,,,LIV-NAR-SMO,Nara Smoke,LIV-NAR-SMO,Nara Smoke,CIN7_IMPORT,Livid Femme,Livid,5,4,customs desc; fibre; origin; manufacturer,,,,1,,1,1,1,,,CIN7,,CIN7,CIN7,NONE,NO,manufacturer,Men's Sweater - 100% cotton
CONTINUITY,NEW,,,VN-ONLN-9200,90's Disney Denim Shirt (S),VN-ONLN-9200,90's Disney Denim Shirt (S),CIN7_IMPORT,Vintage,Vintage,1,3,customs desc; fibre; manufacturer,,,,1,,1,,1,,,CIN7,,NONE,,NONE,NO,fibre; manufacturer,Used Vintage garment
CONTINUITY,NEW,,,VN-ONLN-11569,L.L. Bean Shirt (L),VN-ONLN-11569,L.L. Bean Shirt (L),CIN7_IMPORT,Vintage,Vintage,1,3,customs desc; fibre; manufacturer,,,,1,,1,,1,,,CIN7,,NONE,,NONE,NO,fibre; manufacturer,Used Vintage garment
CONTINUITY,NEW,,,VN-ONLN-13518,Champion Tee (XL),VN-ONLN-13518,Champion Tee (XL),CIN7_IMPORT,Vintage,Vintage,1,3,customs desc; fibre; manufacturer,,,,1,,1,,1,,,CIN7,,NONE,,NONE,NO,fibre; manufacturer,Used Vintage garment
CONTINUITY,NEW,,,VN-ONLN-10916,Diesel Lawine Denim Skirt (W28),VN-ONLN-10916,Diesel Lawine Denim Skirt (W28),CIN7_IMPORT,Vintage,Vintage,1,3,customs desc; fibre; manufacturer,,,,1,,1,,1,,,CIN7,,NONE,,NONE,NO,fibre; manufacturer,Used Vintage garment
CONTINUITY,NEW,,,EXT-BP-S901,901 Soir Tonka - 30ml,EXT-BP-S901,901 Soir Tonka - 30ml,CIN7_IMPORT,Bon Parfumeur,Bon Parfumeur,1,3,customs desc; fibre; manufacturer,,,,1,,1,,1,,,CIN7,,NONE,,NONE,NO,fibre; manufacturer,Perfume - Non alcoholic
CONTINUITY,NEW,,,EXT-RW-2949,2952 Roughneck Oil Slick Black,EXT-RW-2949,2952 Roughneck Oil Slick Black,CIN7_IMPORT,Red Wing,Red Wing,6,3,customs desc; fibre; manufacturer,,,,1,,1,,1,,,CIN7,,NONE,,NONE,NO,fibre; manufacturer,Men Shoes
CONTINUITY,NEW,,,CHIMI-BLK-112,11.2 Black,CHIMI-BLK-112,11.2 Black,CIN7_IMPORT,Chimi,Chimi,1,3,customs desc; fibre; manufacturer,,,,1,,1,,1,,,CIN7,,NONE,,NONE,NO,fibre; manufacturer,Sunglasses
CONTINUITY,NEW,,,LIV-COT-WHT,Coty White,LIV-COT-WHT,Coty White,CIN7_IMPORT,Livid Femme,Livid,4,4,customs desc; fibre; origin; manufacturer,,,,1,,1,1,1,,,CIN7,,CIN7,CIN7,NONE,NO,manufacturer,Men's Sweater - 100% cotton
CONTINUITY,NEW,,,LIV-SIR-JAP-OPT,Siren Japan Optic,LIV-SIR-JAP-OPT,Siren Japan Optic,CIN7_IMPORT,Livid Femme,Livid,14,3,customs desc; fibre; manufacturer,,,,1,,1,,1,,,CIN7,,CIN7,,NONE,NO,manufacturer,Men's jeans - 100% cotton
CONTINUITY,NEW,,,LIV-KR-WD-JPN-MRBL,Keri Wide Japan Marble,LIV-KR-WD-JPN-MRBL,Keri Wide Japan Marble,CIN7_IMPORT,Livid Unisex,Livid,10,3,customs desc; fibre; manufacturer,,,,1,,1,,1,,,CIN7,,CIN7,,NONE,NO,manufacturer,Men's jeans - 100% cotton
CONTINUITY,NEW,,,LIV-TIM-GRY-BND,Tim Black Check Bonded,LIV-TIM-GRY-BND,Tim Black Check Bonded,CIN7_IMPORT,Livid Unisex,Livid,4,3,customs desc; fibre; manufacturer,,,,1,,1,,1,,,CIN7,,CIN7,,NONE,NO,manufacturer,Men's Shirt - 100% cotton
CONTINUITY,NEW,,,EXT-MZ-WVLS-BLK,WAVE PROPHECY LS Black/Black/Black,EXT-MZ-WVLS-BLK,WAVE PROPHECY LS Black/Black/Black,CIN7_IMPORT,Mizuno,Mizuno,9,5,HS code; customs desc; weight; fibre; manufacturer,,,1,1,1,1,,1,,NONE,NONE,NONE,NONE,,NONE,NO,HS code; customs desc; weight; fibre; manufacturer,
CONTINUITY,NEW,,,VN-ONLN-10452,American Runner Sweatsshirt (XL) (XL),VN-ONLN-10452,American Runner Sweatsshirt (XL) (XL),CIN7_IMPORT,Vintage,Vintage,1,3,customs desc; fibre; manufacturer,,,,1,,1,,1,,,CIN7,,NONE,,NONE,NO,fibre; manufacturer,Used Vintage garment
CONTINUITY,NEW,,,EXT-SP-SPLO,Sport Loisir Outdoor - Neutral,EXT-SP-SPLO,Sport Loisir Outdoor - Neutral,CIN7_IMPORT,Saphir,Saphir,1,5,HS code; customs desc; fibre; origin; manufacturer,,,1,1,,1,1,1,,CIN7,CIN7,,NONE,NONE,NONE,NO,fibre; origin; manufacturer,Shoe cream
CONTINUITY,NEW,,,VN-ONLN-11066,Polo by Ralph Lauren Shirt (L),VN-ONLN-11066,Polo by Ralph Lauren Shirt (L),CIN7_IMPORT,Vintage,Vintage,1,3,customs desc; fibre; manufacturer,,,,1,,1,,1,,,CIN7,,NONE,,NONE,NO,fibre; manufacturer,Used Vintage garment
CONTINUITY,NEW,,,VN-ONLN-13484,Silk Resort Shirt (M),VN-ONLN-13484,Silk Resort Shirt (M),CIN7_IMPORT,Vintage,Vintage,1,3,customs desc; fibre; manufacturer,,,,1,,1,,1,,,CIN7,,NONE,,NONE,NO,fibre; manufacturer,Used Vintage garment
CONTINUITY,NEW,,,VN-ONLN-9467,Softball hoodie (M),VN-ONLN-9467,Softball hoodie (M),CIN7_IMPORT,Vintage,Vintage,1,3,customs desc; fibre; manufacturer,,,,1,,1,,1,,,CIN7,,NONE,,NONE,NO,fibre; manufacturer,Used Vintage garment
CONTINUITY,NEW,,,EXT-ICHI-MNT,Mint Incense,EXT-ICHI-MNT,Mint Incense,CIN7_IMPORT,Ichiko Ichie,Ichiko Ichie,1,3,customs desc; fibre; manufacturer,,,,1,,1,,1,,,CIN7,,NONE,,NONE,NO,fibre; manufacturer,Perfume - Non alcoholic
CONTINUITY,NEW,,,LIV-V-WHT,Eva White,LIV-V-WHT,Eva White,CIN7_IMPORT,Livid Femme,Livid,5,3,customs desc; fibre; manufacturer,,,,1,,1,,1,,,CIN7,,CIN7,,NONE,NO,manufacturer,Men's T-Shirt - 100% Cotton
CONTINUITY,NEW,,,LIV-BLY-JPN-BLCK,Bailey Japan Black,LIV-BLY-JPN-BLCK,Bailey Japan Black,CIN7_IMPORT,Livid Men,Livid,7,3,customs desc; fibre; manufacturer,,,,1,,1,,1,,,CIN7,,CIN7,,NONE,NO,manufacturer,Men's jeans - 100% cotton
CONTINUITY,NEW,,1,LIV-INTL-CLST-PNSTRP-OX,Initial Celeste Candystripe Ox,LIV-INTL-CLST-PNSTRP-OX,Initial Celeste Candystripe Ox,CIN7_IMPORT,Livid Men,Livid,6,3,customs desc; fibre; manufacturer,,,,1,,1,,1,,,CIN7,,CIN7,,NONE,NO,manufacturer,Men's Shirt - 100% cotton
CONTINUITY,NEW,,,VN-ONLN-9527,90's cable knit sweater (L),VN-ONLN-9527,90's cable knit sweater (L),CIN7_IMPORT,Vintage,Vintage,1,3,customs desc; fibre; manufacturer,,,,1,,1,,1,,,CIN7,,NONE,,NONE,NO,fibre; manufacturer,Used Vintage garment
CONTINUITY,NEW,,,VN-OFFSKT,Office Skirt,VN-OFFSKT,Office Skirt,CIN7_IMPORT,Vintage,Vintage,1,5,HS code; customs desc; fibre; origin; manufacturer,,,1,1,,1,1,1,,CIN7,CIN7,,NONE,CIN7,NONE,NO,fibre; manufacturer,Used clothing - Vintage
CONTINUITY,NEW,,,EXT-NRD-001A-SRPM,Norda 001A M Serpentine,EXT-NRD-001A-SRPM,Norda 001A M Serpentine,CIN7_IMPORT,Norda,Norda,7,3,customs desc; fibre; manufacturer,,,,1,,1,,1,,,CIN7,,NONE,,NONE,NO,fibre; manufacturer,Men Shoes
CONTINUITY,NEW,,,EXT-PNT-W796CRM,Rose Cream Merino,EXT-PNT-W796CRM,Rose Cream Merino,CIN7_IMPORT,Pantherella,Pantherella,1,3,customs desc; fibre; manufacturer,,,,1,,1,,1,,,CIN7,,CIN7,,NONE,NO,manufacturer,Socks - 100% wool
CONTINUITY,NEW,,,EXT-VN-LVSN-BK,"Levis Black, L (34-36)",EXT-VN-LVSN-BK,"Levis Black, L (34-36)",CIN7_IMPORT,Vintage,Vintage,4,3,customs desc; fibre; manufacturer,,,,1,,1,,1,,,CIN7,,NONE,,NONE,NO,fibre; manufacturer,Used clothing - Vintage
CONTINUITY,NEW,,,EXT-VN-NW-SLK,SILK SHIRT LONG SLEEVE,EXT-VN-NW-SLK,SILK SHIRT LONG SLEEVE,CIN7_IMPORT,Vintage,Vintage,6,5,HS code; customs desc; fibre; origin; manufacturer,,,1,1,,1,1,1,,CIN7,CIN7,,CIN7,NONE,NONE,NO,origin; manufacturer,Men's Shirt - 100% cotton
CONTINUITY,NEW,,,EXT-WDHB-INCN,Wild Herb Tonic Incense,EXT-WDHB-INCN,Wild Herb Tonic Incense,CIN7_IMPORT,P.F. Candle,P.F. Candle,1,3,customs desc; fibre; manufacturer,,,,1,,1,,1,,,CIN7,,NONE,,NONE,NO,fibre; manufacturer,Scent candles
CONTINUITY,NEW,,,CHIMI-TRT-083,08.3 Tortoise,CHIMI-TRT-083,08.3 Tortoise,CIN7_IMPORT,Chimi,Chimi,1,3,customs desc; fibre; manufacturer,,,,1,,1,,1,,,CIN7,,NONE,,NONE,NO,fibre; manufacturer,Sunglasses
CONTINUITY,NEW,,,LIV,Pickuo,LIV,Pickuo,CIN7_IMPORT,Livid,Livid,3,7,price; HS code; customs desc; weight; fibre; origin; manufacturer,,1,1,1,1,1,1,1,NONE,NONE,NONE,NONE,NONE,NONE,NONE,NO,price; HS code; customs desc; weight; fibre; origin; manufacturer,
CONTINUITY,NEW,,,EXT-RTTO-VRTCL-STRP-SCKS-BL,Vertical Stripe Socks Blue,EXT-RTTO-VRTCL-STRP-SCKS-BL,Vertical Stripe Socks Blue,CIN7_IMPORT,Rototo,Rototo,2,3,customs desc; fibre; manufacturer,,,,1,,1,,1,,,CIN7,,CIN7,,NONE,NO,manufacturer,Socks - 100% wool
CONTINUITY,NEW,,,EXT-NOV-SMBGE,Star Master Beige / Transparent,EXT-NOV-SMBGE,Star Master Beige / Transparent,CIN7_IMPORT,Novesta,Novesta,3,3,customs desc; fibre; manufacturer,,,,1,,1,,1,,,CIN7,,NONE,,NONE,NO,fibre; manufacturer,Men Shoes
CONTINUITY,NEW,,,EXT-KEEN-UNK-BLDB,Uneek Ballad Blue,EXT-KEEN-UNK-BLDB,Uneek Ballad Blue,CIN7_IMPORT,Keen,Keen,6,4,customs desc; fibre; origin; manufacturer,,,,1,,1,1,1,,,CIN7,,NONE,CIN7,NONE,NO,fibre; manufacturer,Men Shoes
CONTINUITY,NEW,,,LIV-KN-CLST-PP,Tim Celeste Pop,LIV-KN-CLST-PP,Tim Celeste Pop,CIN7_IMPORT,Livid Unisex,Livid,3,4,customs desc; fibre; origin; manufacturer,,,,1,,1,1,1,,,CIN7,,CIN7,CIN7,NONE,NO,manufacturer,Men's Shirt - 100% cotton
CONTINUITY,NEW,,,EXT-ICHI-WTRL,Water Lily Incense,EXT-ICHI-WTRL,Water Lily Incense,CIN7_IMPORT,Ichiko Ichie,Ichiko Ichie,1,3,customs desc; fibre; manufacturer,,,,1,,1,,1,,,CIN7,,NONE,,NONE,NO,fibre; manufacturer,Perfume - Non alcoholic
CONTINUITY,NEW,,,LIV-BUR-BLK-VOI,Burley Japan Black Void,LIV-BUR-BLK-VOI,Burley Japan Black Void,CIN7_IMPORT,Livid Men,Livid,15,3,customs desc; fibre; manufacturer,,,,1,,1,,1,,,CIN7,,CIN7,,NONE,NO,manufacturer,Men's jeans - 100% cotton
CONTINUITY,NEW,,,LIV-JLL-JPN-BLCK,Joelle Japan Black,LIV-JLL-JPN-BLCK,Joelle Japan Black,CIN7_IMPORT,Livid Femme,Livid,19,3,customs desc; fibre; manufacturer,,,,1,,1,,1,,,CIN7,,CIN7,,NONE,NO,manufacturer,Men's jeans - 100% cotton
CONTINUITY,NEW,,,LIV-JLL-JPN-DWN,Joelle Japan Dawn,LIV-JLL-JPN-DWN,Joelle Japan Dawn,CIN7_IMPORT,Livid Femme,Livid,16,3,customs desc; fibre; manufacturer,,,,1,,1,,1,,,CIN7,,CIN7,,NONE,NO,manufacturer,Men's jeans - 100% cotton
CONTINUITY,NEW,,,CHIMI-BLK-11,11 Black,CHIMI-BLK-11,11 Black,CIN7_IMPORT,Chimi,Chimi,1,4,HS code; customs desc; fibre; manufacturer,,,1,1,,1,,1,,CIN7,CIN7,,NONE,,NONE,NO,fibre; manufacturer,Sunglasses
CONTINUITY,NEW,,,VN-ONLN-12634,US Navy Crewneck (L),VN-ONLN-12634,US Navy Crewneck (L),CIN7_IMPORT,Vintage,Vintage,1,3,customs desc; fibre; manufacturer,,,,1,,1,,1,,,CIN7,,NONE,,NONE,NO,fibre; manufacturer,Used Vintage garment
CONTINUITY,NEW,,,EXT-HB-STFK,Seto tray Flower Kiseto,EXT-HB-STFK,Seto tray Flower Kiseto,CIN7_IMPORT,Hibi,Hibi,1,3,customs desc; fibre; manufacturer,,,,1,,1,,1,,,CIN7,,NONE,,NONE,NO,fibre; manufacturer,Aggerbatti
CONTINUITY,NEW,,,EXT-BP-S004,004 Gin Cologne - 30ml,EXT-BP-S004,004 Gin Cologne - 30ml,CIN7_IMPORT,Bon Parfumeur,Bon Parfumeur,1,3,customs desc; fibre; manufacturer,,,,1,,1,,1,,,CIN7,,NONE,,NONE,NO,fibre; manufacturer,Perfume - Non alcoholic
CONTINUITY,NEW,,,EXT-PB-MCH-FM-CF,Michael (Femme) Lisse Cafe,EXT-PB-MCH-FM-CF,Michael (Femme) Lisse Cafe,CIN7_IMPORT,Paraboot,Paraboot,2,3,customs desc; fibre; manufacturer,,,,1,,1,,1,,,CIN7,,NONE,,NONE,NO,fibre; manufacturer,Men Shoes
CONTINUITY,NEW,,,LIV-TUR-KHKI,Turnip Khaki,LIV-TUR-KHKI,Turnip Khaki,CIN7_IMPORT,Livid Femme,Livid,5,4,customs desc; fibre; origin; manufacturer,,,,1,,1,1,1,,,CIN7,,CIN7,CIN7,NONE,NO,manufacturer,Men's Shirt - 100% cotton
CONTINUITY,NEW,,,LIV-MK-JPN-GRVL,Maiko Japan Gravel,LIV-MK-JPN-GRVL,Maiko Japan Gravel,CIN7_IMPORT,Livid Femme,Livid,5,4,customs desc; fibre; origin; manufacturer,,,,1,,1,1,1,,,CIN7,,CIN7,CIN7,NONE,NO,manufacturer,Men's Shirt - 100% cotton
CONTINUITY,NEW,,,EXT-CMPLB-78SL-BLK,1978 Saddle Loafer Black,EXT-CMPLB-78SL-BLK,1978 Saddle Loafer Black,CIN7_IMPORT,Camperlab,Camperlab,9,3,customs desc; fibre; manufacturer,,,,1,,1,,1,,,CIN7,,NONE,,NONE,NO,fibre; manufacturer,Men Shoes
CONTINUITY,NEW,,,EXT-FRM-Con-375ml,Apothecary Conditioner-375ml,EXT-FRM-Con-375ml,Apothecary Conditioner-375ml,CIN7_IMPORT,Frama,Frama,1,4,HS code; customs desc; fibre; manufacturer,,,1,1,,1,,1,,CIN7,CIN7,,NONE,,NONE,NO,fibre; manufacturer,Perfume - Non alcoholic
CONTINUITY,NEW,,,EXT-CMPLB-VMSDZP-BLK,Vamonos Side-Zip Black,EXT-CMPLB-VMSDZP-BLK,Vamonos Side-Zip Black,CIN7_IMPORT,Camperlab,Camperlab,6,3,customs desc; fibre; manufacturer,,,,1,,1,,1,,,CIN7,,NONE,,NONE,NO,fibre; manufacturer,Men Shoes
CONTINUITY,NEW,,,EXT-ICHI-SWD-OS,Sandalwood Incense,EXT-ICHI-SWD-OS,Sandalwood Incense,CIN7_IMPORT,Ichiko Ichie,Ichiko Ichie,1,3,customs desc; fibre; manufacturer,,,,1,,1,,1,,,CIN7,,NONE,,NONE,NO,fibre; manufacturer,Perfume - Non alcoholic
CONTINUITY,NEW,,,EXT-FRM,Apothecary Hand Wash,EXT-FRM,Apothecary Hand Wash,CIN7_IMPORT,Frama,Frama,4,4,HS code; customs desc; fibre; manufacturer,,,1,1,,1,,1,,CIN7,CIN7,,NONE,,NONE,NO,fibre; manufacturer,Perfume - Non alcoholic
CONTINUITY,NEW,,,VN-ONLN-10260,Tommy Hilfiger shirt (L),VN-ONLN-10260,Tommy Hilfiger shirt (L),CIN7_IMPORT,Vintage,Vintage,1,3,customs desc; fibre; manufacturer,,,,1,,1,,1,,,CIN7,,NONE,,NONE,NO,fibre; manufacturer,Used Vintage garment
CONTINUITY,NEW,,,VN-ONLN-12386,Heavyweight Leather Car Coat (XL),VN-ONLN-12386,Heavyweight Leather Car Coat (XL),CIN7_IMPORT,Vintage,Vintage,1,3,customs desc; fibre; manufacturer,,,,1,,1,,1,,,CIN7,,NONE,,NONE,NO,fibre; manufacturer,Used Vintage garment
CONTINUITY,NEW,,,VN-ONLN-11148,Silk Resort Shirt (M),VN-ONLN-11148,Silk Resort Shirt (M),CIN7_IMPORT,Vintage,Vintage,1,3,customs desc; fibre; manufacturer,,,,1,,1,,1,,,CIN7,,NONE,,NONE,NO,fibre; manufacturer,Used Vintage garment
CONTINUITY,NEW,,,EXT-VN,Oxford Shirt,EXT-VN,Oxford Shirt,CIN7_IMPORT,Vintage,Vintage,19,5,HS code; customs desc; fibre; origin; manufacturer,,,1,1,,1,1,1,,CIN7,CIN7,,CIN7,NONE,NONE,NO,origin; manufacturer,Men's Shirt - 100% cotton
CONTINUITY,NEW,,,EXT-VN-LVSN-BL,"Levis Blue, M (31-33)",EXT-VN-LVSN-BL,"Levis Blue, M (31-33)",CIN7_IMPORT,Vintage,Vintage,4,3,customs desc; fibre; manufacturer,,,,1,,1,,1,,,CIN7,,NONE,,NONE,NO,fibre; manufacturer,Used clothing - Vintage
CONTINUITY,NEW,,,EXT-VN-FRWJK,French Worker Jacket,EXT-VN-FRWJK,French Worker Jacket,CIN7_IMPORT,Vintage,Vintage,1,5,HS code; customs desc; fibre; origin; manufacturer,,,1,1,,1,1,1,,CIN7,CIN7,,NONE,CIN7,NONE,NO,fibre; manufacturer,Used clothing - Vintage
CONTINUITY,NEW,,,EXT-VN-CFERC,Leather Cafe Racer,EXT-VN-CFERC,Leather Cafe Racer,CIN7_IMPORT,Vintage,Vintage,1,3,customs desc; fibre; manufacturer,,,,1,,1,,1,,,CIN7,,NONE,,NONE,NO,fibre; manufacturer,Used clothing - Vintage
CONTINUITY,NEW,,,LIV-ANN-JPN-BLCK,Ann Japan Black,LIV-ANN-JPN-BLCK,Ann Japan Black,CIN7_IMPORT,Livid Femme,Livid,15,3,customs desc; fibre; manufacturer,,,,1,,1,,1,,,CIN7,,CIN7,,NONE,NO,manufacturer,Men's jeans - 100% cotton
CONTINUITY,NEW,,,LIV-FY-JPN-SHDW,Faye Japan Shadow,LIV-FY-JPN-SHDW,Faye Japan Shadow,CIN7_IMPORT,Livid Femme,Livid,11,3,customs desc; fibre; manufacturer,,,,1,,1,,1,,,CIN7,,CIN7,,NONE,NO,manufacturer,Men's jeans - 100% cotton
CONTINUITY,NEW,,1,LIV-HNRY-GRPHT-TWLL,Henrey Graphite Twill,LIV-HNRY-GRPHT-TWLL,Henrey Graphite Twill,CIN7_IMPORT,Livid Men,Livid,4,4,customs desc; fibre; origin; manufacturer,,,,1,,1,1,1,,,CIN7,,CIN7,CIN7,NONE,NO,manufacturer,Men's Shirt - 100% cotton
CONTINUITY,NEW,,,VN-ONLN-13534,Silverwood Theme Park Quarter Zip (S),VN-ONLN-13534,Silverwood Theme Park Quarter Zip (S),CIN7_IMPORT,Vintage,Vintage,1,3,customs desc; fibre; manufacturer,,,,1,,1,,1,,,CIN7,,NONE,,NONE,NO,fibre; manufacturer,Used Vintage garment
CONTINUITY,NEW,,,VN-ONLN-9676,90's German cotton multiknit (M),VN-ONLN-9676,90's German cotton multiknit (M),CIN7_IMPORT,Vintage,Vintage,1,3,customs desc; fibre; manufacturer,,,,1,,1,,1,,,CIN7,,NONE,,NONE,NO,fibre; manufacturer,Used Vintage garment
CONTINUITY,NEW,,,LIV-KEE-GRN-SER,Keen Green Seersucker,LIV-KEE-GRN-SER,Keen Green Seersucker,CIN7_IMPORT,Livid Men,Livid,3,4,customs desc; fibre; origin; manufacturer,,,,1,,1,1,1,,,CIN7,,CIN7,CIN7,NONE,NO,manufacturer,Men's Shirt - 100% cotton
CONTINUITY,NEW,,,CHIMI-TRT-103,10.3 Tortoise,CHIMI-TRT-103,10.3 Tortoise,CIN7_IMPORT,Chimi,Chimi,1,3,customs desc; fibre; manufacturer,,,,1,,1,,1,,,CIN7,,NONE,,NONE,NO,fibre; manufacturer,Sunglasses
CONTINUITY,NEW,,,EXT-NOV-GAT-BRW,GAT Brown Leather,EXT-NOV-GAT-BRW,GAT Brown Leather,CIN7_IMPORT,Novesta,Novesta,5,3,customs desc; fibre; manufacturer,,,,1,,1,,1,,,CIN7,,NONE,,NONE,NO,fibre; manufacturer,Men Shoes
CONTINUITY,NEW,,,EXT-NOV-GAT-CRS,German Army Trainer Caramel Suede,EXT-NOV-GAT-CRS,German Army Trainer Caramel Suede,CIN7_IMPORT,Novesta,Novesta,4,4,customs desc; fibre; origin; manufacturer,,,,1,,1,1,1,,,CIN7,,NONE,CIN7,NONE,NO,fibre; manufacturer,Men Shoes
CONTINUITY,NEW,,,EXT-CMPLB-78DRB-BLK,1978 Derby Black,EXT-CMPLB-78DRB-BLK,1978 Derby Black,CIN7_IMPORT,Camperlab,Camperlab,4,3,customs desc; fibre; manufacturer,,,,1,,1,,1,,,CIN7,,NONE,,NONE,NO,fibre; manufacturer,Men Shoes
CONTINUITY,NEW,,,EXT-CMP-CMMJ-BLK,Casi Myra Mary Jane Black,EXT-CMP-CMMJ-BLK,Casi Myra Mary Jane Black,CIN7_IMPORT,Camper,Camper,3,3,customs desc; fibre; manufacturer,,,,1,,1,,1,,,CIN7,,NONE,,NONE,NO,fibre; manufacturer,Men Shoes
CONTINUITY,NEW,,,LIV-KN-JP-BKNL-S,Keen Raw Black Noil Silk,LIV-KN-JP-BKNL-S,Keen Raw Black Noil Silk,CIN7_IMPORT,Livid Men,Livid,5,3,customs desc; fibre; manufacturer,,,,1,,1,,1,,,CIN7,,CIN7,,NONE,NO,manufacturer,Men's Shirt - 100% Silk
CONTINUITY,NEW,,,EXT-ABL-DBLS50,Double Scoop - 50ml,EXT-ABL-DBLS50,Double Scoop - 50ml,CIN7_IMPORT,Abel,Abel,1,3,customs desc; fibre; manufacturer,,,,1,,1,,1,,,CIN7,,NONE,,NONE,NO,fibre; manufacturer,Perfume - Non alcoholic
CONTINUITY,NEW,,,LIV-ABY-WH,Abby White,LIV-ABY-WH,Abby White,CIN7_IMPORT,Livid Femme,Livid,5,3,customs desc; fibre; manufacturer,,,,1,,1,,1,,,CIN7,,CIN7,,NONE,NO,manufacturer,Men's T-Shirt - 100% Cotton
CONTINUITY,NEW,,,LIV-TCN-WHT,Toucan White,LIV-TCN-WHT,Toucan White,CIN7_IMPORT,Livid Femme,Livid,5,3,customs desc; fibre; manufacturer,,,,1,,1,,1,,,CIN7,,CIN7,,NONE,NO,manufacturer,Men's Sweater - 100% cotton
CONTINUITY,NEW,,,LIV-TK-SLK-BLCK,Tiki Silk Black,LIV-TK-SLK-BLCK,Tiki Silk Black,CIN7_IMPORT,Livid Femme,Livid,4,4,customs desc; fibre; origin; manufacturer,,,,1,,1,1,1,,,CIN7,,CIN7,CIN7,NONE,NO,manufacturer,Men's Shirt - 100% cotton
CONTINUITY,NEW,,,LIV-ELL-JPN-INDG,Ella Japan Indigo,LIV-ELL-JPN-INDG,Ella Japan Indigo,CIN7_IMPORT,Livid Femme,Livid,15,3,customs desc; fibre; manufacturer,,,,1,,1,,1,,,CIN7,,CIN7,,NONE,NO,manufacturer,Men's jeans - 100% cotton
CONTINUITY,NEW,,,LIV-HUF-BLK-WOL,Huff Black Wool,LIV-HUF-BLK-WOL,Huff Black Wool,CIN7_IMPORT,Livid Men,Livid,5,4,customs desc; fibre; origin; manufacturer,,,,1,,1,1,1,,,CIN7,,CIN7,CIN7,NONE,NO,manufacturer,Men's Shirt - 100% cotton
CONTINUITY,NEW,,,VN-ONLN-10376,80's U of Iditarod Sweat (L),VN-ONLN-10376,80's U of Iditarod Sweat (L),CIN7_IMPORT,Vintage,Vintage,1,3,customs desc; fibre; manufacturer,,,,1,,1,,1,,,CIN7,,NONE,,NONE,NO,fibre; manufacturer,Used Vintage garment
CONTINUITY,NEW,,,VN-ONLN-12523,90's Burberry Pique Polo (XL),VN-ONLN-12523,90's Burberry Pique Polo (XL),CIN7_IMPORT,Vintage,Vintage,1,3,customs desc; fibre; manufacturer,,,,1,,1,,1,,,CIN7,,NONE,,NONE,NO,fibre; manufacturer,Used Vintage garment
CONTINUITY,NEW,,,LIV-FEA-TWI-SND,Fealy Twisted Japan Sandbox,LIV-FEA-TWI-SND,Fealy Twisted Japan Sandbox,CIN7_IMPORT,Livid Men,Livid,12,3,customs desc; fibre; manufacturer,,,,1,,1,,1,,,CIN7,,CIN7,,NONE,NO,manufacturer,Men's jeans - 100% cotton
CONTINUITY,NEW,,,CHIMI-BRN-013,01.3 Brown,CHIMI-BRN-013,01.3 Brown,CIN7_IMPORT,Chimi,Chimi,1,3,customs desc; fibre; manufacturer,,,,1,,1,,1,,,CIN7,,NONE,,NONE,NO,fibre; manufacturer,Sunglasses
CONTINUITY,NEW,,,EXT-VN-TIE,Tie,EXT-VN-TIE,Tie,CIN7_IMPORT,Vintage,Vintage,1,3,customs desc; fibre; manufacturer,,,,1,,1,,1,,,CIN7,,NONE,,NONE,NO,fibre; manufacturer,Used clothing - Vintage
CONTINUITY,NEW,,,LIV-BRS-TEE-VOI-STR,Brass Tee Voile Stripe,LIV-BRS-TEE-VOI-STR,Brass Tee Voile Stripe,CIN7_IMPORT,Livid Unisex,Livid,5,3,customs desc; fibre; manufacturer,,,,1,,1,,1,,,CIN7,,CIN7,,NONE,NO,manufacturer,Men's Shirt - 100% cotton
CONTINUITY,NEW,,,LIV-KRSRF-JP-OPTC,Keri Surf Japan Optic,LIV-KRSRF-JP-OPTC,Keri Surf Japan Optic,CIN7_IMPORT,Livid Unisex,Livid,7,3,customs desc; fibre; manufacturer,,,,1,,1,,1,,,CIN7,,CIN7,,NONE,NO,manufacturer,Men's Shorts - 100% Cotton
CONTINUITY,NEW,,,EXT-BKST-BST-TP,Boston Taupe,EXT-BKST-BST-TP,Boston Taupe,CIN7_IMPORT,Birkenstock,Birkenstock,10,4,HS code; customs desc; fibre; manufacturer,,,1,1,,1,,1,,CIN7,CIN7,,CIN7,,NONE,NO,manufacturer,Unisex sandals - 100% leather
CONTINUITY,NEW,,,EXT-CMP-KRA-BRWN,Kora Brown Nubuck,EXT-CMP-KRA-BRWN,Kora Brown Nubuck,CIN7_IMPORT,Camper,Camper,2,3,customs desc; fibre; manufacturer,,,,1,,1,,1,,,CIN7,,NONE,,NONE,NO,fibre; manufacturer,Men Shoes
CONTINUITY,NEW,,,EXT-ICHI-CWD-OS,Cedarwood Incense,EXT-ICHI-CWD-OS,Cedarwood Incense,CIN7_IMPORT,Ichiko Ichie,Ichiko Ichie,1,3,customs desc; fibre; manufacturer,,,,1,,1,,1,,,CIN7,,NONE,,NONE,NO,fibre; manufacturer,Perfume - Non alcoholic
CONTINUITY,NEW,,,VN-ONLN-12407,Detroit Red Wings Crewneck Sweatshirt (M),VN-ONLN-12407,Detroit Red Wings Crewneck Sweatshirt (M),CIN7_IMPORT,Vintage,Vintage,1,3,customs desc; fibre; manufacturer,,,,1,,1,,1,,,CIN7,,NONE,,NONE,NO,fibre; manufacturer,Used Vintage garment
CONTINUITY,NEW,,,EXT-VN-NW,RUGBY SHIRT,EXT-VN-NW,RUGBY SHIRT,CIN7_IMPORT,Vintage,Vintage,26,5,HS code; customs desc; fibre; origin; manufacturer,,,1,1,,1,1,1,,CIN7,CIN7,,CIN7,NONE,NONE,NO,origin; manufacturer,Men's Shirt - 100% cotton
CONTINUITY,NEW,,,CHIMI-BLK-103,10.3 Black,CHIMI-BLK-103,10.3 Black,CIN7_IMPORT,Chimi,Chimi,1,3,customs desc; fibre; manufacturer,,,,1,,1,,1,,,CIN7,,NONE,,NONE,NO,fibre; manufacturer,Sunglasses
CONTINUITY,NEW,,,VN-ONLN-9389,Home-knitted cable-knit vest (L),VN-ONLN-9389,Home-knitted cable-knit vest (L),CIN7_IMPORT,Vintage,Vintage,1,3,customs desc; fibre; manufacturer,,,,1,,1,,1,,,CIN7,,NONE,,NONE,NO,fibre; manufacturer,Used Vintage garment
CONTINUITY,NEW,,,EXT-BP-S801,801 Blu Palermo - 30ml,EXT-BP-S801,801 Blu Palermo - 30ml,CIN7_IMPORT,Bon Parfumeur,Bon Parfumeur,1,3,customs desc; fibre; manufacturer,,,,1,,1,,1,,,CIN7,,NONE,,NONE,NO,fibre; manufacturer,Perfume - Non alcoholic
CONTINUITY,NEW,,,CHIMI-BLK,05 Black,CHIMI-BLK,05 Black,CIN7_IMPORT,Chimi,Chimi,1,4,HS code; customs desc; fibre; manufacturer,,,1,1,,1,,1,,CIN7,CIN7,,NONE,,NONE,NO,fibre; manufacturer,Sunglasses
CONTINUITY,NEW,,,EXT-SNV-AMBR-SLR,AMBR Super Solid Refill 2x3g,EXT-SNV-AMBR-SLR,AMBR Super Solid Refill 2x3g,CIN7_IMPORT,Son Venin,Son Venin,1,3,customs desc; fibre; manufacturer,,,,1,,1,,1,,,CIN7,,NONE,,NONE,NO,fibre; manufacturer,Perfume - Non alcoholic
CONTINUITY,NEW,,,EXT-BS-BST-WBB,Boston Wire Buckle Nubuck Black,EXT-BS-BST-WBB,Boston Wire Buckle Nubuck Black,CIN7_IMPORT,Birkenstock,Birkenstock,4,3,customs desc; fibre; manufacturer,,,,1,,1,,1,,,CIN7,,CIN7,,NONE,NO,manufacturer,Unisex sandals - 100% leather
CONTINUITY,NEW,,,LIV-ABBY-VLT-WSHT,Ida Violet Washout,LIV-ABBY-VLT-WSHT,Ida Violet Washout,CIN7_IMPORT,Livid Femme,Livid,5,4,customs desc; fibre; origin; manufacturer,,,,1,,1,1,1,,,CIN7,,CIN7,CIN7,NONE,NO,manufacturer,Men's T-Shirt - 100% Cotton
CONTINUITY,NEW,,,EXT-PB-VGN-NR,Vignony Lisse Noir,EXT-PB-VGN-NR,Vignony Lisse Noir,CIN7_IMPORT,Paraboot,Paraboot,4,4,customs desc; fibre; origin; manufacturer,,,,1,,1,1,1,,,CIN7,,NONE,CIN7,NONE,NO,fibre; manufacturer,Men Shoes
CONTINUITY,NEW,,,LIV-KRN-TP,Kerin Taupe,LIV-KRN-TP,Kerin Taupe,CIN7_IMPORT,Livid Femme,Livid,2,3,customs desc; fibre; manufacturer,,,,1,,1,,1,,,CIN7,,CIN7,,NONE,NO,manufacturer,Men's Sweater - Knitted 100% wiil
CONTINUITY,NEW,,,EXT-MZ-MXR-SMS,MXR Summer Sand/Fig/Pristine,EXT-MZ-MXR-SMS,MXR Summer Sand/Fig/Pristine,CIN7_IMPORT,Mizuno,Mizuno,3,5,HS code; customs desc; weight; fibre; manufacturer,,,1,1,1,1,,1,,NONE,NONE,NONE,NONE,,NONE,NO,HS code; customs desc; weight; fibre; manufacturer,
CONTINUITY,NEW,,,EXT-DM-CRNR-GMCF,Cornaro Gomma Coffee,EXT-DM-CRNR-GMCF,Cornaro Gomma Coffee,CIN7_IMPORT,Diemme,Diemme,5,3,customs desc; fibre; manufacturer,,,,1,,1,,1,,,CIN7,,NONE,,NONE,NO,fibre; manufacturer,Men Shoes
CONTINUITY,NEW,,,EXT-RT-RPS-BLOR,Reversible Pile Socks Black/Orange,EXT-RT-RPS-BLOR,Reversible Pile Socks Black/Orange,CIN7_IMPORT,Rototo,Rototo,3,3,customs desc; fibre; manufacturer,,,,1,,1,,1,,,CIN7,,CIN7,,NONE,NO,manufacturer,Socks - 100% wool
CONTINUITY,NEW,,,EXT-BP-BP304EDP30,304 Eau de Parfum,EXT-BP-BP304EDP30,304 Eau de Parfum,CIN7_IMPORT,Bon Parfumeur,Bon Parfumeur,1,3,customs desc; fibre; manufacturer,,,,1,,1,,1,,,CIN7,,NONE,,NONE,NO,fibre; manufacturer,Perfume - Non alcoholic
CONTINUITY,NEW,,,LIV-KERI-LIN-KHK,Keri Linen Khaki,LIV-KERI-LIN-KHK,Keri Linen Khaki,CIN7_IMPORT,Livid Femme,Livid,13,3,customs desc; fibre; manufacturer,,,,1,,1,,1,,,CIN7,,CIN7,,NONE,NO,manufacturer,Men's trouser - 100% cotton
CONTINUITY,NEW,,,IMP-LIV-KR-JPN-GRVL,"Keri Japan Gravel, 3432*",IMP-LIV-KR-JPN-GRVL,"Keri Japan Gravel, 3432*",CIN7_IMPORT,Livid Unisex,Livid,5,3,customs desc; fibre; manufacturer,,,,1,,1,,1,,,CIN7,,CIN7,,NONE,NO,manufacturer,Men's jeans - 100% cotton
CONTINUITY,NEW,,,VN-ONLN-9924,Tommy Hilfiger striped Oxford shirt (L),VN-ONLN-9924,Tommy Hilfiger striped Oxford shirt (L),CIN7_IMPORT,Vintage,Vintage,1,3,customs desc; fibre; manufacturer,,,,1,,1,,1,,,CIN7,,NONE,,NONE,NO,fibre; manufacturer,Used Vintage garment
CONTINUITY,NEW,,,VN-ONLN-11514,Vintage Corduroy Shirt (M),VN-ONLN-11514,Vintage Corduroy Shirt (M),CIN7_IMPORT,Vintage,Vintage,1,3,customs desc; fibre; manufacturer,,,,1,,1,,1,,,CIN7,,NONE,,NONE,NO,fibre; manufacturer,Used Vintage garment
CONTINUITY,NEW,,,VN-ONLN-11040,Belstaff Barbour Jacket (M),VN-ONLN-11040,Belstaff Barbour Jacket (M),CIN7_IMPORT,Vintage,Vintage,1,3,customs desc; fibre; manufacturer,,,,1,,1,,1,,,CIN7,,NONE,,NONE,NO,fibre; manufacturer,Used Vintage garment
CONTINUITY,NEW,,,CHIMI-SLST-LVRD,Solstice Lava Red,CHIMI-SLST-LVRD,Solstice Lava Red,CIN7_IMPORT,Chimi,Chimi,1,3,customs desc; fibre; manufacturer,,,,1,,1,,1,,,CIN7,,NONE,,NONE,NO,fibre; manufacturer,Sunglasses
CONTINUITY,NEW,,,EXT-ZP,Spreading brush white bristles,EXT-ZP,Spreading brush white bristles,CIN7_IMPORT,Saphir,Saphir,6,5,HS code; customs desc; fibre; origin; manufacturer,,,1,1,,1,1,1,,CIN7,CIN7,,NONE,NONE,NONE,NO,fibre; origin; manufacturer,Shoe cream
CONTINUITY,NEW,,,EXT-BP-S601,601 Nuit Vétiver - 30ml,EXT-BP-S601,601 Nuit Vétiver - 30ml,CIN7_IMPORT,Bon Parfumeur,Bon Parfumeur,1,3,customs desc; fibre; manufacturer,,,,1,,1,,1,,,CIN7,,NONE,,NONE,NO,fibre; manufacturer,Perfume - Non alcoholic
CONTINUITY,NEW,,,EXT-VN-NW-LLW,LLW SHIRT DENIM,EXT-VN-NW-LLW,LLW SHIRT DENIM,CIN7_IMPORT,Vintage,Vintage,2,5,HS code; customs desc; fibre; origin; manufacturer,,,1,1,,1,1,1,,CIN7,CIN7,,CIN7,NONE,NONE,NO,origin; manufacturer,Men's Shirt - 100% cotton
CONTINUITY,NEW,,,LIV-KEL-BLK,Kelvin Black,LIV-KEL-BLK,Kelvin Black,CIN7_IMPORT,Livid Unisex,Livid,4,3,customs desc; fibre; manufacturer,,,,1,,1,,1,,,CIN7,,CIN7,,NONE,NO,manufacturer,Men jacket - 100% cotton
CONTINUITY,NEW,,,EXT-PR-ADN-LSNR,Adonis Lisse Noir,EXT-PR-ADN-LSNR,Adonis Lisse Noir,CIN7_IMPORT,Paraboot,Paraboot,5,3,customs desc; fibre; manufacturer,,,,1,,1,,1,,,CIN7,,NONE,,NONE,NO,fibre; manufacturer,Men Shoes
CONTINUITY,NEW,,,LIV-NL-WHT,Nile White,LIV-NL-WHT,Nile White,CIN7_IMPORT,Livid Femme,Livid,3,3,customs desc; fibre; manufacturer,,,,1,,1,,1,,,CIN7,,CIN7,,NONE,NO,manufacturer,Men's T-Shirt - 100% Cotton
CONTINUITY,NEW,,,LIV-TCN-BLCK,Toucan Black,LIV-TCN-BLCK,Toucan Black,CIN7_IMPORT,Livid Femme,Livid,3,3,customs desc; fibre; manufacturer,,,,1,,1,,1,,,CIN7,,CIN7,,NONE,NO,manufacturer,Men's Sweater - 100% cotton
CONTINUITY,NEW,,,EXT-KEEN-JAS-ATBR,Jasper Atmosphere Birch,EXT-KEEN-JAS-ATBR,Jasper Atmosphere Birch,CIN7_IMPORT,Keen,Keen,9,3,customs desc; fibre; manufacturer,,,,1,,1,,1,,,CIN7,,NONE,,NONE,NO,fibre; manufacturer,Men Shoes
CONTINUITY,NEW,,,LIV-ABBY-FG,Abby Fog,LIV-ABBY-FG,Abby Fog,CIN7_IMPORT,Livid Femme,Livid,5,4,customs desc; fibre; origin; manufacturer,,,,1,,1,1,1,,,CIN7,,CIN7,CIN7,NONE,NO,manufacturer,Men's T-Shirt - 100% Cotton
CONTINUITY,NEW,,,EXT-TRV-WND-ALS,Wanderer Almond Suede,EXT-TRV-WND-ALS,Wanderer Almond Suede,CIN7_IMPORT,Tarvas,Tarvas,6,5,HS code; customs desc; weight; fibre; manufacturer,,,1,1,1,1,,1,,NONE,NONE,NONE,NONE,,NONE,NO,HS code; customs desc; weight; fibre; manufacturer,
CONTINUITY,NEW,,,LIV-ELL-JPN-BLCK,Ella Japan Black,LIV-ELL-JPN-BLCK,Ella Japan Black,CIN7_IMPORT,Livid Femme,Livid,18,3,customs desc; fibre; manufacturer,,,,1,,1,,1,,,CIN7,,CIN7,,NONE,NO,manufacturer,Men's jeans - 100% cotton
CONTINUITY,NEW,,,EXT-KNT-TBL-350,Travel Tumbler 350 ml White,EXT-KNT-TBL-350,Travel Tumbler 350 ml White,CIN7_IMPORT,Kinto,Kinto,3,5,HS code; customs desc; fibre; origin; manufacturer,,,1,1,,1,1,1,,NONE,CIN7,,NONE,NONE,NONE,NO,HS code; fibre; origin; manufacturer,
CONTINUITY,NEW,,,EXT-ABL-CTCH,Coat Check - 50ML,EXT-ABL-CTCH,Coat Check - 50ML,CIN7_IMPORT,Abel,Abel,1,3,customs desc; fibre; manufacturer,,,,1,,1,,1,,,CIN7,,NONE,,NONE,NO,fibre; manufacturer,Perfume - Non alcoholic
CONTINUITY,NEW,,,LIV-FR-BLCK,Fir Black,LIV-FR-BLCK,Fir Black,CIN7_IMPORT,Livid Femme,Livid,5,3,customs desc; fibre; manufacturer,,,,1,,1,,1,,,CIN7,,CIN7,,NONE,NO,manufacturer,Men's trouser - 100% cotton
CONTINUITY,NEW,,,VN-ONLN-13359,"Carhartt ""Simple Pant"" Denim Shorts (W30)",VN-ONLN-13359,"Carhartt ""Simple Pant"" Denim Shorts (W30)",CIN7_IMPORT,Vintage,Vintage,1,3,customs desc; fibre; manufacturer,,,,1,,1,,1,,,CIN7,,NONE,,NONE,NO,fibre; manufacturer,Used Vintage garment
CONTINUITY,NEW,,,EXT-NRD-001A-SRPW,Norda 001A W Serpentine,EXT-NRD-001A-SRPW,Norda 001A W Serpentine,CIN7_IMPORT,Norda,Norda,8,3,customs desc; fibre; manufacturer,,,,1,,1,,1,,,CIN7,,NONE,,NONE,NO,fibre; manufacturer,Men Shoes
CONTINUITY,NEW,,,CHIMI-BLK-083,08.3 Black,CHIMI-BLK-083,08.3 Black,CIN7_IMPORT,Chimi,Chimi,1,3,customs desc; fibre; manufacturer,,,,1,,1,,1,,,CIN7,,NONE,,NONE,NO,fibre; manufacturer,Sunglasses
CONTINUITY,NEW,,,VN-ONLN-12943,Courrèges Homme Silk Tie (OneSize),VN-ONLN-12943,Courrèges Homme Silk Tie (OneSize),CIN7_IMPORT,Vintage,Vintage,1,3,customs desc; fibre; manufacturer,,,,1,,1,,1,,,CIN7,,NONE,,NONE,NO,fibre; manufacturer,Used Vintage garment
CONTINUITY,NEW,,,EXT-BP-S302,302 Groovy Amber - 30ml,EXT-BP-S302,302 Groovy Amber - 30ml,CIN7_IMPORT,Bon Parfumeur,Bon Parfumeur,1,3,customs desc; fibre; manufacturer,,,,1,,1,,1,,,CIN7,,NONE,,NONE,NO,fibre; manufacturer,Perfume - Non alcoholic
CONTINUITY,NEW,,,VN-ONLN-12891,Eddie Bauer Knit Quarter Buttonup (XL),VN-ONLN-12891,Eddie Bauer Knit Quarter Buttonup (XL),CIN7_IMPORT,Vintage,Vintage,1,3,customs desc; fibre; manufacturer,,,,1,,1,,1,,,CIN7,,NONE,,NONE,NO,fibre; manufacturer,Used Vintage garment
CONTINUITY,NEW,,,EXT-RW-8836,8841 Classic Moc Chocolate Muleskinner,EXT-RW-8836,8841 Classic Moc Chocolate Muleskinner,CIN7_IMPORT,Red Wing,Red Wing,7,4,customs desc; fibre; origin; manufacturer,,,,1,,1,1,1,,,CIN7,,NONE,CIN7,NONE,NO,fibre; manufacturer,Men Shoes
CONTINUITY,NEW,,,EXT-PST-VTSP,Vintage Spray,EXT-PST-VTSP,Vintage Spray,CIN7_IMPORT,På Stell,På Stell,1,4,HS code; customs desc; fibre; manufacturer,,,1,1,,1,,1,,CIN7,CIN7,,NONE,,NONE,NO,fibre; manufacturer,Perfume - Non alcoholic
CONTINUITY,NEW,,,EXT-PB-AVG-CF,Avignon Lisse Cafe,EXT-PB-AVG-CF,Avignon Lisse Cafe,CIN7_IMPORT,Paraboot,Paraboot,7,3,customs desc; fibre; manufacturer,,,,1,,1,,1,,,CIN7,,NONE,,NONE,NO,fibre; manufacturer,Men Shoes
CONTINUITY,NEW,,,LIV-NOY-ALO,Noya Aloe,LIV-NOY-ALO,Noya Aloe,CIN7_IMPORT,Livid Unisex,Livid,4,4,customs desc; fibre; origin; manufacturer,,,,1,,1,1,1,,,CIN7,,CIN7,CIN7,NONE,NO,manufacturer,Men's Sweater - 100% cotton
CONTINUITY,NEW,,,EXT-ABL-MSPL50,Miami Split - 50ml,EXT-ABL-MSPL50,Miami Split - 50ml,CIN7_IMPORT,Abel,Abel,1,3,customs desc; fibre; manufacturer,,,,1,,1,,1,,,CIN7,,NONE,,NONE,NO,fibre; manufacturer,Perfume - Non alcoholic
CONTINUITY,NEW,,,LIV-BLYTH-CT-BLCK,Blythe Coat Black,LIV-BLYTH-CT-BLCK,Blythe Coat Black,CIN7_IMPORT,Livid Femme,Livid,2,3,customs desc; fibre; manufacturer,,,,1,,1,,1,,,CIN7,,CIN7,,NONE,NO,manufacturer,Men jacket - 100% wool
CONTINUITY,NEW,,,LIV-AMBR-JAP-GRV,Amber Japan Gravel,LIV-AMBR-JAP-GRV,Amber Japan Gravel,CIN7_IMPORT,Livid Femme,Livid,4,4,customs desc; fibre; origin; manufacturer,,,,1,,1,1,1,,,CIN7,,CIN7,CIN7,NONE,NO,manufacturer,Men's Shirt - 100% cotton
CONTINUITY,NEW,,,LIV-KEE-TEE-WHT,Keen Tee Shirt White Loose,LIV-KEE-TEE-WHT,Keen Tee Shirt White Loose,CIN7_IMPORT,Livid Men,Livid,6,4,customs desc; fibre; origin; manufacturer,,,,1,,1,1,1,,,CIN7,,CIN7,CIN7,NONE,NO,manufacturer,Men's Shirt - 100% cotton
CONTINUITY,NEW,,,EXT-FRM-HRHW,Herbarium Hand Wash 375 ml,EXT-FRM-HRHW,Herbarium Hand Wash 375 ml,CIN7_IMPORT,Frama,Frama,1,3,customs desc; fibre; manufacturer,,,,1,,1,,1,,,CIN7,,NONE,,NONE,NO,fibre; manufacturer,Perfume - Non alcoholic
CONTINUITY,NEW,,,VN-ONLN-13251,Silk Resort Shirt (XL),VN-ONLN-13251,Silk Resort Shirt (XL),CIN7_IMPORT,Vintage,Vintage,1,3,customs desc; fibre; manufacturer,,,,1,,1,,1,,,CIN7,,NONE,,NONE,NO,fibre; manufacturer,Used Vintage garment
CONTINUITY,NEW,,,VN-ONLN-13457,Timberland Adventure Shirt (M),VN-ONLN-13457,Timberland Adventure Shirt (M),CIN7_IMPORT,Vintage,Vintage,1,3,customs desc; fibre; manufacturer,,,,1,,1,,1,,,CIN7,,NONE,,NONE,NO,fibre; manufacturer,Used Vintage garment
CONTINUITY,NEW,,,VN-ONLN-13474,Champion UTC Crewneck (XL),VN-ONLN-13474,Champion UTC Crewneck (XL),CIN7_IMPORT,Vintage,Vintage,1,3,customs desc; fibre; manufacturer,,,,1,,1,,1,,,CIN7,,NONE,,NONE,NO,fibre; manufacturer,Used Vintage garment
CONTINUITY,NEW,,,LIV-NEIL-2PK-BK,Neil Trunk 2-pack Black,LIV-NEIL-2PK-BK,Neil Trunk 2-pack Black,CIN7_IMPORT,Livid Men,Livid,1,3,customs desc; fibre; manufacturer,,,,1,,1,,1,,,CIN7,,NONE,,NONE,NO,fibre; manufacturer,500
CONTINUITY,NEW,,,VN-ONLN-9206,Tommy Hilfiger Flannel/Coduroy shirt (XL),VN-ONLN-9206,Tommy Hilfiger Flannel/Coduroy shirt (XL),CIN7_IMPORT,Vintage,Vintage,1,3,customs desc; fibre; manufacturer,,,,1,,1,,1,,,CIN7,,NONE,,NONE,NO,fibre; manufacturer,Used Vintage garment
CONTINUITY,NEW,,,VN-ONLN-13342,Burberry Tartan Shirt (L),VN-ONLN-13342,Burberry Tartan Shirt (L),CIN7_IMPORT,Vintage,Vintage,1,3,customs desc; fibre; manufacturer,,,,1,,1,,1,,,CIN7,,NONE,,NONE,NO,fibre; manufacturer,Used Vintage garment
CONTINUITY,NEW,,,VN-ONLN-12656,Champion Crewneck (S),VN-ONLN-12656,Champion Crewneck (S),CIN7_IMPORT,Vintage,Vintage,1,3,customs desc; fibre; manufacturer,,,,1,,1,,1,,,CIN7,,NONE,,NONE,NO,fibre; manufacturer,Used Vintage garment
CONTINUITY,NEW,,,EXT-NRD-001A-SCRM,Norda 001A M Scoria,EXT-NRD-001A-SCRM,Norda 001A M Scoria,CIN7_IMPORT,Norda,Norda,6,3,customs desc; fibre; manufacturer,,,,1,,1,,1,,,CIN7,,NONE,,NONE,NO,fibre; manufacturer,Men Shoes
CONTINUITY,NEW,,,EXT-RTTO-FLCR-GRN,Folk Crochet Socks Green,EXT-RTTO-FLCR-GRN,Folk Crochet Socks Green,CIN7_IMPORT,Rototo,Rototo,1,3,customs desc; fibre; manufacturer,,,,1,,1,,1,,,CIN7,,CIN7,,NONE,NO,manufacturer,Socks - 100% wool
CONTINUITY,NEW,,,EXT-BS-NPL-TP,Naples Wrapped Suede Taupe,EXT-BS-NPL-TP,Naples Wrapped Suede Taupe,CIN7_IMPORT,Birkenstock,Birkenstock,5,3,customs desc; fibre; manufacturer,,,,1,,1,,1,,,CIN7,,CIN7,,NONE,NO,manufacturer,Unisex sandals - 100% leather
CONTINUITY,NEW,,,VN-ONLN-12649,Ralph Lauren Polo Jeans Co. Crewneck  (XL),VN-ONLN-12649,Ralph Lauren Polo Jeans Co. Crewneck  (XL),CIN7_IMPORT,Vintage,Vintage,1,3,customs desc; fibre; manufacturer,,,,1,,1,,1,,,CIN7,,NONE,,NONE,NO,fibre; manufacturer,Used Vintage garment
CONTINUITY,NEW,,,LIV-NEL-BLK-FAD,Nelson Black Fadeout,LIV-NEL-BLK-FAD,Nelson Black Fadeout,CIN7_IMPORT,Livid Men,Livid,3,4,customs desc; fibre; origin; manufacturer,,,,1,,1,1,1,,,CIN7,,CIN7,CIN7,NONE,NO,manufacturer,Men's T-Shirt - 100% Cotton
CONTINUITY,NEW,,1,LIV-AYN-GRY,Ayon Grey,LIV-AYN-GRY,Ayon Grey,CIN7_IMPORT,Livid Men,Livid,6,4,customs desc; fibre; origin; manufacturer,,,,1,,1,1,1,,,CIN7,,CIN7,CIN7,NONE,NO,manufacturer,Men's Sweater - 100% cotton
CONTINUITY,NEW,,,LIV-NAR-WHT,Nara White,LIV-NAR-WHT,Nara White,CIN7_IMPORT,Livid Femme,Livid,5,4,customs desc; fibre; origin; manufacturer,,,,1,,1,1,1,,,CIN7,,CIN7,CIN7,NONE,NO,manufacturer,Men's Sweater - 100% cotton
CONTINUITY,NEW,,,LIV-T-JPN-BLCK,Tia Japan Black,LIV-T-JPN-BLCK,Tia Japan Black,CIN7_IMPORT,Livid Femme,Livid,18,3,customs desc; fibre; manufacturer,,,,1,,1,,1,,,CIN7,,CIN7,,NONE,NO,manufacturer,Men's jeans - 100% cotton
CONTINUITY,NEW,,,LIV-ALP-BON,Alpha Bone,LIV-ALP-BON,Alpha Bone,CIN7_IMPORT,Livid Femme,Livid,4,4,customs desc; fibre; origin; manufacturer,,,,1,,1,1,1,,,CIN7,,CIN7,CIN7,NONE,NO,manufacturer,Men's Sweater - 100% cotton
CONTINUITY,NEW,,,VN-ONLN-11902,"1993 U2 ""Zooropa"" Tour Tee (L)",VN-ONLN-11902,"1993 U2 ""Zooropa"" Tour Tee (L)",CIN7_IMPORT,Vintage,Vintage,1,3,customs desc; fibre; manufacturer,,,,1,,1,,1,,,CIN7,,NONE,,NONE,NO,fibre; manufacturer,Used Vintage garment
CONTINUITY,NEW,,,VN-ONLN-12380,Wool Knit Quarter Zip Sweater (XL),VN-ONLN-12380,Wool Knit Quarter Zip Sweater (XL),CIN7_IMPORT,Vintage,Vintage,1,3,customs desc; fibre; manufacturer,,,,1,,1,,1,,,CIN7,,NONE,,NONE,NO,fibre; manufacturer,Used Vintage garment
CONTINUITY,NEW,,,VN-ONLN-12238,Heavyweight Jaquard Knit Sweater (L),VN-ONLN-12238,Heavyweight Jaquard Knit Sweater (L),CIN7_IMPORT,Vintage,Vintage,1,3,customs desc; fibre; manufacturer,,,,1,,1,,1,,,CIN7,,NONE,,NONE,NO,fibre; manufacturer,Used Vintage garment
CONTINUITY,NEW,,,VN-ONLN-11876,Brooks Brothers 346 Shirt (L),VN-ONLN-11876,Brooks Brothers 346 Shirt (L),CIN7_IMPORT,Vintage,Vintage,1,3,customs desc; fibre; manufacturer,,,,1,,1,,1,,,CIN7,,NONE,,NONE,NO,fibre; manufacturer,Used Vintage garment
CONTINUITY,NEW,,,VN-ONLN-13480,Chaps by Ralph Lauren Quarter Zip Knit (L),VN-ONLN-13480,Chaps by Ralph Lauren Quarter Zip Knit (L),CIN7_IMPORT,Vintage,Vintage,1,3,customs desc; fibre; manufacturer,,,,1,,1,,1,,,CIN7,,NONE,,NONE,NO,fibre; manufacturer,Used Vintage garment
CONTINUITY,NEW,,,VN-ONLN-12661,Tommy Hilfiger Crewneck (M),VN-ONLN-12661,Tommy Hilfiger Crewneck (M),CIN7_IMPORT,Vintage,Vintage,1,3,customs desc; fibre; manufacturer,,,,1,,1,,1,,,CIN7,,NONE,,NONE,NO,fibre; manufacturer,Used Vintage garment
CONTINUITY,NEW,,,EXT-VN-PLBL-SHSLV,Plain Blouse Short Sleeve,EXT-VN-PLBL-SHSLV,Plain Blouse Short Sleeve,CIN7_IMPORT,Vintage,Vintage,1,5,HS code; customs desc; fibre; origin; manufacturer,,,1,1,,1,1,1,,CIN7,CIN7,,NONE,CIN7,NONE,NO,fibre; manufacturer,Used clothing - Vintage
CONTINUITY,NEW,,,EXT-SNV-PR2,Pur 02,EXT-SNV-PR2,Pur 02,CIN7_IMPORT,Son Venin,Son Venin,1,3,customs desc; fibre; manufacturer,,,,1,,1,,1,,,CIN7,,NONE,,NONE,NO,fibre; manufacturer,Perfume - Non alcoholic
CONTINUITY,NEW,,,LIV-ABBY-PNK-MNSTRP,Abby Otter Ministripe,LIV-ABBY-PNK-MNSTRP,Abby Otter Ministripe,CIN7_IMPORT,Livid Femme,Livid,5,4,customs desc; fibre; origin; manufacturer,,,,1,,1,1,1,,,CIN7,,CIN7,CIN7,NONE,NO,manufacturer,Men's T-Shirt - 100% Cotton
CONTINUITY,NEW,,,LIV-MIS-PAP-BON,Miso Papercrochet Bone,LIV-MIS-PAP-BON,Miso Papercrochet Bone,CIN7_IMPORT,Livid Femme,Livid,4,4,customs desc; fibre; origin; manufacturer,,,,1,,1,1,1,,,CIN7,,CIN7,CIN7,NONE,NO,manufacturer,Men's Sweater - Knitted 100% wiil
CONTINUITY,NEW,,,LL-PLMC,Lily Plum Check,LL-PLMC,Lily Plum Check,CIN7_IMPORT,Livid Femme,Livid,3,3,customs desc; fibre; manufacturer,,,,1,,1,,1,,,CIN7,,CIN7,,NONE,NO,manufacturer,Women Dress - 100% Cotton
CONTINUITY,NEW,,,EXT-PB-LCT-FN-NR,Fine Laces Noir,EXT-PB-LCT-FN-NR,Fine Laces Noir,CIN7_IMPORT,Paraboot,Paraboot,1,3,customs desc; fibre; manufacturer,,,,1,,1,,1,,,CIN7,,NONE,,NONE,NO,fibre; manufacturer,Men Shoes
CONTINUITY,NEW,,,VN-ONLN-12949,Giorgio Armani Tie (OneSize),VN-ONLN-12949,Giorgio Armani Tie (OneSize),CIN7_IMPORT,Vintage,Vintage,1,3,customs desc; fibre; manufacturer,,,,1,,1,,1,,,CIN7,,NONE,,NONE,NO,fibre; manufacturer,Used Vintage garment
CONTINUITY,NEW,,,EXT-VN-BRCHS,Branded Chino Shorts,EXT-VN-BRCHS,Branded Chino Shorts,CIN7_IMPORT,Vintage,Vintage,1,3,customs desc; fibre; manufacturer,,,,1,,1,,1,,,CIN7,,NONE,,NONE,NO,fibre; manufacturer,Used clothing - Vintage
CONTINUITY,NEW,,,CHIMI-BLK-12,12 Black,CHIMI-BLK-12,12 Black,CIN7_IMPORT,Chimi,Chimi,1,3,customs desc; fibre; manufacturer,,,,1,,1,,1,,,CIN7,,NONE,,NONE,NO,fibre; manufacturer,Sunglasses
CONTINUITY,NEW,,,VN-ONLN-11462,90's Plain College Sweat (M),VN-ONLN-11462,90's Plain College Sweat (M),CIN7_IMPORT,Vintage,Vintage,1,3,customs desc; fibre; manufacturer,,,,1,,1,,1,,,CIN7,,NONE,,NONE,NO,fibre; manufacturer,Used Vintage garment
CONTINUITY,NEW,,,EXT-HB-TTR,Tea Tree 10 Minutes Aroma,EXT-HB-TTR,Tea Tree 10 Minutes Aroma,CIN7_IMPORT,Hibi,Hibi,1,3,customs desc; fibre; manufacturer,,,,1,,1,,1,,,CIN7,,NONE,,NONE,NO,fibre; manufacturer,Aggerbatti
CONTINUITY,NEW,,,EXT-HB-SDWD,Sandalwood 10 Minutes Aroma,EXT-HB-SDWD,Sandalwood 10 Minutes Aroma,CIN7_IMPORT,Hibi,Hibi,1,3,customs desc; fibre; manufacturer,,,,1,,1,,1,,,CIN7,,NONE,,NONE,NO,fibre; manufacturer,Aggerbatti
CONTINUITY,NEW,,,LIV-EVA-BN,Eva Bone,LIV-EVA-BN,Eva Bone,CIN7_IMPORT,Livid Femme,Livid,5,4,customs desc; fibre; origin; manufacturer,,,,1,,1,1,1,,,CIN7,,CIN7,CIN7,NONE,NO,manufacturer,Men's singlet - 100% cotton
CONTINUITY,NEW,,,EXT-PF-ARRO-7.2,Arroyo Oak 7.2oz Soy Candle,EXT-PF-ARRO-7.2,Arroyo Oak 7.2oz Soy Candle,CIN7_IMPORT,P.F. Candle,P.F. Candle,1,3,customs desc; fibre; manufacturer,,,,1,,1,,1,,,CIN7,,NONE,,NONE,NO,fibre; manufacturer,Scent candles
CONTINUITY,NEW,,,VN-ONLN-13275,Silk Resort Shirt (XL),VN-ONLN-13275,Silk Resort Shirt (XL),CIN7_IMPORT,Vintage,Vintage,1,3,customs desc; fibre; manufacturer,,,,1,,1,,1,,,CIN7,,NONE,,NONE,NO,fibre; manufacturer,Used Vintage garment
CONTINUITY,NEW,,,EXT-MCHL-NR,Michael Lisse Noir,EXT-MCHL-NR,Michael Lisse Noir,CIN7_IMPORT,Paraboot,Paraboot,9,3,customs desc; fibre; manufacturer,,,,1,,1,,1,,,CIN7,,NONE,,NONE,NO,fibre; manufacturer,Men Shoes
CONTINUITY,NEW,,,LIV-TK-WHT-SLK,Tiki Silk White,LIV-TK-WHT-SLK,Tiki Silk White,CIN7_IMPORT,Livid Femme,Livid,5,3,customs desc; fibre; manufacturer,,,,1,,1,,1,,,CIN7,,CIN7,,NONE,NO,manufacturer,Men's Shirt - 100% cotton
CONTINUITY,NEW,,,VN-ONLN-10343,Tommy Hilfiger Oxford shirt (XL),VN-ONLN-10343,Tommy Hilfiger Oxford shirt (XL),CIN7_IMPORT,Vintage,Vintage,1,3,customs desc; fibre; manufacturer,,,,1,,1,,1,,,CIN7,,NONE,,NONE,NO,fibre; manufacturer,Used Vintage garment
CONTINUITY,NEW,,,EXT-BP-S203,203 Mûre Ébène - 30ml,EXT-BP-S203,203 Mûre Ébène - 30ml,CIN7_IMPORT,Bon Parfumeur,Bon Parfumeur,1,3,customs desc; fibre; manufacturer,,,,1,,1,,1,,,CIN7,,NONE,,NONE,NO,fibre; manufacturer,Perfume - Non alcoholic
CONTINUITY,NEW,,,VN-ONLN-11166,Silk Resort Shirt (M),VN-ONLN-11166,Silk Resort Shirt (M),CIN7_IMPORT,Vintage,Vintage,1,3,customs desc; fibre; manufacturer,,,,1,,1,,1,,,CIN7,,NONE,,NONE,NO,fibre; manufacturer,Used Vintage garment
CONTINUITY,NEW,,,EXT-VN-NW-JHS,Tee,EXT-VN-NW-JHS,Tee,CIN7_IMPORT,Vintage,Vintage,2,5,HS code; customs desc; fibre; origin; manufacturer,,,1,1,,1,1,1,,CIN7,CIN7,,CIN7,NONE,NONE,NO,origin; manufacturer,Men's T-Shirt - 100% Cotton
CONTINUITY,NEW,,,LIV-BTH-JPN-GRVL,Beth Japan Gravel,LIV-BTH-JPN-GRVL,Beth Japan Gravel,CIN7_IMPORT,Livid Unisex,Livid,16,3,customs desc; fibre; manufacturer,,,,1,,1,,1,,,CIN7,,CIN7,,NONE,NO,manufacturer,Men's jeans - 100% cotton
CONTINUITY,NEW,,,EXT-HB-JPCP,Japanese Cypress 10 Minutes Aroma,EXT-HB-JPCP,Japanese Cypress 10 Minutes Aroma,CIN7_IMPORT,Hibi,Hibi,1,3,customs desc; fibre; manufacturer,,,,1,,1,,1,,,CIN7,,NONE,,NONE,NO,fibre; manufacturer,Aggerbatti
CONTINUITY,NEW,,,VN-ONLN-10934,Tommy Bahama Silk Shirt (L),VN-ONLN-10934,Tommy Bahama Silk Shirt (L),CIN7_IMPORT,Vintage,Vintage,1,3,customs desc; fibre; manufacturer,,,,1,,1,,1,,,CIN7,,NONE,,NONE,NO,fibre; manufacturer,Used Vintage garment
CONTINUITY,NEW,,,EXT-PB-LCT-FNL-NR,Fine boot laces Noir,EXT-PB-LCT-FNL-NR,Fine boot laces Noir,CIN7_IMPORT,Paraboot,Paraboot,1,3,customs desc; fibre; manufacturer,,,,1,,1,,1,,,CIN7,,NONE,,NONE,NO,fibre; manufacturer,Men Shoes
CONTINUITY,NEW,,,CHIMI-TTAV-GRY,Titan Aviator Dark Grey,CHIMI-TTAV-GRY,Titan Aviator Dark Grey,CIN7_IMPORT,Chimi,Chimi,1,3,customs desc; fibre; manufacturer,,,,1,,1,,1,,,CIN7,,NONE,,NONE,NO,fibre; manufacturer,Sunglasses
CONTINUITY,NEW,,,EXT-RTTO-RCTS-ECGR,Recycled Cotton Stripe Ecru/Green,EXT-RTTO-RCTS-ECGR,Recycled Cotton Stripe Ecru/Green,CIN7_IMPORT,Rototo,Rototo,2,3,customs desc; fibre; manufacturer,,,,1,,1,,1,,,CIN7,,CIN7,,NONE,NO,manufacturer,Socks - 100% wool
CONTINUITY,NEW,,,EXT-BP-S502,502 Iris Cartagena - 30ml,EXT-BP-S502,502 Iris Cartagena - 30ml,CIN7_IMPORT,Bon Parfumeur,Bon Parfumeur,1,3,customs desc; fibre; manufacturer,,,,1,,1,,1,,,CIN7,,NONE,,NONE,NO,fibre; manufacturer,Perfume - Non alcoholic
CONTINUITY,NEW,,,VN-ONLN-9593,70's Pendleton Blazer (S),VN-ONLN-9593,70's Pendleton Blazer (S),CIN7_IMPORT,Vintage,Vintage,1,3,customs desc; fibre; manufacturer,,,,1,,1,,1,,,CIN7,,NONE,,NONE,NO,fibre; manufacturer,Used Vintage garment
CONTINUITY,NEW,,,VN-ONLN-9211,Burton V-neck sweater (M),VN-ONLN-9211,Burton V-neck sweater (M),CIN7_IMPORT,Vintage,Vintage,1,3,customs desc; fibre; manufacturer,,,,1,,1,,1,,,CIN7,,NONE,,NONE,NO,fibre; manufacturer,Used Vintage garment
CONTINUITY,NEW,,,EXT-ICHI-YLY-OS,Ylang Ylang Incense,EXT-ICHI-YLY-OS,Ylang Ylang Incense,CIN7_IMPORT,Ichiko Ichie,Ichiko Ichie,1,3,customs desc; fibre; manufacturer,,,,1,,1,,1,,,CIN7,,NONE,,NONE,NO,fibre; manufacturer,Perfume - Non alcoholic
CONTINUITY,NEW,,,CHIMI-CODE-BLK,Code Black,CHIMI-CODE-BLK,Code Black,CIN7_IMPORT,Chimi,Chimi,1,3,customs desc; fibre; manufacturer,,,,1,,1,,1,,,CIN7,,NONE,,NONE,NO,fibre; manufacturer,Sunglasses
CONTINUITY,NEW,,,VN-ONLN-11815,Lee Corduroy Shirt (S),VN-ONLN-11815,Lee Corduroy Shirt (S),CIN7_IMPORT,Vintage,Vintage,1,3,customs desc; fibre; manufacturer,,,,1,,1,,1,,,CIN7,,NONE,,NONE,NO,fibre; manufacturer,Used Vintage garment
CONTINUITY,NEW,,,CHIMI-CODE-FTRT,Code Feral Tortoise,CHIMI-CODE-FTRT,Code Feral Tortoise,CIN7_IMPORT,Chimi,Chimi,1,3,customs desc; fibre; manufacturer,,,,1,,1,,1,,,CIN7,,NONE,,NONE,NO,fibre; manufacturer,Sunglasses
CONTINUITY,NEW,,,VN-ONLN-9140,Y2K Warner Bros Taz Rugby shirt (XL),VN-ONLN-9140,Y2K Warner Bros Taz Rugby shirt (XL),CIN7_IMPORT,Vintage,Vintage,1,3,customs desc; fibre; manufacturer,,,,1,,1,,1,,,CIN7,,NONE,,NONE,NO,fibre; manufacturer,Used Vintage garment
CONTINUITY,NEW,,,LIV-KER-SURF-JAP-BLU,Keri Surf Japan Blue Scurry,LIV-KER-SURF-JAP-BLU,Keri Surf Japan Blue Scurry,CIN7_IMPORT,Livid Unisex,Livid,12,3,customs desc; fibre; manufacturer,,,,1,,1,,1,,,CIN7,,CIN7,,NONE,NO,manufacturer,Men's Shorts - 100% Cotton
CONTINUITY,NEW,,,EXT-KEEN-JAS-PBLK,Jasper Perseid Black,EXT-KEEN-JAS-PBLK,Jasper Perseid Black,CIN7_IMPORT,Keen,Keen,7,4,customs desc; fibre; origin; manufacturer,,,,1,,1,1,1,,,CIN7,,NONE,CIN7,NONE,NO,fibre; manufacturer,Men Shoes
CONTINUITY,NEW,,,EXT-HST-UTSJ-BLK,Utsjö Black,EXT-HST-UTSJ-BLK,Utsjö Black,CIN7_IMPORT,Hestra,Hestra,2,3,customs desc; fibre; manufacturer,,,,1,,1,,1,,,CIN7,,CIN7,,NONE,NO,manufacturer,Leather Gloves
CONTINUITY,NEW,,,VN-ONLN-10979,Dior Sunglasses (OneSize),VN-ONLN-10979,Dior Sunglasses (OneSize),CIN7_IMPORT,Vintage,Vintage,1,3,customs desc; fibre; manufacturer,,,,1,,1,,1,,,CIN7,,NONE,,NONE,NO,fibre; manufacturer,Used Vintage garment
CONTINUITY,NEW,,,EXT-SNV-AMBR-SL,AMBR Super Solid 3g,EXT-SNV-AMBR-SL,AMBR Super Solid 3g,CIN7_IMPORT,Son Venin,Son Venin,1,3,customs desc; fibre; manufacturer,,,,1,,1,,1,,,CIN7,,NONE,,NONE,NO,fibre; manufacturer,Perfume - Non alcoholic
CONTINUITY,NEW,,,EXT-PB-LCT,Laces Avoriaz Original Brown/Ecru,EXT-PB-LCT,Laces Avoriaz Original Brown/Ecru,CIN7_IMPORT,Paraboot,Paraboot,1,4,HS code; customs desc; fibre; manufacturer,,,1,1,,1,,1,,CIN7,CIN7,,NONE,,NONE,NO,fibre; manufacturer,Men Shoes
CONTINUITY,NEW,,,LIV-N-BLCK,Naia Black,LIV-N-BLCK,Naia Black,CIN7_IMPORT,Livid Femme,Livid,2,3,customs desc; fibre; manufacturer,,,,1,,1,,1,,,CIN7,,CIN7,,NONE,NO,manufacturer,Men's T-Shirt - 100% Cotton
CONTINUITY,NEW,,,EXT-SV-SPRSLD,Santal SUPR Solid,EXT-SV-SPRSLD,Santal SUPR Solid,CIN7_IMPORT,Son Venin,Son Venin,1,3,customs desc; fibre; manufacturer,,,,1,,1,,1,,,CIN7,,NONE,,NONE,NO,fibre; manufacturer,Perfume - Non alcoholic
CONTINUITY,NEW,,,EXT-VIN,Norwegian Knit,EXT-VIN,Norwegian Knit,CIN7_IMPORT,Vintage,Vintage,4,5,HS code; customs desc; fibre; origin; manufacturer,,,1,1,,1,1,1,,CIN7,CIN7,,CIN7,NONE,NONE,NO,origin; manufacturer,Men's Sweater - Knitted 100% wiil
CONTINUITY,NEW,,,EXT-VN-90s-JRQZP,90s Jersey Quarter Zip,EXT-VN-90s-JRQZP,90s Jersey Quarter Zip,CIN7_IMPORT,Vintage,Vintage,1,4,HS code; customs desc; fibre; manufacturer,,,1,1,,1,,1,,CIN7,CIN7,,NONE,,NONE,NO,fibre; manufacturer,Used clothing - Vintage
CONTINUITY,NEW,,,VN-ONLN-10099,1990 SF Giants single stitch tee (XL),VN-ONLN-10099,1990 SF Giants single stitch tee (XL),CIN7_IMPORT,Vintage,Vintage,1,3,customs desc; fibre; manufacturer,,,,1,,1,,1,,,CIN7,,NONE,,NONE,NO,fibre; manufacturer,Used Vintage garment
CONTINUITY,NEW,,,VN-BRNPQ,Brand Pique Short Sleeve,VN-BRNPQ,Brand Pique Short Sleeve,CIN7_IMPORT,Vintage,Vintage,1,4,HS code; customs desc; fibre; manufacturer,,,1,1,,1,,1,,CIN7,CIN7,,NONE,,NONE,NO,fibre; manufacturer,Used clothing - Vintage
CONTINUITY,NEW,,,CHIMI-TLNX-GRY,Titan Lynx Dark Grey,CHIMI-TLNX-GRY,Titan Lynx Dark Grey,CIN7_IMPORT,Chimi,Chimi,1,3,customs desc; fibre; manufacturer,,,,1,,1,,1,,,CIN7,,NONE,,NONE,NO,fibre; manufacturer,Sunglasses
CONTINUITY,NEW,,1,LIV-TT-CHRCL,Tate Charcoal,LIV-TT-CHRCL,Tate Charcoal,CIN7_IMPORT,Livid Men,Livid,5,4,customs desc; fibre; origin; manufacturer,,,,1,,1,1,1,,,CIN7,,CIN7,CIN7,NONE,NO,manufacturer,Men's Sweater - Knitted 100% wiil
CONTINUITY,NEW,,,VN-ONLN-13264,Tommy Bahama Silk Shirt (L),VN-ONLN-13264,Tommy Bahama Silk Shirt (L),CIN7_IMPORT,Vintage,Vintage,1,3,customs desc; fibre; manufacturer,,,,1,,1,,1,,,CIN7,,NONE,,NONE,NO,fibre; manufacturer,Used Vintage garment
CONTINUITY,NEW,,,VN-PNT,Carhartt pant,VN-PNT,Carhartt pant,CIN7_IMPORT,Vintage,Vintage,1,4,HS code; customs desc; fibre; manufacturer,,,1,1,,1,,1,,CIN7,CIN7,,NONE,,NONE,NO,fibre; manufacturer,Used clothing - Vintage
CONTINUITY,NEW,,,EXT-NRD-001A-SCRW,Norda 001A W Scoria,EXT-NRD-001A-SCRW,Norda 001A W Scoria,CIN7_IMPORT,Norda,Norda,7,3,customs desc; fibre; manufacturer,,,,1,,1,,1,,,CIN7,,NONE,,NONE,NO,fibre; manufacturer,Men Shoes
CONTINUITY,NEW,,,EXT-ABL-PNKI,Pink Iris  50 ml Eau de Parfum,EXT-ABL-PNKI,Pink Iris  50 ml Eau de Parfum,CIN7_IMPORT,Abel,Abel,1,3,customs desc; fibre; manufacturer,,,,1,,1,,1,,,CIN7,,NONE,,NONE,NO,fibre; manufacturer,Perfume - Non alcoholic
CONTINUITY,NEW,,,EXT-HB-CDWD,Ceder Wood 10 Minutes Aroma,EXT-HB-CDWD,Ceder Wood 10 Minutes Aroma,CIN7_IMPORT,Hibi,Hibi,1,3,customs desc; fibre; manufacturer,,,,1,,1,,1,,,CIN7,,NONE,,NONE,NO,fibre; manufacturer,Aggerbatti
CONTINUITY,NEW,,,VN-ONLN-12992,Women's Leather Jacket (L),VN-ONLN-12992,Women's Leather Jacket (L),CIN7_IMPORT,Vintage,Vintage,1,3,customs desc; fibre; manufacturer,,,,1,,1,,1,,,CIN7,,NONE,,NONE,NO,fibre; manufacturer,Used Vintage garment
CONTINUITY,NEW,,,VN-ONLN-10120,Zippered pleated linen shirt (L),VN-ONLN-10120,Zippered pleated linen shirt (L),CIN7_IMPORT,Vintage,Vintage,1,3,customs desc; fibre; manufacturer,,,,1,,1,,1,,,CIN7,,NONE,,NONE,NO,fibre; manufacturer,Used Vintage garment
CONTINUITY,NEW,,,EXT-VN-CRJK,Carhartt Jacket,EXT-VN-CRJK,Carhartt Jacket,CIN7_IMPORT,Vintage,Vintage,1,4,HS code; customs desc; fibre; manufacturer,,,1,1,,1,,1,,CIN7,CIN7,,NONE,,NONE,NO,fibre; manufacturer,Used clothing - Vintage
CONTINUITY,NEW,,,VN-ONLN-10827,Armani Jeans Two-way zip Skirt (W33),VN-ONLN-10827,Armani Jeans Two-way zip Skirt (W33),CIN7_IMPORT,Vintage,Vintage,1,3,customs desc; fibre; manufacturer,,,,1,,1,,1,,,CIN7,,NONE,,NONE,NO,fibre; manufacturer,Used Vintage garment
CONTINUITY,NEW,,,VN-ONLN-11137,Silk Resort Shirt (S),VN-ONLN-11137,Silk Resort Shirt (S),CIN7_IMPORT,Vintage,Vintage,1,3,customs desc; fibre; manufacturer,,,,1,,1,,1,,,CIN7,,NONE,,NONE,NO,fibre; manufacturer,Used Vintage garment
CONTINUITY,NEW,,,EXT-VN-BRBQLT,Barbour Quilt Jacket,EXT-VN-BRBQLT,Barbour Quilt Jacket,CIN7_IMPORT,Vintage,Vintage,1,3,customs desc; fibre; manufacturer,,,,1,,1,,1,,,CIN7,,NONE,,NONE,NO,fibre; manufacturer,Used clothing - Vintage
CONTINUITY,NEW,,1,LIV-Needle-BK,Needle Black,LIV-Needle-BK,Needle Black,CIN7_IMPORT,Livid Men,Livid,4,3,customs desc; fibre; manufacturer,,,,1,,1,,1,,,CIN7,,CIN7,,NONE,NO,manufacturer,Men's Sweater - 100% cotton
CONTINUITY,NEW,,,EXT-PNT-W796OR,Rose Old Rose,EXT-PNT-W796OR,Rose Old Rose,CIN7_IMPORT,Pantherella,Pantherella,1,4,HS code; customs desc; fibre; manufacturer,,,1,1,,1,,1,,CIN7,CIN7,,CIN7,,NONE,NO,manufacturer,Socks - 100% wool
CONTINUITY,NEW,,,EXT-PF-04,Teakwood and Tobacco Room and Linen Spray,EXT-PF-04,Teakwood and Tobacco Room and Linen Spray,CIN7_IMPORT,P.F. Candle,P.F. Candles,1,4,HS code; customs desc; fibre; manufacturer,,,1,1,,1,,1,,CIN7,CIN7,,NONE,,NONE,NO,fibre; manufacturer,Scent candles
CONTINUITY,NEW,,,EXT-BS-KY-PS,Kyoto Pure Sage,EXT-BS-KY-PS,Kyoto Pure Sage,CIN7_IMPORT,Birkenstock,Birkenstock,2,3,customs desc; fibre; manufacturer,,,,1,,1,,1,,,CIN7,,CIN7,,NONE,NO,manufacturer,Unisex sandals - 100% leather
CONTINUITY,NEW,,,VN-ONLN-13495,Ralph Lauren Button-Up Shirt (XL),VN-ONLN-13495,Ralph Lauren Button-Up Shirt (XL),CIN7_IMPORT,Vintage,Vintage,1,3,customs desc; fibre; manufacturer,,,,1,,1,,1,,,CIN7,,NONE,,NONE,NO,fibre; manufacturer,Used Vintage garment
CONTINUITY,NEW,,,VN-ONLN-12742,Hilfiger Denim Shirt (XL),VN-ONLN-12742,Hilfiger Denim Shirt (XL),CIN7_IMPORT,Vintage,Vintage,1,3,customs desc; fibre; manufacturer,,,,1,,1,,1,,,CIN7,,NONE,,NONE,NO,fibre; manufacturer,Used Vintage garment
CONTINUITY,NEW,,,VN-ONLN-12312,UIUC Varsity Team Crewneck Sweatshirt (M),VN-ONLN-12312,UIUC Varsity Team Crewneck Sweatshirt (M),CIN7_IMPORT,Vintage,Vintage,1,3,customs desc; fibre; manufacturer,,,,1,,1,,1,,,CIN7,,NONE,,NONE,NO,fibre; manufacturer,Used Vintage garment
CONTINUITY,NEW,,,CHIMI-BLK-52,05.2 Black,CHIMI-BLK-52,05.2 Black,CIN7_IMPORT,Chimi,Chimi,1,3,customs desc; fibre; manufacturer,,,,1,,1,,1,,,CIN7,,NONE,,NONE,NO,fibre; manufacturer,Sunglasses
CONTINUITY,NEW,,,CHIMI-SLST-DTRT,Solstice Dusty Tortoise,CHIMI-SLST-DTRT,Solstice Dusty Tortoise,CIN7_IMPORT,Chimi,Chimi,1,3,customs desc; fibre; manufacturer,,,,1,,1,,1,,,CIN7,,NONE,,NONE,NO,fibre; manufacturer,Sunglasses
CONTINUITY,NEW,,,CHIMI-GRN-013,01.3 Green,CHIMI-GRN-013,01.3 Green,CIN7_IMPORT,Chimi,Chimi,1,3,customs desc; fibre; manufacturer,,,,1,,1,,1,,,CIN7,,NONE,,NONE,NO,fibre; manufacturer,Sunglasses
CONTINUITY,NEW,,,VN-ONLN-13043,Tommy Jeans Denim Skirt (W28),VN-ONLN-13043,Tommy Jeans Denim Skirt (W28),CIN7_IMPORT,Vintage,Vintage,1,3,customs desc; fibre; manufacturer,,,,1,,1,,1,,,CIN7,,NONE,,NONE,NO,fibre; manufacturer,Used Vintage garment
CONTINUITY,NEW,,,EXT-VN-PRSPJR,Pro Sport Jersey,EXT-VN-PRSPJR,Pro Sport Jersey,CIN7_IMPORT,Vintage,Vintage,1,5,HS code; customs desc; fibre; origin; manufacturer,,,1,1,,1,1,1,,CIN7,CIN7,,NONE,CIN7,NONE,NO,fibre; manufacturer,Used clothing - Vintage
CONTINUITY,NEW,,,EXT-PF-IRSS-7.2,Iris Suede 7.2oz Soy Candle,EXT-PF-IRSS-7.2,Iris Suede 7.2oz Soy Candle,CIN7_IMPORT,P.F. Candle,P.F. Candle,1,3,customs desc; fibre; manufacturer,,,,1,,1,,1,,,CIN7,,NONE,,NONE,NO,fibre; manufacturer,Scent candles
CONTINUITY,NEW,,,EXT-PF-AMBRMS,Amber and Moss 7.2 oz Candle,EXT-PF-AMBRMS,Amber and Moss 7.2 oz Candle,CIN7_IMPORT,P.F. Candle,P.F. Candles,1,4,HS code; customs desc; fibre; manufacturer,,,1,1,,1,,1,,CIN7,CIN7,,NONE,,NONE,NO,fibre; manufacturer,Scent candles
CONTINUITY,NEW,,,LIV-TIM-GRN-SEER,Tim Green Seersucker,LIV-TIM-GRN-SEER,Tim Green Seersucker,CIN7_IMPORT,Livid Unisex,Livid,4,3,customs desc; fibre; manufacturer,,,,1,,1,,1,,,CIN7,,CIN7,,NONE,NO,manufacturer,Men's Shirt - 100% cotton
CONTINUITY,NEW,,,LIV-TM-BLCK-BNDD,Tim Black Bonded,LIV-TM-BLCK-BNDD,Tim Black Bonded,CIN7_IMPORT,Livid Unisex,Livid,2,4,customs desc; fibre; origin; manufacturer,,,,1,,1,1,1,,,CIN7,,CIN7,CIN7,NONE,NO,manufacturer,Men's Shirt - 100% cotton
CONTINUITY,NEW,,,EXT-BS-MNTV-BLK,Mantova Patent Black,EXT-BS-MNTV-BLK,Mantova Patent Black,CIN7_IMPORT,Birkenstock,Birkenstock,3,3,customs desc; fibre; manufacturer,,,,1,,1,,1,,,CIN7,,CIN7,,NONE,NO,manufacturer,Unisex sandals - 100% leather
CONTINUITY,NEW,,,VN-ONLN-10023,Polo Jeans Ralph Lauren quarter-zip sweater (2XL),VN-ONLN-10023,Polo Jeans Ralph Lauren quarter-zip sweater (2XL),CIN7_IMPORT,Vintage,Vintage,1,3,customs desc; fibre; manufacturer,,,,1,,1,,1,,,CIN7,,NONE,,NONE,NO,fibre; manufacturer,Used Vintage garment
CONTINUITY,NEW,,,EXT-VN-BANDTEE,Band Tee,EXT-VN-BANDTEE,Band Tee,CIN7_IMPORT,Vintage,Vintage,1,3,customs desc; fibre; manufacturer,,,,1,,1,,1,,,CIN7,,NONE,,NONE,NO,fibre; manufacturer,Used clothing - Vintage
CONTINUITY,NEW,,,VN-ONLN-10010,Tommy Hilfiger check shirt (XL),VN-ONLN-10010,Tommy Hilfiger check shirt (XL),CIN7_IMPORT,Vintage,Vintage,1,3,customs desc; fibre; manufacturer,,,,1,,1,,1,,,CIN7,,NONE,,NONE,NO,fibre; manufacturer,Used Vintage garment
CONTINUITY,NEW,,,VN-ONLN-11590,Woolrich Shirt (L),VN-ONLN-11590,Woolrich Shirt (L),CIN7_IMPORT,Vintage,Vintage,1,3,customs desc; fibre; manufacturer,,,,1,,1,,1,,,CIN7,,NONE,,NONE,NO,fibre; manufacturer,Used Vintage garment
CONTINUITY,NEW,,,VN-ONLN-12713,Silk Resort Shirt (L),VN-ONLN-12713,Silk Resort Shirt (L),CIN7_IMPORT,Vintage,Vintage,1,3,customs desc; fibre; manufacturer,,,,1,,1,,1,,,CIN7,,NONE,,NONE,NO,fibre; manufacturer,Used Vintage garment
CONTINUITY,NEW,,,CHIMI-ARI-BLK,Aria Black,CHIMI-ARI-BLK,Aria Black,CIN7_IMPORT,Chimi,Chimi,1,3,customs desc; fibre; manufacturer,,,,1,,1,,1,,,CIN7,,NONE,,NONE,NO,fibre; manufacturer,Sunglasses
CONTINUITY,NEW,,,VN-ONLN-9235,90's cotton blend roll-neck sweater (M),VN-ONLN-9235,90's cotton blend roll-neck sweater (M),CIN7_IMPORT,Vintage,Vintage,1,3,customs desc; fibre; manufacturer,,,,1,,1,,1,,,CIN7,,NONE,,NONE,NO,fibre; manufacturer,Used Vintage garment
CONTINUITY,NEW,,,VN-ONLN-9346,70's knitted cheerleader varsity jacket (M),VN-ONLN-9346,70's knitted cheerleader varsity jacket (M),CIN7_IMPORT,Vintage,Vintage,1,3,customs desc; fibre; manufacturer,,,,1,,1,,1,,,CIN7,,NONE,,NONE,NO,fibre; manufacturer,Used Vintage garment
CONTINUITY,NEW,,,EXT-BP-S904,904 Ice Tobacco - 30ml,EXT-BP-S904,904 Ice Tobacco - 30ml,CIN7_IMPORT,Bon Parfumeur,Bon Parfumeur,1,3,customs desc; fibre; manufacturer,,,,1,,1,,1,,,CIN7,,NONE,,NONE,NO,fibre; manufacturer,Perfume - Non alcoholic
CONTINUITY,NEW,,,LIV-RCHMND-GRY-PRNT,Richmond Grey Print,LIV-RCHMND-GRY-PRNT,Richmond Grey Print,CIN7_IMPORT,Livid Men,Livid,1,3,customs desc; fibre; manufacturer,,,,1,,1,,1,,,CIN7,,CIN7,,NONE,NO,manufacturer,Men's T-Shirt - 100% Cotton
CONTINUITY,NEW,,,EXT-VN-CHROV,Carhartt Overall,EXT-VN-CHROV,Carhartt Overall,CIN7_IMPORT,Vintage,Vintage,1,4,HS code; customs desc; fibre; manufacturer,,,1,1,,1,,1,,CIN7,CIN7,,NONE,,NONE,NO,fibre; manufacturer,Used clothing - Vintage
CONTINUITY,NEW,,,VIN,RL Shirt Short Sleeve,VIN,RL Shirt Short Sleeve,CIN7_IMPORT,Vintage,Vintage,8,5,HS code; customs desc; fibre; origin; manufacturer,,,1,1,,1,1,1,,CIN7,CIN7,,CIN7,NONE,NONE,NO,origin; manufacturer,Men's Shirt - 100% cotton
CONTINUITY,NEW,,,EXT-VN-NW-LVS,LEVIS DENIM JACKET,EXT-VN-NW-LVS,LEVIS DENIM JACKET,CIN7_IMPORT,Vintage,Vintage,2,5,HS code; customs desc; fibre; origin; manufacturer,,,1,1,,1,1,1,,CIN7,CIN7,,CIN7,NONE,NONE,NO,origin; manufacturer,Men jacket - 100% cotton
CONTINUITY,NEW,,,EXT-ABL-APRT2,The Apartment - 50ML,EXT-ABL-APRT2,The Apartment - 50ML,CIN7_IMPORT,Abel,Abel,1,3,customs desc; fibre; manufacturer,,,,1,,1,,1,,,CIN7,,NONE,,NONE,NO,fibre; manufacturer,Perfume - Non alcoholic
CONTINUITY,NEW,,,EXT-ABL-PNK6,Pink Iris - 6ML,EXT-ABL-PNK6,Pink Iris - 6ML,CIN7_IMPORT,Abel,Abel,1,3,customs desc; fibre; manufacturer,,,,1,,1,,1,,,CIN7,,NONE,,NONE,NO,fibre; manufacturer,Perfume - Non alcoholic
CONTINUITY,NEW,,,EXT-ABL-CBLTA6,Cobalt Amber - 6ML,EXT-ABL-CBLTA6,Cobalt Amber - 6ML,CIN7_IMPORT,Abel,Abel,1,3,customs desc; fibre; manufacturer,,,,1,,1,,1,,,CIN7,,NONE,,NONE,NO,fibre; manufacturer,Perfume - Non alcoholic
CONTINUITY,NEW,,,EXT-ABL-CBLTA2,Cobalt Amber - 50ML,EXT-ABL-CBLTA2,Cobalt Amber - 50ML,CIN7_IMPORT,Abel,Abel,1,3,customs desc; fibre; manufacturer,,,,1,,1,,1,,,CIN7,,NONE,,NONE,NO,fibre; manufacturer,Perfume - Non alcoholic
CONTINUITY,NEW,,,EXT-RW-8085,8085 Iron Ranger Copper Rough & Tough,EXT-RW-8085,8085 Iron Ranger Copper Rough & Tough,CIN7_IMPORT,Red Wing,Red Wing,4,4,HS code; customs desc; fibre; manufacturer,,,1,1,,1,,1,,CIN7,CIN7,,NONE,,NONE,NO,fibre; manufacturer,Men Shoes
CONTINUITY,NEW,,,VN-ONLN-13442,Fort Pillow 5-Mile Run Longsleeve (L),VN-ONLN-13442,Fort Pillow 5-Mile Run Longsleeve (L),CIN7_IMPORT,Vintage,Vintage,1,3,customs desc; fibre; manufacturer,,,,1,,1,,1,,,CIN7,,NONE,,NONE,NO,fibre; manufacturer,Used Vintage garment
CONTINUITY,NEW,,,EXT-VN-JPWRK-JK,Japanese Worker Jacket,EXT-VN-JPWRK-JK,Japanese Worker Jacket,CIN7_IMPORT,Vintage,Vintage,1,3,customs desc; fibre; manufacturer,,,,1,,1,,1,,,CIN7,,NONE,,NONE,NO,fibre; manufacturer,Used clothing - Vintage
CONTINUITY,NEW,,,VN-ONLN-10362,1980's Arizona Wildcats Sweat (M),VN-ONLN-10362,1980's Arizona Wildcats Sweat (M),CIN7_IMPORT,Vintage,Vintage,1,3,customs desc; fibre; manufacturer,,,,1,,1,,1,,,CIN7,,NONE,,NONE,NO,fibre; manufacturer,Used Vintage garment
CONTINUITY,NEW,,,VN-ONLN-13302,Caribbean Linen Shirt (XL),VN-ONLN-13302,Caribbean Linen Shirt (XL),CIN7_IMPORT,Vintage,Vintage,1,3,customs desc; fibre; manufacturer,,,,1,,1,,1,,,CIN7,,NONE,,NONE,NO,fibre; manufacturer,Used Vintage garment
CONTINUITY,NEW,,,VN-ONLN-12430,Tommy Hilfiger V-Neck Knit Sweater (L),VN-ONLN-12430,Tommy Hilfiger V-Neck Knit Sweater (L),CIN7_IMPORT,Vintage,Vintage,1,3,customs desc; fibre; manufacturer,,,,1,,1,,1,,,CIN7,,NONE,,NONE,NO,fibre; manufacturer,Used Vintage garment
CONTINUITY,NEW,,,VN-ONLN-10239,Givenchy Sunglasses (OneSize),VN-ONLN-10239,Givenchy Sunglasses (OneSize),CIN7_IMPORT,Vintage,Vintage,1,3,customs desc; fibre; manufacturer,,,,1,,1,,1,,,CIN7,,NONE,,NONE,NO,fibre; manufacturer,Used Vintage garment
CONTINUITY,NEW,,,CHIMI-GRN-042L,04.2 L Green,CHIMI-GRN-042L,04.2 L Green,CIN7_IMPORT,Chimi,Chimi,1,3,customs desc; fibre; manufacturer,,,,1,,1,,1,,,CIN7,,NONE,,NONE,NO,fibre; manufacturer,Sunglasses
CONTINUITY,NEW,,,VN-ONLN-9454,Kansas City Chiefs NFL Windbreaker (XL),VN-ONLN-9454,Kansas City Chiefs NFL Windbreaker (XL),CIN7_IMPORT,Vintage,Vintage,1,3,customs desc; fibre; manufacturer,,,,1,,1,,1,,,CIN7,,NONE,,NONE,NO,fibre; manufacturer,Used Vintage garment
CONTINUITY,NEW,,,VN-ONLN-9916,Tommy Hilfiger striped oxford shirt (M),VN-ONLN-9916,Tommy Hilfiger striped oxford shirt (M),CIN7_IMPORT,Vintage,Vintage,1,3,customs desc; fibre; manufacturer,,,,1,,1,,1,,,CIN7,,NONE,,NONE,NO,fibre; manufacturer,Used Vintage garment
CONTINUITY,NEW,,,EXT-BP-S402,402 Guilty Vanilla - 30ml,EXT-BP-S402,402 Guilty Vanilla - 30ml,CIN7_IMPORT,Bon Parfumeur,Bon Parfumeur,1,3,customs desc; fibre; manufacturer,,,,1,,1,,1,,,CIN7,,NONE,,NONE,NO,fibre; manufacturer,Perfume - Non alcoholic
CONTINUITY,NEW,,,EXT-HB-OKMS,Oak Moss 10 Minutes Aroma,EXT-HB-OKMS,Oak Moss 10 Minutes Aroma,CIN7_IMPORT,Hibi,Hibi,1,3,customs desc; fibre; manufacturer,,,,1,,1,,1,,,CIN7,,NONE,,NONE,NO,fibre; manufacturer,Aggerbatti
CONTINUITY,NEW,,,EXT-CMP-THLM-BLK,Thelma II Black,EXT-CMP-THLM-BLK,Thelma II Black,CIN7_IMPORT,Camper,Camper,1,3,customs desc; fibre; manufacturer,,,,1,,1,,1,,,CIN7,,NONE,,NONE,NO,fibre; manufacturer,Men Shoes
CONTINUITY,NEW,,,LIV-CV-BN,Cavi Bone,LIV-CV-BN,Cavi Bone,CIN7_IMPORT,Livid Femme,Livid,1,4,customs desc; fibre; origin; manufacturer,,,,1,,1,1,1,,,CIN7,,CIN7,CIN7,NONE,NO,manufacturer,Men's T-Shirt - 100% Cotton
CONTINUITY,NEW,,,VN-ONLN-12260,Lee Sport Super Bowl Denim Shirt (M),VN-ONLN-12260,Lee Sport Super Bowl Denim Shirt (M),CIN7_IMPORT,Vintage,Vintage,1,3,customs desc; fibre; manufacturer,,,,1,,1,,1,,,CIN7,,NONE,,NONE,NO,fibre; manufacturer,Used Vintage garment
CONTINUITY,NEW,,,VN-ONLN-10206,Rochas Sunglasses (OneSize),VN-ONLN-10206,Rochas Sunglasses (OneSize),CIN7_IMPORT,Vintage,Vintage,1,3,customs desc; fibre; manufacturer,,,,1,,1,,1,,,CIN7,,NONE,,NONE,NO,fibre; manufacturer,Used Vintage garment
CONTINUITY,NEW,,,VN-ONLN-12901,Yves Saint Laurent Knit Sweater (L),VN-ONLN-12901,Yves Saint Laurent Knit Sweater (L),CIN7_IMPORT,Vintage,Vintage,1,3,customs desc; fibre; manufacturer,,,,1,,1,,1,,,CIN7,,NONE,,NONE,NO,fibre; manufacturer,Used Vintage garment
CONTINUITY,NEW,,,EXT-VN-PCRDS,Plain Cord Shirt,EXT-VN-PCRDS,Plain Cord Shirt,CIN7_IMPORT,Vintage,Vintage,1,5,HS code; customs desc; fibre; origin; manufacturer,,,1,1,,1,1,1,,CIN7,CIN7,,NONE,CIN7,NONE,NO,fibre; manufacturer,Used clothing - Vintage
CONTINUITY,NEW,,,VN-ONLN-11338,Ralph Lauren Linen Shirt (XL),VN-ONLN-11338,Ralph Lauren Linen Shirt (XL),CIN7_IMPORT,Vintage,Vintage,1,3,customs desc; fibre; manufacturer,,,,1,,1,,1,,,CIN7,,NONE,,NONE,NO,fibre; manufacturer,Used Vintage garment
CONTINUITY,NEW,,,EXT-PNT-W796MRN,Rose Maroon Merino,EXT-PNT-W796MRN,Rose Maroon Merino,CIN7_IMPORT,Pantherella,Pantherella,1,3,customs desc; fibre; manufacturer,,,,1,,1,,1,,,CIN7,,CIN7,,NONE,NO,manufacturer,Socks - 100% wool
CONTINUITY,NEW,,,VN-ONLN-11967,Brooks Brothers Regent Shirt (L),VN-ONLN-11967,Brooks Brothers Regent Shirt (L),CIN7_IMPORT,Vintage,Vintage,1,3,customs desc; fibre; manufacturer,,,,1,,1,,1,,,CIN7,,NONE,,NONE,NO,fibre; manufacturer,Used Vintage garment
CONTINUITY,NEW,,,CHIMI-PLGN-GRGR,Steel Polygon Grey Gradient,CHIMI-PLGN-GRGR,Steel Polygon Grey Gradient,CIN7_IMPORT,Chimi,Chimi,1,3,customs desc; fibre; manufacturer,,,,1,,1,,1,,,CIN7,,NONE,,NONE,NO,fibre; manufacturer,Sunglasses
CONTINUITY,NEW,,,VN-ONLN-10694,L.L. Bean Outdoor Shirt (XL),VN-ONLN-10694,L.L. Bean Outdoor Shirt (XL),CIN7_IMPORT,Vintage,Vintage,1,3,customs desc; fibre; manufacturer,,,,1,,1,,1,,,CIN7,,NONE,,NONE,NO,fibre; manufacturer,Used Vintage garment
CONTINUITY,NEW,,,EXT-KNT-ACT-MGN,Active Bottle 600 mL Magenta,EXT-KNT-ACT-MGN,Active Bottle 600 mL Magenta,CIN7_IMPORT,Kinto,Kinto,1,4,HS code; customs desc; fibre; manufacturer,,,1,1,,1,,1,,NONE,NONE,,NONE,,NONE,NO,HS code; customs desc; fibre; manufacturer,
CONTINUITY,NEW,,,EXT-CMPLB-VMNTRL-BLK,Vamonos Tyrol Black,EXT-CMPLB-VMNTRL-BLK,Vamonos Tyrol Black,CIN7_IMPORT,Camperlab,Camperlab,3,3,customs desc; fibre; manufacturer,,,,1,,1,,1,,,CIN7,,NONE,,NONE,NO,fibre; manufacturer,Men Shoes
CONTINUITY,NEW,,,EXT-DM-CRNR-DRKBRWN,Cornaro Dark Brown,EXT-DM-CRNR-DRKBRWN,Cornaro Dark Brown,CIN7_IMPORT,Diemme,Diemme,1,3,customs desc; fibre; manufacturer,,,,1,,1,,1,,,CIN7,,NONE,,NONE,NO,fibre; manufacturer,Men Shoes
CONTINUITY,NEW,,,LIV-HYSJKT-BK,Hayes Suit Jacket Black,LIV-HYSJKT-BK,Hayes Suit Jacket Black,CIN7_IMPORT,Livid Men,Livid,3,3,customs desc; fibre; manufacturer,,,,1,,1,,1,,,CIN7,,CIN7,,NONE,NO,manufacturer,Men's Suit - 100% wool
CONTINUITY,NEW,,,VN-ONLN-11968,Brooks Brothers Regent Shirt (M),VN-ONLN-11968,Brooks Brothers Regent Shirt (M),CIN7_IMPORT,Vintage,Vintage,1,3,customs desc; fibre; manufacturer,,,,1,,1,,1,,,CIN7,,NONE,,NONE,NO,fibre; manufacturer,Used Vintage garment
CONTINUITY,NEW,,,LIV-KR-SRF-BL,Keri Surf Japan New Blue,LIV-KR-SRF-BL,Keri Surf Japan New Blue,CIN7_IMPORT,Livid Unisex,Livid,6,3,customs desc; fibre; manufacturer,,,,1,,1,,1,,,CIN7,,CIN7,,NONE,NO,manufacturer,Men's Shorts - 100% Cotton
CONTINUITY,NEW,,,VN-ONLN-11506,Light Print Shirt (M),VN-ONLN-11506,Light Print Shirt (M),CIN7_IMPORT,Vintage,Vintage,1,3,customs desc; fibre; manufacturer,,,,1,,1,,1,,,CIN7,,NONE,,NONE,NO,fibre; manufacturer,Used Vintage garment
CONTINUITY,NEW,,,EXT-PB-CLSZMRN,Clusaz Lisse Ecorce,EXT-PB-CLSZMRN,Clusaz Lisse Ecorce,CIN7_IMPORT,Paraboot,Paraboot,4,3,customs desc; fibre; manufacturer,,,,1,,1,,1,,,CIN7,,NONE,,NONE,NO,fibre; manufacturer,Men Shoes
CONTINUITY,NEW,,,VN-ONLN-9021,80's Syracusse Lacrosse Sweat (XL),VN-ONLN-9021,80's Syracusse Lacrosse Sweat (XL),CIN7_IMPORT,Vintage,Vintage,1,3,customs desc; fibre; manufacturer,,,,1,,1,,1,,,CIN7,,NONE,,NONE,NO,fibre; manufacturer,Used Vintage garment
CONTINUITY,NEW,,,VN-ONLN-13280,Lee Sport Pittsburgh Steelers Tee (L),VN-ONLN-13280,Lee Sport Pittsburgh Steelers Tee (L),CIN7_IMPORT,Vintage,Vintage,1,3,customs desc; fibre; manufacturer,,,,1,,1,,1,,,CIN7,,NONE,,NONE,NO,fibre; manufacturer,Used Vintage garment
CONTINUITY,NEW,,,VN-ONLN-11822,Ralph Lauren Denim Shirt (S),VN-ONLN-11822,Ralph Lauren Denim Shirt (S),CIN7_IMPORT,Vintage,Vintage,1,3,customs desc; fibre; manufacturer,,,,1,,1,,1,,,CIN7,,NONE,,NONE,NO,fibre; manufacturer,Used Vintage garment
CONTINUITY,NEW,,,VN-ONLN-12232,Traditional Wool Knit Sweater (M),VN-ONLN-12232,Traditional Wool Knit Sweater (M),CIN7_IMPORT,Vintage,Vintage,1,3,customs desc; fibre; manufacturer,,,,1,,1,,1,,,CIN7,,NONE,,NONE,NO,fibre; manufacturer,Used Vintage garment
CONTINUITY,NEW,,,EXT-VIN-PR,Selected Coat,EXT-VIN-PR,Selected Coat,CIN7_IMPORT,Vintage,Vintage,3,5,HS code; customs desc; fibre; origin; manufacturer,,,1,1,,1,1,1,,CIN7,CIN7,,CIN7,NONE,NONE,NO,origin; manufacturer,Men jacket - 100% cotton
CONTINUITY,NEW,,,EXT-SV-SPRSLDRF,Santal SUPR Solid Refill,EXT-SV-SPRSLDRF,Santal SUPR Solid Refill,CIN7_IMPORT,Son Venin,Son Venin,1,3,customs desc; fibre; manufacturer,,,,1,,1,,1,,,CIN7,,NONE,,NONE,NO,fibre; manufacturer,Perfume - Non alcoholic
CONTINUITY,NEW,,,VIN-LVS-DNMJKT-SLCT,Selected Denim Jackets,VIN-LVS-DNMJKT-SLCT,Selected Denim Jackets,CIN7_IMPORT,Vintage,Vintage,1,3,customs desc; fibre; manufacturer,,,,1,,1,,1,,,CIN7,,NONE,,NONE,NO,fibre; manufacturer,Used clothing - Vintage
CONTINUITY,NEW,,,VN-ONLN-13374,Ralph Lauren Blake Shirt (XL),VN-ONLN-13374,Ralph Lauren Blake Shirt (XL),CIN7_IMPORT,Vintage,Vintage,1,3,customs desc; fibre; manufacturer,,,,1,,1,,1,,,CIN7,,NONE,,NONE,NO,fibre; manufacturer,Used Vintage garment
CONTINUITY,NEW,,,LIV-NSH-BLCK,Nash Black,LIV-NSH-BLCK,Nash Black,CIN7_IMPORT,Livid Unisex,Livid,6,3,customs desc; fibre; manufacturer,,,,1,,1,,1,,,CIN7,,CIN7,,NONE,NO,manufacturer,Men jacket - 100% Wool
CONTINUITY,NEW,,,EXT-CMPLB-QTL-BLK,Quetal Black,EXT-CMPLB-QTL-BLK,Quetal Black,CIN7_IMPORT,Camperlab,Camperlab,2,3,customs desc; fibre; manufacturer,,,,1,,1,,1,,,CIN7,,NONE,,NONE,NO,fibre; manufacturer,Men Shoes
CONTINUITY,NEW,,,EXT-CMP-PXBCN-BLK,Pix BCN Black,EXT-CMP-PXBCN-BLK,Pix BCN Black,CIN7_IMPORT,Camper,Camper,2,3,customs desc; fibre; manufacturer,,,,1,,1,,1,,,CIN7,,NONE,,NONE,NO,fibre; manufacturer,Men Shoes
CONTINUITY,NEW,,,EXT-TRV-EH-BRS,Easy Hiker Dark Brown Suede,EXT-TRV-EH-BRS,Easy Hiker Dark Brown Suede,CIN7_IMPORT,Tarvas,Tarvas,7,5,HS code; customs desc; weight; fibre; manufacturer,,,1,1,1,1,,1,,NONE,NONE,NONE,NONE,,NONE,NO,HS code; customs desc; weight; fibre; manufacturer,
CONTINUITY,NEW,,,LIV-Lou-L-O,Lou Long Off-White,LIV-Lou-L-O,Lou Long Off-White,CIN7_IMPORT,Livid Men,Livid,5,3,customs desc; fibre; manufacturer,,,,1,,1,,1,,,CIN7,,CIN7,,NONE,NO,manufacturer,Men's Shorts - 100% Cotton
CONTINUITY,NEW,,,LIV-BRL-JPFD,Burley Japan Fade,LIV-BRL-JPFD,Burley Japan Fade,CIN7_IMPORT,Livid Femme,Livid,1,3,customs desc; fibre; manufacturer,,,,1,,1,,1,,,CIN7,,CIN7,,NONE,NO,manufacturer,Men's jeans - 100% cotton
CONTINUITY,NEW,,,LIV-IMP-JNE-IND,Jone Japan Indigo (Imperfect),LIV-IMP-JNE-IND,Jone Japan Indigo (Imperfect),CIN7_IMPORT,Livid Imperfect,Livid,2,6,HS code; customs desc; weight; fibre; origin; manufacturer,,,1,1,1,1,1,1,,NONE,CIN7,NONE,NONE,CIN7,NONE,NO,HS code; weight; fibre; manufacturer,
CONTINUITY,NEW,,,EXT-VN-FRMNCT,Fireman coat,EXT-VN-FRMNCT,Fireman coat,CIN7_IMPORT,Vintage,Vintage,1,3,customs desc; fibre; manufacturer,,,,1,,1,,1,,,CIN7,,NONE,,NONE,NO,fibre; manufacturer,Used clothing - Vintage
CONTINUITY,NEW,,,VN-ONLN-10398,Tommy Bahama Silk Shirt (L) (L),VN-ONLN-10398,Tommy Bahama Silk Shirt (L) (L),CIN7_IMPORT,Vintage,Vintage,1,3,customs desc; fibre; manufacturer,,,,1,,1,,1,,,CIN7,,NONE,,NONE,NO,fibre; manufacturer,Used Vintage garment
CONTINUITY,NEW,,,VN-ONLN-13349,Stone Island Denim Jacket (M),VN-ONLN-13349,Stone Island Denim Jacket (M),CIN7_IMPORT,Vintage,Vintage,1,3,customs desc; fibre; manufacturer,,,,1,,1,,1,,,CIN7,,NONE,,NONE,NO,fibre; manufacturer,Used Vintage garment
CONTINUITY,NEW,,,EXT-VN-PRBL-LNGSL,Print Blouse Long Sleeve,EXT-VN-PRBL-LNGSL,Print Blouse Long Sleeve,CIN7_IMPORT,Vintage,Vintage,1,5,HS code; customs desc; fibre; origin; manufacturer,,,1,1,,1,1,1,,CIN7,CIN7,,NONE,CIN7,NONE,NO,fibre; manufacturer,Used clothing - Vintage
CONTINUITY,NEW,,,EXT-VN-PRSPJ,Pro Sport Starter Jacket,EXT-VN-PRSPJ,Pro Sport Starter Jacket,CIN7_IMPORT,Vintage,Vintage,1,5,HS code; customs desc; fibre; origin; manufacturer,,,1,1,,1,1,1,,CIN7,CIN7,,NONE,CIN7,NONE,NO,fibre; manufacturer,Used clothing - Vintage
CONTINUITY,NEW,,,LIV-T-JPN-BL,Tia Japan Blue,LIV-T-JPN-BL,Tia Japan Blue,CIN7_IMPORT,Livid Femme,Livid,1,3,customs desc; fibre; manufacturer,,,,1,,1,,1,,,CIN7,,CIN7,,NONE,NO,manufacturer,Men's jeans - 100% cotton
CONTINUITY,NEW,,,EXT-BP-BP502EDP30,502 Eau de Parfum,EXT-BP-BP502EDP30,502 Eau de Parfum,CIN7_IMPORT,Bon Parfumeur,Bon Parfumeur,1,3,customs desc; fibre; manufacturer,,,,1,,1,,1,,,CIN7,,NONE,,NONE,NO,fibre; manufacturer,Perfume - Non alcoholic
CONTINUITY,NEW,,,EXT-VN-HRLT,Harley Tee,EXT-VN-HRLT,Harley Tee,CIN7_IMPORT,Vintage,Vintage,1,3,customs desc; fibre; manufacturer,,,,1,,1,,1,,,CIN7,,NONE,,NONE,NO,fibre; manufacturer,Used clothing - Vintage
CONTINUITY,NEW,,,EXT-PF-WHTDIFF,Wild Herb Tonic Reed Diffuser,EXT-PF-WHTDIFF,Wild Herb Tonic Reed Diffuser,CIN7_IMPORT,P.F. Candle,P.F. Candle,1,4,HS code; customs desc; fibre; manufacturer,,,1,1,,1,,1,,CIN7,CIN7,,NONE,,NONE,NO,fibre; manufacturer,Scent candles
CONTINUITY,NEW,,,EXT-HST-EML-OF,Emilia Offwhite/Natural grey,EXT-HST-EML-OF,Emilia Offwhite/Natural grey,CIN7_IMPORT,Hestra,Hestra,1,4,HS code; customs desc; fibre; manufacturer,,,1,1,,1,,1,,NONE,NONE,,NONE,,NONE,NO,HS code; customs desc; fibre; manufacturer,
CONTINUITY,NEW,,,EXT-JS-TG,Jacobsen & Svart,EXT-JS-TG,Jacobsen & Svart,CIN7_IMPORT,Jacobsen & Svart,Jacobsen & Svart,1,5,HS code; customs desc; fibre; origin; manufacturer,,,1,1,,1,1,1,,NONE,NONE,,NONE,NONE,NONE,NO,HS code; customs desc; fibre; origin; manufacturer,
CONTINUITY,NEW,,,CHIMI-LBR-12,12 Light Brown,CHIMI-LBR-12,12 Light Brown,CIN7_IMPORT,Chimi,Chimi,1,3,customs desc; fibre; manufacturer,,,,1,,1,,1,,,CIN7,,NONE,,NONE,NO,fibre; manufacturer,Sunglasses
CONTINUITY,NEW,,,EXT-KNT-WB-950-BLU,Water Bottle 950 ml Blue,EXT-KNT-WB-950-BLU,Water Bottle 950 ml Blue,CIN7_IMPORT,Kinto,Kinto,1,5,HS code; customs desc; fibre; origin; manufacturer,,,1,1,,1,1,1,,NONE,NONE,,NONE,NONE,NONE,NO,HS code; customs desc; fibre; origin; manufacturer,
CONTINUITY,NEW,,,EXT-PF-VNGP-7.2G,Vanilla & Ghost Pepper 7.2oz Candle - Green Vault,EXT-PF-VNGP-7.2G,Vanilla & Ghost Pepper 7.2oz Candle - Green Vault,CIN7_IMPORT,P.F. Candle,P.F. Candle,1,4,HS code; customs desc; fibre; manufacturer,,,1,1,,1,,1,,CIN7,CIN7,,NONE,,NONE,NO,fibre; manufacturer,Scent candles
CONTINUITY,NEW,,,EXT-ICHI-SWD,Sandalwood Incense,EXT-ICHI-SWD,Sandalwood Incense,CIN7_IMPORT,Ichiko Ichie,Ichiko Ichie,1,4,HS code; customs desc; fibre; manufacturer,,,1,1,,1,,1,,CIN7,CIN7,,NONE,,NONE,NO,fibre; manufacturer,Perfume - Non alcoholic
CONTINUITY,NEW,,,LIV-DN-JP-OPT,Dunn Japan Optic,LIV-DN-JP-OPT,Dunn Japan Optic,CIN7_IMPORT,Livid Unisex,Livid,1,3,customs desc; fibre; manufacturer,,,,1,,1,,1,,,CIN7,,CIN7,,NONE,NO,manufacturer,Men's Cap 100% cotton
CONTINUITY,NEW,,,EXT-ABL-LNDR6,Laundry Day - 6ML,EXT-ABL-LNDR6,Laundry Day - 6ML,CIN7_IMPORT,Abel,Abel,1,3,customs desc; fibre; manufacturer,,,,1,,1,,1,,,CIN7,,NONE,,NONE,NO,fibre; manufacturer,Perfume - Non alcoholic
CONTINUITY,NEW,,,EXT-BS-MNTV-TP,Mantova Suede Taupe,EXT-BS-MNTV-TP,Mantova Suede Taupe,CIN7_IMPORT,Birkenstock,Birkenstock,2,3,customs desc; fibre; manufacturer,,,,1,,1,,1,,,CIN7,,CIN7,,NONE,NO,manufacturer,Unisex sandals - 100% leather
CONTINUITY,NEW,,,EXT-PF-WHT-7.2,Wild Herb Tonic 7.2 Oz Candle,EXT-PF-WHT-7.2,Wild Herb Tonic 7.2 Oz Candle,CIN7_IMPORT,P.F. Candle,P.F. Candle,1,4,HS code; customs desc; fibre; manufacturer,,,1,1,,1,,1,,CIN7,CIN7,,NONE,,NONE,NO,fibre; manufacturer,Scent candles
CONTINUITY,NEW,,,VN-ONLN-11478,Light Print Shirt (L),VN-ONLN-11478,Light Print Shirt (L),CIN7_IMPORT,Vintage,Vintage,1,3,customs desc; fibre; manufacturer,,,,1,,1,,1,,,CIN7,,NONE,,NONE,NO,fibre; manufacturer,Used Vintage garment
CONTINUITY,NEW,,,EXT-VN-LTHCT,Leather Coat,EXT-VN-LTHCT,Leather Coat,CIN7_IMPORT,Vintage,Vintage,1,3,customs desc; fibre; manufacturer,,,,1,,1,,1,,,CIN7,,NONE,,NONE,NO,fibre; manufacturer,Used clothing - Vintage
CONTINUITY,NEW,,,EXT-VN-PRNT-SHRT,Print shirt long sleeve,EXT-VN-PRNT-SHRT,Print shirt long sleeve,CIN7_IMPORT,Vintage,Vintage,2,5,HS code; customs desc; fibre; origin; manufacturer,,,1,1,,1,1,1,,CIN7,CIN7,,CIN7,NONE,NONE,NO,origin; manufacturer,Men's Shirt - 100% cotton
CONTINUITY,NEW,,,EXT-STM-LTE-SKT,Cirrus Lite Travel Steamer Sky & Terra,EXT-STM-LTE-SKT,Cirrus Lite Travel Steamer Sky & Terra,CIN7_IMPORT,Steamery,Steamery,1,4,HS code; customs desc; fibre; manufacturer,,,1,1,,1,,1,,NONE,NONE,,NONE,,NONE,NO,HS code; customs desc; fibre; manufacturer,
CONTINUITY,NEW,,,EXT-KNT-WB-950-SMK,Water Bottle 950 ml Smoke,EXT-KNT-WB-950-SMK,Water Bottle 950 ml Smoke,CIN7_IMPORT,Kinto,Kinto,1,5,HS code; customs desc; fibre; origin; manufacturer,,,1,1,,1,1,1,,NONE,NONE,,NONE,NONE,NONE,NO,HS code; customs desc; fibre; origin; manufacturer,
CONTINUITY,NEW,,,VN-SHRT,Jumbo Cord Shirt,VN-SHRT,Jumbo Cord Shirt,CIN7_IMPORT,Vintage,Vintage,1,5,HS code; customs desc; fibre; origin; manufacturer,,,1,1,,1,1,1,,CIN7,CIN7,,CIN7,NONE,NONE,NO,origin; manufacturer,Men's Shirt - 100% cotton
CONTINUITY,NEW,,,EXT-HST-VLR-CML,Valeria Mitt Camel,EXT-HST-VLR-CML,Valeria Mitt Camel,CIN7_IMPORT,Hestra,Hestra,2,3,customs desc; fibre; manufacturer,,,,1,,1,,1,,,CIN7,,CIN7,,NONE,NO,manufacturer,Leather Gloves
CONTINUITY,NEW,,,VN-ONLN-9772,Tommy Hilfiger light wool sweater (S),VN-ONLN-9772,Tommy Hilfiger light wool sweater (S),CIN7_IMPORT,Vintage,Vintage,1,3,customs desc; fibre; manufacturer,,,,1,,1,,1,,,CIN7,,NONE,,NONE,NO,fibre; manufacturer,Used Vintage garment
CONTINUITY,NEW,,,VN-ONLN-10789,Trussardi Jeans Denim Shirt (XL),VN-ONLN-10789,Trussardi Jeans Denim Shirt (XL),CIN7_IMPORT,Vintage,Vintage,1,3,customs desc; fibre; manufacturer,,,,1,,1,,1,,,CIN7,,NONE,,NONE,NO,fibre; manufacturer,Used Vintage garment
CONTINUITY,NEW,,,CHIMI-EDTH-BRWN,Edith Dark Brown,CHIMI-EDTH-BRWN,Edith Dark Brown,CIN7_IMPORT,Chimi,Chimi,1,3,customs desc; fibre; manufacturer,,,,1,,1,,1,,,CIN7,,NONE,,NONE,NO,fibre; manufacturer,Sunglasses
CONTINUITY,NEW,,,EXT-VN-PFRVST,Puffer Vest,EXT-VN-PFRVST,Puffer Vest,CIN7_IMPORT,Vintage,Vintage,1,5,HS code; customs desc; fibre; origin; manufacturer,,,1,1,,1,1,1,,CIN7,CIN7,,NONE,CIN7,NONE,NO,fibre; manufacturer,Used clothing - Vintage
CONTINUITY,NEW,,,VIN-JQ,Jaquard Knit,VIN-JQ,Jaquard Knit,CIN7_IMPORT,Vintage,Vintage,1,5,HS code; customs desc; fibre; origin; manufacturer,,,1,1,,1,1,1,,CIN7,CIN7,,CIN7,NONE,NONE,NO,origin; manufacturer,Men's Sweater - Knitted 100% wiil
CONTINUITY,NEW,,,EXT-KNT-WB-500-BLU,Water Bottle 500 ml Blue,EXT-KNT-WB-500-BLU,Water Bottle 500 ml Blue,CIN7_IMPORT,Kinto,Kinto,1,5,HS code; customs desc; fibre; origin; manufacturer,,,1,1,,1,1,1,,NONE,NONE,,NONE,NONE,NONE,NO,HS code; customs desc; fibre; origin; manufacturer,
CONTINUITY,NEW,,,EXT-PF-WTMCH-7.2,Watermelon and Chili 7.2 Oz Candle,EXT-PF-WTMCH-7.2,Watermelon and Chili 7.2 Oz Candle,CIN7_IMPORT,P.F. Candle,P.F. Candle,1,4,HS code; customs desc; fibre; manufacturer,,,1,1,,1,,1,,CIN7,CIN7,,NONE,,NONE,NO,fibre; manufacturer,Scent candles
CONTINUITY,NEW,,,EXT-TRV-WND-BLL,Wanderer Black Leather,EXT-TRV-WND-BLL,Wanderer Black Leather,CIN7_IMPORT,Tarvas,Tarvas,6,5,HS code; customs desc; weight; fibre; manufacturer,,,1,1,1,1,,1,,NONE,NONE,NONE,NONE,,NONE,NO,HS code; customs desc; weight; fibre; manufacturer,
CONTINUITY,NEW,,,EXT-NOV-SMWHT,Star Master White,EXT-NOV-SMWHT,Star Master White,CIN7_IMPORT,Novesta,Novesta,2,3,customs desc; fibre; manufacturer,,,,1,,1,,1,,,CIN7,,NONE,,NONE,NO,fibre; manufacturer,Men Shoes
CONTINUITY,NEW,,,EXT-ABL-MSPL6,Miami Split - 6ml,EXT-ABL-MSPL6,Miami Split - 6ml,CIN7_IMPORT,Abel,Abel,1,3,customs desc; fibre; manufacturer,,,,1,,1,,1,,,CIN7,,NONE,,NONE,NO,fibre; manufacturer,Perfume - Non alcoholic
CONTINUITY,NEW,,,VN-ONLN-12843,Diesel Longsleeve (S),VN-ONLN-12843,Diesel Longsleeve (S),CIN7_IMPORT,Vintage,Vintage,1,3,customs desc; fibre; manufacturer,,,,1,,1,,1,,,CIN7,,NONE,,NONE,NO,fibre; manufacturer,Used Vintage garment
CONTINUITY,NEW,,,VN-ONLN-12685,Tommy Hilfiger Striped Shirt  (M),VN-ONLN-12685,Tommy Hilfiger Striped Shirt  (M),CIN7_IMPORT,Vintage,Vintage,1,3,customs desc; fibre; manufacturer,,,,1,,1,,1,,,CIN7,,NONE,,NONE,NO,fibre; manufacturer,Used Vintage garment
CONTINUITY,NEW,,,LIV-BNKS-TCH-BK,Dunn Black Tech (OLD),LIV-BNKS-TCH-BK,Dunn Black Tech (OLD),CIN7_IMPORT,Livid Unisex,Livid,1,3,customs desc; fibre; manufacturer,,,,1,,1,,1,,,CIN7,,CIN7,,NONE,NO,manufacturer,Men's Cap 100% cotton
CONTINUITY,NEW,,,VN-ONLN-10032,Quicksilver Textured woven shirt (XL),VN-ONLN-10032,Quicksilver Textured woven shirt (XL),CIN7_IMPORT,Vintage,Vintage,1,3,customs desc; fibre; manufacturer,,,,1,,1,,1,,,CIN7,,NONE,,NONE,NO,fibre; manufacturer,Used Vintage garment
CONTINUITY,NEW,,,EXT-PF-CTHCL-7.2,Cathedral Clove 7.2oz Soy Candle - Limited Seasonal,EXT-PF-CTHCL-7.2,Cathedral Clove 7.2oz Soy Candle - Limited Seasonal,CIN7_IMPORT,P.F. Candle,P.F. Candle,1,3,customs desc; fibre; manufacturer,,,,1,,1,,1,,,CIN7,,NONE,,NONE,NO,fibre; manufacturer,Scent candles
CONTINUITY,NEW,,,VN-ONLN-9986,Champion Reverse Weave Sweatshirt (M),VN-ONLN-9986,Champion Reverse Weave Sweatshirt (M),CIN7_IMPORT,Vintage,Vintage,1,3,customs desc; fibre; manufacturer,,,,1,,1,,1,,,CIN7,,NONE,,NONE,NO,fibre; manufacturer,Used Vintage garment
CONTINUITY,NEW,,,EXT-VN-LLWSH,LLW Denim shorts,EXT-VN-LLWSH,LLW Denim shorts,CIN7_IMPORT,Vintage,Vintage,1,3,customs desc; fibre; manufacturer,,,,1,,1,,1,,,CIN7,,NONE,,NONE,NO,fibre; manufacturer,Used clothing - Vintage
CONTINUITY,NEW,,,EXT-VN-WSTSH,Western shirt,EXT-VN-WSTSH,Western shirt,CIN7_IMPORT,Vintage,Vintage,1,3,customs desc; fibre; manufacturer,,,,1,,1,,1,,,CIN7,,NONE,,NONE,NO,fibre; manufacturer,Used clothing - Vintage
CONTINUITY,NEW,,,VN-ONLN-12990,Yachting Club Italy Quarter Zip Hoodie (XL),VN-ONLN-12990,Yachting Club Italy Quarter Zip Hoodie (XL),CIN7_IMPORT,Vintage,Vintage,1,3,customs desc; fibre; manufacturer,,,,1,,1,,1,,,CIN7,,NONE,,NONE,NO,fibre; manufacturer,Used Vintage garment
CONTINUITY,NEW,,,VN-ONLN-9962,Eddie Bauer striped Chamois shirt (L),VN-ONLN-9962,Eddie Bauer striped Chamois shirt (L),CIN7_IMPORT,Vintage,Vintage,1,3,customs desc; fibre; manufacturer,,,,1,,1,,1,,,CIN7,,NONE,,NONE,NO,fibre; manufacturer,Used Vintage garment
CONTINUITY,NEW,,,VN-ONLN-13134,Polo by Ralph Lauren Linen Shirt (L),VN-ONLN-13134,Polo by Ralph Lauren Linen Shirt (L),CIN7_IMPORT,Vintage,Vintage,1,3,customs desc; fibre; manufacturer,,,,1,,1,,1,,,CIN7,,NONE,,NONE,NO,fibre; manufacturer,Used Vintage garment
CONTINUITY,NEW,,,VN-ONLN-12001,G-Star Raw Wool Shirt (2XL),VN-ONLN-12001,G-Star Raw Wool Shirt (2XL),CIN7_IMPORT,Vintage,Vintage,1,3,customs desc; fibre; manufacturer,,,,1,,1,,1,,,CIN7,,NONE,,NONE,NO,fibre; manufacturer,Used Vintage garment
CONTINUITY,NEW,,,LIV-Noah-S-G,Nora Sage Green,LIV-Noah-S-G,Nora Sage Green,CIN7_IMPORT,Livid Femme,Livid,3,3,customs desc; fibre; manufacturer,,,,1,,1,,1,,,CIN7,,CIN7,,NONE,NO,manufacturer,Men's T-Shirt - 100% Cotton
CONTINUITY,NEW,,,LIV-BRNS-JPN-GRVL,Barnes Japan Gravel,LIV-BRNS-JPN-GRVL,Barnes Japan Gravel,CIN7_IMPORT,Livid Men,Livid,11,3,customs desc; fibre; manufacturer,,,,1,,1,,1,,,CIN7,,CIN7,,NONE,NO,manufacturer,Men's jeans - 100% cotton
CONTINUITY,NEW,,,VN-ONLN-13245,Silk Resort Shirt (M),VN-ONLN-13245,Silk Resort Shirt (M),CIN7_IMPORT,Vintage,Vintage,1,3,customs desc; fibre; manufacturer,,,,1,,1,,1,,,CIN7,,NONE,,NONE,NO,fibre; manufacturer,Used Vintage garment
CONTINUITY,NEW,,,EXT-PF-OJADIFF,Ojai Lavender Reed Diffuser,EXT-PF-OJADIFF,Ojai Lavender Reed Diffuser,CIN7_IMPORT,P.F. Candle,P.F. Candle,1,4,HS code; customs desc; fibre; manufacturer,,,1,1,,1,,1,,CIN7,CIN7,,NONE,,NONE,NO,fibre; manufacturer,Scent candles
CONTINUITY,NEW,,,VN-ONLN-12191,Van Heusen Flannel Shirt (L),VN-ONLN-12191,Van Heusen Flannel Shirt (L),CIN7_IMPORT,Vintage,Vintage,1,3,customs desc; fibre; manufacturer,,,,1,,1,,1,,,CIN7,,NONE,,NONE,NO,fibre; manufacturer,Used Vintage garment
CONTINUITY,NEW,,,EXT-KNT-WB-950-CLR,Water Bottle 950 ml Clear,EXT-KNT-WB-950-CLR,Water Bottle 950 ml Clear,CIN7_IMPORT,Kinto,Kinto,1,5,HS code; customs desc; fibre; origin; manufacturer,,,1,1,,1,1,1,,NONE,NONE,,NONE,NONE,NONE,NO,HS code; customs desc; fibre; origin; manufacturer,
CONTINUITY,NEW,,,EXT-PF-ANMR-7.2,Ancient Myrrh 7.2oz Soy Candle - Limited Seasonal Collection,EXT-PF-ANMR-7.2,Ancient Myrrh 7.2oz Soy Candle - Limited Seasonal Collection,CIN7_IMPORT,P.F. Candle,P.F. Candle,1,3,customs desc; fibre; manufacturer,,,,1,,1,,1,,,CIN7,,NONE,,NONE,NO,fibre; manufacturer,Scent candles
CONTINUITY,NEW,,,VN-ONLN-13445,Wrangler Western Aztec Shirt  (XL),VN-ONLN-13445,Wrangler Western Aztec Shirt  (XL),CIN7_IMPORT,Vintage,Vintage,1,3,customs desc; fibre; manufacturer,,,,1,,1,,1,,,CIN7,,NONE,,NONE,NO,fibre; manufacturer,Used Vintage garment
CONTINUITY,NEW,,,VN-ONLN-12411,Tommy Jeans Flannel Shirt (L),VN-ONLN-12411,Tommy Jeans Flannel Shirt (L),CIN7_IMPORT,Vintage,Vintage,1,3,customs desc; fibre; manufacturer,,,,1,,1,,1,,,CIN7,,NONE,,NONE,NO,fibre; manufacturer,Used Vintage garment
CONTINUITY,NEW,,,EXT-PF-SLVM-7.2,Silver Mist 7.2oz Soy Candle - Limited Seasonal Collection,EXT-PF-SLVM-7.2,Silver Mist 7.2oz Soy Candle - Limited Seasonal Collection,CIN7_IMPORT,P.F. Candle,P.F. Candle,1,3,customs desc; fibre; manufacturer,,,,1,,1,,1,,,CIN7,,NONE,,NONE,NO,fibre; manufacturer,Scent candles
CONTINUITY,NEW,,,LIV-REPSS,Reparasjon,LIV-REPSS,Reparasjon,CIN7_IMPORT,Livid,Livid,1,6,price; HS code; customs desc; fibre; origin; manufacturer,,1,1,1,,1,1,1,NONE,CIN7,CIN7,,NONE,CIN7,NONE,NO,price; fibre; manufacturer,REPAIRED jeans
CONTINUITY,NEW,,,EXT-KNT-WB-950-AMB,Water Bottle 950 ml Amber,EXT-KNT-WB-950-AMB,Water Bottle 950 ml Amber,CIN7_IMPORT,Kinto,Kinto,1,5,HS code; customs desc; fibre; origin; manufacturer,,,1,1,,1,1,1,,NONE,NONE,,NONE,NONE,NONE,NO,HS code; customs desc; fibre; origin; manufacturer,
CONTINUITY,NEW,,,IMP-LIV-JLL-JPN-DWN,Joelle Japan Dawn 31 32*,IMP-LIV-JLL-JPN-DWN,Joelle Japan Dawn 31 32*,CIN7_IMPORT,Livid Femme,Livid,11,3,customs desc; fibre; manufacturer,,,,1,,1,,1,,,CIN7,,CIN7,,NONE,NO,manufacturer,Men's jeans - 100% cotton
CONTINUITY,NEW,,,EXT-NV-MRK-JNS,Market Jeans,EXT-NV-MRK-JNS,Market Jeans,CIN7_IMPORT,Vintage,Vintage,1,3,customs desc; fibre; manufacturer,,,,1,,1,,1,,,CIN7,,NONE,,NONE,NO,fibre; manufacturer,Used clothing - Vintage
CONTINUITY,NEW,,,VN-ONLN-12280,Polo by Ralph Lauren Blake Shirt (3XL),VN-ONLN-12280,Polo by Ralph Lauren Blake Shirt (3XL),CIN7_IMPORT,Vintage,Vintage,1,3,customs desc; fibre; manufacturer,,,,1,,1,,1,,,CIN7,,NONE,,NONE,NO,fibre; manufacturer,Used Vintage garment
CONTINUITY,NEW,,,VN-ONLN-12039,Marlboro Classics Suit Jacket (XL),VN-ONLN-12039,Marlboro Classics Suit Jacket (XL),CIN7_IMPORT,Vintage,Vintage,1,3,customs desc; fibre; manufacturer,,,,1,,1,,1,,,CIN7,,NONE,,NONE,NO,fibre; manufacturer,Used Vintage garment
CONTINUITY,NEW,,,EXT-PF-21,O. 21 Golden Coast 12.5 Oz,EXT-PF-21,O. 21 Golden Coast 12.5 Oz,CIN7_IMPORT,P.F. Candle,P.F. Candles,1,4,HS code; customs desc; fibre; manufacturer,,,1,1,,1,,1,,CIN7,CIN7,,NONE,,NONE,NO,fibre; manufacturer,Scent candles
CONTINUITY,NEW,,,VN-ONLN-12546,Lightweight Leather Jacket (S),VN-ONLN-12546,Lightweight Leather Jacket (S),CIN7_IMPORT,Vintage,Vintage,1,3,customs desc; fibre; manufacturer,,,,1,,1,,1,,,CIN7,,NONE,,NONE,NO,fibre; manufacturer,Used Vintage garment
CONTINUITY,NEW,,,LIV-HYS-TP,Hayes Suitpant Taupe,LIV-HYS-TP,Hayes Suitpant Taupe,CIN7_IMPORT,Livid Men,Livid,3,3,customs desc; fibre; manufacturer,,,,1,,1,,1,,,CIN7,,CIN7,,NONE,NO,manufacturer,Men's Suit - 100% wool
CONTINUITY,NEW,,,VN-ONLN-13360,Levi's Engineered Jeans Denim Shorts (W36),VN-ONLN-13360,Levi's Engineered Jeans Denim Shorts (W36),CIN7_IMPORT,Vintage,Vintage,1,3,customs desc; fibre; manufacturer,,,,1,,1,,1,,,CIN7,,NONE,,NONE,NO,fibre; manufacturer,Used Vintage garment
CONTINUITY,NEW,,,EXT-SP,Omni’Nettoyant Shoe Cleaner,EXT-SP,Omni’Nettoyant Shoe Cleaner,CIN7_IMPORT,Saphir,Saphir,1,5,HS code; customs desc; fibre; origin; manufacturer,,,1,1,,1,1,1,,CIN7,CIN7,,NONE,NONE,NONE,NO,fibre; origin; manufacturer,Shoe cream
CONTINUITY,NEW,,,VN-ONLN-12422,Flower Jaqaurd Knit Sweater (S),VN-ONLN-12422,Flower Jaqaurd Knit Sweater (S),CIN7_IMPORT,Vintage,Vintage,1,3,customs desc; fibre; manufacturer,,,,1,,1,,1,,,CIN7,,NONE,,NONE,NO,fibre; manufacturer,Used Vintage garment
CONTINUITY,NEW,,,CHIMI-TRT-12,12 Tortoise,CHIMI-TRT-12,12 Tortoise,CIN7_IMPORT,Chimi,Chimi,1,3,customs desc; fibre; manufacturer,,,,1,,1,,1,,,CIN7,,NONE,,NONE,NO,fibre; manufacturer,Sunglasses
CONTINUITY,NEW,,,VN-ONLN-12498,Tommy Hilfiger Shirt (S),VN-ONLN-12498,Tommy Hilfiger Shirt (S),CIN7_IMPORT,Vintage,Vintage,1,3,customs desc; fibre; manufacturer,,,,1,,1,,1,,,CIN7,,NONE,,NONE,NO,fibre; manufacturer,Used Vintage garment
CONTINUITY,NEW,,,CHIMI-CODE-BRN,Code Brown,CHIMI-CODE-BRN,Code Brown,CIN7_IMPORT,Chimi,Chimi,1,3,customs desc; fibre; manufacturer,,,,1,,1,,1,,,CIN7,,NONE,,NONE,NO,fibre; manufacturer,Sunglasses
CONTINUITY,NEW,,,CHIMI-TTNO-BLK,Titan Matte Black,CHIMI-TTNO-BLK,Titan Matte Black,CIN7_IMPORT,Chimi,Chimi,1,3,customs desc; fibre; manufacturer,,,,1,,1,,1,,,CIN7,,NONE,,NONE,NO,fibre; manufacturer,Sunglasses
CONTINUITY,NEW,,,EXT-VN-SLCBLT,Selected Belts,EXT-VN-SLCBLT,Selected Belts,CIN7_IMPORT,Vintage,Vintage,1,3,customs desc; fibre; manufacturer,,,,1,,1,,1,,,CIN7,,NONE,,NONE,NO,fibre; manufacturer,Used clothing - Vintage
CONTINUITY,NEW,,,EXT-VN-LTRBMBCL,Leather Bomber Colour,EXT-VN-LTRBMBCL,Leather Bomber Colour,CIN7_IMPORT,Vintage,Vintage,1,3,customs desc; fibre; manufacturer,,,,1,,1,,1,,,CIN7,,NONE,,NONE,NO,fibre; manufacturer,Used clothing - Vintage
CONTINUITY,NEW,,,CHIMI-BRN-52,05.2 Brown,CHIMI-BRN-52,05.2 Brown,CIN7_IMPORT,Chimi,Chimi,1,3,customs desc; fibre; manufacturer,,,,1,,1,,1,,,CIN7,,NONE,,NONE,NO,fibre; manufacturer,Sunglasses
CONTINUITY,NEW,,,VN-ONLN-12253,90's Lautreamont Wool Turtleneck (S),VN-ONLN-12253,90's Lautreamont Wool Turtleneck (S),CIN7_IMPORT,Vintage,Vintage,1,3,customs desc; fibre; manufacturer,,,,1,,1,,1,,,CIN7,,NONE,,NONE,NO,fibre; manufacturer,Used Vintage garment
CONTINUITY,NEW,,,EXT-PB-MCH-ECRC,Michael Lisse Ecorce,EXT-PB-MCH-ECRC,Michael Lisse Ecorce,CIN7_IMPORT,Paraboot,Paraboot,1,3,customs desc; fibre; manufacturer,,,,1,,1,,1,,,CIN7,,NONE,,NONE,NO,fibre; manufacturer,Men Shoes
CONTINUITY,NEW,,,EXT-PST-VTSP-RF,Vintage spray Refill,EXT-PST-VTSP-RF,Vintage spray Refill,CIN7_IMPORT,På Stell,På Stell,1,4,HS code; customs desc; fibre; manufacturer,,,1,1,,1,,1,,CIN7,CIN7,,NONE,,NONE,NO,fibre; manufacturer,Perfume - Non alcoholic
CONTINUITY,NEW,,,LIV-AMBR-JAP-BLU,Amber Japan Blue Scurry,LIV-AMBR-JAP-BLU,Amber Japan Blue Scurry,CIN7_IMPORT,Livid Femme,Livid,4,4,customs desc; fibre; origin; manufacturer,,,,1,,1,1,1,,,CIN7,,CIN7,CIN7,NONE,NO,manufacturer,Men's Shirt - 100% cotton
CONTINUITY,NEW,,,EXT-RTTO-RCTS-ECRD,Recycled Cotton Stripe Ecru/Red,EXT-RTTO-RCTS-ECRD,Recycled Cotton Stripe Ecru/Red,CIN7_IMPORT,Rototo,Rototo,2,3,customs desc; fibre; manufacturer,,,,1,,1,,1,,,CIN7,,CIN7,,NONE,NO,manufacturer,Socks - 100% wool
CONTINUITY,NEW,,,EXT-PNT-J905-ors,Rachel Old Rose,EXT-PNT-J905-ors,Rachel Old Rose,CIN7_IMPORT,Pantherella,Pantherella,1,4,HS code; customs desc; fibre; manufacturer,,,1,1,,1,,1,,CIN7,CIN7,,CIN7,,NONE,NO,manufacturer,Socks - 100% wool
CONTINUITY,NEW,,,VN-ONLN-13535,Tommy Hilfiger Quarter Zip Knit (M),VN-ONLN-13535,Tommy Hilfiger Quarter Zip Knit (M),CIN7_IMPORT,Vintage,Vintage,1,3,customs desc; fibre; manufacturer,,,,1,,1,,1,,,CIN7,,NONE,,NONE,NO,fibre; manufacturer,Used Vintage garment
CONTINUITY,NEW,,,EXT-KNT-WB-950-GRE,Water Bottle 950 ml Green,EXT-KNT-WB-950-GRE,Water Bottle 950 ml Green,CIN7_IMPORT,Kinto,Kinto,1,5,HS code; customs desc; fibre; origin; manufacturer,,,1,1,,1,1,1,,NONE,NONE,,NONE,NONE,NONE,NO,HS code; customs desc; fibre; origin; manufacturer,
CONTINUITY,NEW,,,CHIMI-BRN-042L,04.2 L Brown,CHIMI-BRN-042L,04.2 L Brown,CIN7_IMPORT,Chimi,Chimi,1,3,customs desc; fibre; manufacturer,,,,1,,1,,1,,,CIN7,,NONE,,NONE,NO,fibre; manufacturer,Sunglasses
CONTINUITY,NEW,,,VN-ONLN-12416,Traditional Norwegian Knit Sweater (XL),VN-ONLN-12416,Traditional Norwegian Knit Sweater (XL),CIN7_IMPORT,Vintage,Vintage,1,3,customs desc; fibre; manufacturer,,,,1,,1,,1,,,CIN7,,NONE,,NONE,NO,fibre; manufacturer,Used Vintage garment
CONTINUITY,NEW,,,VN-ONLN-12409,Indiana Hoosiers Crewneck Sweatshirt (L),VN-ONLN-12409,Indiana Hoosiers Crewneck Sweatshirt (L),CIN7_IMPORT,Vintage,Vintage,1,3,customs desc; fibre; manufacturer,,,,1,,1,,1,,,CIN7,,NONE,,NONE,NO,fibre; manufacturer,Used Vintage garment
CONTINUITY,NEW,,,EXT-VN-BRNDTIE,Branded ties,EXT-VN-BRNDTIE,Branded ties,CIN7_IMPORT,Vintage,Vintage,1,3,customs desc; fibre; manufacturer,,,,1,,1,,1,,,CIN7,,NONE,,NONE,NO,fibre; manufacturer,Used clothing - Vintage
CONTINUITY,NEW,,,VN-BRBJCK,Barbour Jacket,VN-BRBJCK,Barbour Jacket,CIN7_IMPORT,Vintage,Vintage,1,4,HS code; customs desc; fibre; manufacturer,,,1,1,,1,,1,,CIN7,CIN7,,NONE,,NONE,NO,fibre; manufacturer,Used clothing - Vintage
CONTINUITY,NEW,,,EXT-VN-LTRBMBRBK,Leather Bomber Black,EXT-VN-LTRBMBRBK,Leather Bomber Black,CIN7_IMPORT,Vintage,Vintage,1,3,customs desc; fibre; manufacturer,,,,1,,1,,1,,,CIN7,,NONE,,NONE,NO,fibre; manufacturer,Used clothing - Vintage
CONTINUITY,NEW,,,EXT-VN-BRBJK,Burberry Jacket,EXT-VN-BRBJK,Burberry Jacket,CIN7_IMPORT,Vintage,Vintage,1,3,customs desc; fibre; manufacturer,,,,1,,1,,1,,,CIN7,,NONE,,NONE,NO,fibre; manufacturer,Used clothing - Vintage
CONTINUITY,NEW,,,EXT-VN-INC-SS,Inca Heavy Print Short Sleeve,EXT-VN-INC-SS,Inca Heavy Print Short Sleeve,CIN7_IMPORT,Vintage,Vintage,1,3,customs desc; fibre; manufacturer,,,,1,,1,,1,,,CIN7,,NONE,,NONE,NO,fibre; manufacturer,Used clothing - Vintage
CONTINUITY,NEW,,,CHIMI-LBR-52,05.2 Light Brown,CHIMI-LBR-52,05.2 Light Brown,CIN7_IMPORT,Chimi,Chimi,1,3,customs desc; fibre; manufacturer,,,,1,,1,,1,,,CIN7,,NONE,,NONE,NO,fibre; manufacturer,Sunglasses
CONTINUITY,NEW,,,EXT-VN-PTEE,Premium Tee,EXT-VN-PTEE,Premium Tee,CIN7_IMPORT,Vintage,Vintage,1,3,customs desc; fibre; manufacturer,,,,1,,1,,1,,,CIN7,,NONE,,NONE,NO,fibre; manufacturer,Used clothing - Vintage
CONTINUITY,NEW,,,EXT-VN-LRTCRCT,Leather Carcoat,EXT-VN-LRTCRCT,Leather Carcoat,CIN7_IMPORT,Vintage,Vintage,1,3,customs desc; fibre; manufacturer,,,,1,,1,,1,,,CIN7,,NONE,,NONE,NO,fibre; manufacturer,Used clothing - Vintage
CONTINUITY,NEW,,,VN-ONLN-13080,2019 Columbia Lighweight Linen Shirt  (XL),VN-ONLN-13080,2019 Columbia Lighweight Linen Shirt  (XL),CIN7_IMPORT,Vintage,Vintage,1,3,customs desc; fibre; manufacturer,,,,1,,1,,1,,,CIN7,,NONE,,NONE,NO,fibre; manufacturer,Used Vintage garment
CONTINUITY,NEW,,,EXT-VIN-SUN-DSGNR,High Brand Sunglasses,EXT-VIN-SUN-DSGNR,High Brand Sunglasses,CIN7_IMPORT,Vintage,Vintage,1,3,customs desc; fibre; manufacturer,,,,1,,1,,1,,,CIN7,,NONE,,NONE,NO,fibre; manufacturer,Used clothing - Vintage
CONTINUITY,NEW,,,CHIMI-ELPS-BLK,Elipse Black,CHIMI-ELPS-BLK,Elipse Black,CIN7_IMPORT,Chimi,Chimi,1,3,customs desc; fibre; manufacturer,,,,1,,1,,1,,,CIN7,,NONE,,NONE,NO,fibre; manufacturer,Sunglasses
CONTINUITY,NEW,,,CHIMI-TLNX-GRN,Titan Lynx Dark Green,CHIMI-TLNX-GRN,Titan Lynx Dark Green,CIN7_IMPORT,Chimi,Chimi,1,3,customs desc; fibre; manufacturer,,,,1,,1,,1,,,CIN7,,NONE,,NONE,NO,fibre; manufacturer,Sunglasses
CONTINUITY,NEW,,,EXT-VN-BRBWL,Burberry wool coat,EXT-VN-BRBWL,Burberry wool coat,CIN7_IMPORT,Vintage,Vintage,1,3,customs desc; fibre; manufacturer,,,,1,,1,,1,,,CIN7,,NONE,,NONE,NO,fibre; manufacturer,Used clothing - Vintage
CONTINUITY,NEW,,,EXT-VN-CHN,RL Chino,EXT-VN-CHN,RL Chino,CIN7_IMPORT,Vintage,Vintage,1,5,HS code; customs desc; fibre; origin; manufacturer,,,1,1,,1,1,1,,CIN7,CIN7,,CIN7,NONE,NONE,NO,origin; manufacturer,Men's jeans - 100% cotton
CONTINUITY,NEW,,,VN-ONLN-13526,Tommy Hilfiger Sweatshirt (L),VN-ONLN-13526,Tommy Hilfiger Sweatshirt (L),CIN7_IMPORT,Vintage,Vintage,1,3,customs desc; fibre; manufacturer,,,,1,,1,,1,,,CIN7,,NONE,,NONE,NO,fibre; manufacturer,Used Vintage garment
CONTINUITY,NEW,,,EXT-RTTO-VRTCL-STRP-SCKS-RYL-BL,Vertical Stripe Socks Royal Blue,EXT-RTTO-VRTCL-STRP-SCKS-RYL-BL,Vertical Stripe Socks Royal Blue,CIN7_IMPORT,Rototo,Rototo,1,3,customs desc; fibre; manufacturer,,,,1,,1,,1,,,CIN7,,CIN7,,NONE,NO,manufacturer,Socks - 100% wool
CONTINUITY,NEW,,,EXT-KEEN-JAZ-CRKJV,Jasper Zionic Cork/Java,EXT-KEEN-JAZ-CRKJV,Jasper Zionic Cork/Java,CIN7_IMPORT,Keen,Keen,1,3,customs desc; fibre; manufacturer,,,,1,,1,,1,,,CIN7,,NONE,,NONE,NO,fibre; manufacturer,Men Shoes
CONTINUITY,NEW,,,LIV-TK-NL-SLK-BLCK,Tiki Noil Silk Black,LIV-TK-NL-SLK-BLCK,Tiki Noil Silk Black,CIN7_IMPORT,Livid Femme,Livid,1,4,customs desc; fibre; origin; manufacturer,,,,1,,1,1,1,,,CIN7,,CIN7,CIN7,NONE,NO,manufacturer,Men's Shirt - 100% Silk
CONTINUITY,NEW,,,LIV-MTH-PPR-YRN-BLCK,Moth Paper yarn Black,LIV-MTH-PPR-YRN-BLCK,Moth Paper yarn Black,CIN7_IMPORT,Livid Femme,Livid,2,3,customs desc; fibre; manufacturer,,,,1,,1,,1,,,CIN7,,CIN7,,NONE,NO,manufacturer,Men's Sweater - 100% cotton
CONTINUITY,NEW,,,VN-ONLN-13499,Ralph Lauren Button-Up Shirt (XL),VN-ONLN-13499,Ralph Lauren Button-Up Shirt (XL),CIN7_IMPORT,Vintage,Vintage,1,3,customs desc; fibre; manufacturer,,,,1,,1,,1,,,CIN7,,NONE,,NONE,NO,fibre; manufacturer,Used Vintage garment
CONTINUITY,NEW,,,VN-ONLN-13515,Glacier National Park Tee (XL),VN-ONLN-13515,Glacier National Park Tee (XL),CIN7_IMPORT,Vintage,Vintage,1,3,customs desc; fibre; manufacturer,,,,1,,1,,1,,,CIN7,,NONE,,NONE,NO,fibre; manufacturer,Used Vintage garment
CONTINUITY,NEW,,,LIV-PLTH-SPC-MHR-MX,Plath Spice Mohair Mix,LIV-PLTH-SPC-MHR-MX,Plath Spice Mohair Mix,CIN7_IMPORT,Livid Unisex,Livid,1,3,customs desc; fibre; manufacturer,,,,1,,1,,1,,,CIN7,,CIN7,,NONE,NO,manufacturer,Men's beanie - 100% Wool
CONTINUITY,NEW,,,VN-ONLN-11161,Silk Resort Shirt (XL),VN-ONLN-11161,Silk Resort Shirt (XL),CIN7_IMPORT,Vintage,Vintage,1,3,customs desc; fibre; manufacturer,,,,1,,1,,1,,,CIN7,,NONE,,NONE,NO,fibre; manufacturer,Used Vintage garment
CONTINUITY,NEW,,,LIV-ADDSN-JPN-BLCK,Addison Japan Black,LIV-ADDSN-JPN-BLCK,Addison Japan Black,CIN7_IMPORT,Livid Men,Livid,8,3,customs desc; fibre; manufacturer,,,,1,,1,,1,,,CIN7,,CIN7,,NONE,NO,manufacturer,Men's jeans - 100% cotton
CONTINUITY,NEW,,,VN-ONLN-13340,Women's Burberry Tee (XL),VN-ONLN-13340,Women's Burberry Tee (XL),CIN7_IMPORT,Vintage,Vintage,1,3,customs desc; fibre; manufacturer,,,,1,,1,,1,,,CIN7,,NONE,,NONE,NO,fibre; manufacturer,Used Vintage garment
CONTINUITY,NEW,,,VN-ONLN-12394,Levi's Engineered Jeans Denim Shirt (S),VN-ONLN-12394,Levi's Engineered Jeans Denim Shirt (S),CIN7_IMPORT,Vintage,Vintage,1,3,customs desc; fibre; manufacturer,,,,1,,1,,1,,,CIN7,,NONE,,NONE,NO,fibre; manufacturer,Used Vintage garment
CONTINUITY,NEW,,,VN-ONLN-13496,Lauren by Ralph Lauren Shirt (L),VN-ONLN-13496,Lauren by Ralph Lauren Shirt (L),CIN7_IMPORT,Vintage,Vintage,1,3,customs desc; fibre; manufacturer,,,,1,,1,,1,,,CIN7,,NONE,,NONE,NO,fibre; manufacturer,Used Vintage garment
CONTINUITY,NEW,,,IMP-LIV-T-VPR,"Tia Vapor, 2934*",IMP-LIV-T-VPR,"Tia Vapor, 2934*",CIN7_IMPORT,Livid Femme,Livid,15,3,customs desc; fibre; manufacturer,,,,1,,1,,1,,,CIN7,,CIN7,,NONE,NO,manufacturer,Men's jeans - 100% cotton
CONTINUITY,NEW,,,EXT-VN-USHRBR-JK,US Heritage Brand Jacket,EXT-VN-USHRBR-JK,US Heritage Brand Jacket,CIN7_IMPORT,Vintage,Vintage,1,3,customs desc; fibre; manufacturer,,,,1,,1,,1,,,CIN7,,NONE,,NONE,NO,fibre; manufacturer,Used clothing - Vintage
CONTINUITY,NEW,,,IMP-LIV-T-JPN-BL,Tia Japan Blue 25 32*,IMP-LIV-T-JPN-BL,Tia Japan Blue 25 32*,CIN7_IMPORT,Livid Femme,Livid,17,3,customs desc; fibre; manufacturer,,,,1,,1,,1,,,CIN7,,CIN7,,NONE,NO,manufacturer,Men's jeans - 100% cotton
CONTINUITY,NEW,,,EXT-NV-MRK-BLPRNT,Market blouse print,EXT-NV-MRK-BLPRNT,Market blouse print,CIN7_IMPORT,Vintage,Vintage,1,3,customs desc; fibre; manufacturer,,,,1,,1,,1,,,CIN7,,NONE,,NONE,NO,fibre; manufacturer,Used clothing - Vintage
CONTINUITY,NEW,,,VN-ONLN-9272,90's Stagg Chargers baseball tee (2XL),VN-ONLN-9272,90's Stagg Chargers baseball tee (2XL),CIN7_IMPORT,Vintage,Vintage,1,3,customs desc; fibre; manufacturer,,,,1,,1,,1,,,CIN7,,NONE,,NONE,NO,fibre; manufacturer,Used Vintage garment
CONTINUITY,NEW,,,VN-ONLN-9385,Home-knitted mohair knit (S),VN-ONLN-9385,Home-knitted mohair knit (S),CIN7_IMPORT,Vintage,Vintage,1,3,customs desc; fibre; manufacturer,,,,1,,1,,1,,,CIN7,,NONE,,NONE,NO,fibre; manufacturer,Used Vintage garment
CONTINUITY,NEW,,,EXT-PB-MCH-VLGR,Michael Velours Graphite,EXT-PB-MCH-VLGR,Michael Velours Graphite,CIN7_IMPORT,Paraboot,Paraboot,3,3,customs desc; fibre; manufacturer,,,,1,,1,,1,,,CIN7,,NONE,,NONE,NO,fibre; manufacturer,Men Shoes
CONTINUITY,NEW,,,EXT-WLW-LVD-SHD,Wollow X Livid Tarmac Japan Shadow,EXT-WLW-LVD-SHD,Wollow X Livid Tarmac Japan Shadow,CIN7_IMPORT,Wollow,Wollow,4,4,customs desc; fibre; origin; manufacturer,,,,1,,1,1,1,,,CIN7,,NONE,CIN7,NONE,NO,fibre; manufacturer,Men Shoes
CONTINUITY,NEW,,,VN-ONLN-11110,Tommy Hilfilger Shirt (L),VN-ONLN-11110,Tommy Hilfilger Shirt (L),CIN7_IMPORT,Vintage,Vintage,1,3,customs desc; fibre; manufacturer,,,,1,,1,,1,,,CIN7,,NONE,,NONE,NO,fibre; manufacturer,Used Vintage garment
CONTINUITY,NEW,,,VN-ONLN-10217,Courrèges Sunglasses (OneSize),VN-ONLN-10217,Courrèges Sunglasses (OneSize),CIN7_IMPORT,Vintage,Vintage,1,3,customs desc; fibre; manufacturer,,,,1,,1,,1,,,CIN7,,NONE,,NONE,NO,fibre; manufacturer,Used Vintage garment
CONTINUITY,NEW,,,LIV-EMRSN-JPN-DWN,Emerson Japan Dawn,LIV-EMRSN-JPN-DWN,Emerson Japan Dawn,CIN7_IMPORT,Livid Men,Livid,4,3,customs desc; fibre; manufacturer,,,,1,,1,,1,,,CIN7,,CIN7,,NONE,NO,manufacturer,Men's jeans - 100% cotton
CONTINUITY,NEW,,,VN-ONLN-10367,Italian Worker Jacket (M),VN-ONLN-10367,Italian Worker Jacket (M),CIN7_IMPORT,Vintage,Vintage,1,3,customs desc; fibre; manufacturer,,,,1,,1,,1,,,CIN7,,NONE,,NONE,NO,fibre; manufacturer,Used Vintage garment
CONTINUITY,NEW,,,VN-ONLN-9706,90's multiknit (M),VN-ONLN-9706,90's multiknit (M),CIN7_IMPORT,Vintage,Vintage,1,3,customs desc; fibre; manufacturer,,,,1,,1,,1,,,CIN7,,NONE,,NONE,NO,fibre; manufacturer,Used Vintage garment
CONTINUITY,NEW,,,VN-ONLN-13101,Everything Denim Shirt (L),VN-ONLN-13101,Everything Denim Shirt (L),CIN7_IMPORT,Vintage,Vintage,1,3,customs desc; fibre; manufacturer,,,,1,,1,,1,,,CIN7,,NONE,,NONE,NO,fibre; manufacturer,Used Vintage garment
CONTINUITY,NEW,,,VN-ONLN-9629,80's pattern knit (S),VN-ONLN-9629,80's pattern knit (S),CIN7_IMPORT,Vintage,Vintage,1,3,customs desc; fibre; manufacturer,,,,1,,1,,1,,,CIN7,,NONE,,NONE,NO,fibre; manufacturer,Used Vintage garment
CONTINUITY,NEW,,,VN-ONLN-10017,Tommy Hilfiger check shirt (M),VN-ONLN-10017,Tommy Hilfiger check shirt (M),CIN7_IMPORT,Vintage,Vintage,1,3,customs desc; fibre; manufacturer,,,,1,,1,,1,,,CIN7,,NONE,,NONE,NO,fibre; manufacturer,Used Vintage garment
CONTINUITY,NEW,,,VN-ONLN-11154,Silk Resort Shirt (XL),VN-ONLN-11154,Silk Resort Shirt (XL),CIN7_IMPORT,Vintage,Vintage,1,3,customs desc; fibre; manufacturer,,,,1,,1,,1,,,CIN7,,NONE,,NONE,NO,fibre; manufacturer,Used Vintage garment
CONTINUITY,NEW,,,LIV-JN-JP-BR,Jone Japan Bright,LIV-JN-JP-BR,Jone Japan Bright,CIN7_IMPORT,Livid Men,Livid,9,3,customs desc; fibre; manufacturer,,,,1,,1,,1,,,CIN7,,CIN7,,NONE,NO,manufacturer,Men's jeans - 100% cotton
CONTINUITY,NEW,,,LIV-IMP-JNE,Imperfect Jone,LIV-IMP-JNE,Imperfect Jone,CIN7_IMPORT,Livid Men,Livid,1,4,price; customs desc; fibre; manufacturer,,1,,1,,1,,1,NONE,,CIN7,,CIN7,,NONE,NO,price; manufacturer,Men's jeans - 100% cotton
CONTINUITY,NEW,,,VN-ONLN-12406,1991 Atlanta Braves Champion Crewneck Sweatshirt (XL),VN-ONLN-12406,1991 Atlanta Braves Champion Crewneck Sweatshirt (XL),CIN7_IMPORT,Vintage,Vintage,1,3,customs desc; fibre; manufacturer,,,,1,,1,,1,,,CIN7,,NONE,,NONE,NO,fibre; manufacturer,Used Vintage garment
CONTINUITY,NEW,,,VN-ONLN-10363,Italian Worker Jacket (S),VN-ONLN-10363,Italian Worker Jacket (S),CIN7_IMPORT,Vintage,Vintage,1,3,customs desc; fibre; manufacturer,,,,1,,1,,1,,,CIN7,,NONE,,NONE,NO,fibre; manufacturer,Used Vintage garment
CONTINUITY,NEW,,,VN-ONLN-12982,Lee New York Mets Sweatshirt (XL),VN-ONLN-12982,Lee New York Mets Sweatshirt (XL),CIN7_IMPORT,Vintage,Vintage,1,3,customs desc; fibre; manufacturer,,,,1,,1,,1,,,CIN7,,NONE,,NONE,NO,fibre; manufacturer,Used Vintage garment
CONTINUITY,NEW,,,VN-ONLN-13292,Caribbean Shirt (L),VN-ONLN-13292,Caribbean Shirt (L),CIN7_IMPORT,Vintage,Vintage,1,3,customs desc; fibre; manufacturer,,,,1,,1,,1,,,CIN7,,NONE,,NONE,NO,fibre; manufacturer,Used Vintage garment
CONTINUITY,NEW,,,VN-ONLN-12877,Women's Ralph Lauren Western Shirt (L),VN-ONLN-12877,Women's Ralph Lauren Western Shirt (L),CIN7_IMPORT,Vintage,Vintage,1,3,customs desc; fibre; manufacturer,,,,1,,1,,1,,,CIN7,,NONE,,NONE,NO,fibre; manufacturer,Used Vintage garment
CONTINUITY,NEW,,,VN-ONLN-13592,1993 Dallas Cowboys Super Bowl Champions Tee (L),VN-ONLN-13592,1993 Dallas Cowboys Super Bowl Champions Tee (L),CIN7_IMPORT,Vintage,Vintage,1,3,customs desc; fibre; manufacturer,,,,1,,1,,1,,,CIN7,,NONE,,NONE,NO,fibre; manufacturer,Used Vintage garment
CONTINUITY,NEW,,,VN-ONLN-13290,Caribbean Silk Shirt (XL),VN-ONLN-13290,Caribbean Silk Shirt (XL),CIN7_IMPORT,Vintage,Vintage,1,3,customs desc; fibre; manufacturer,,,,1,,1,,1,,,CIN7,,NONE,,NONE,NO,fibre; manufacturer,Used Vintage garment
CONTINUITY,NEW,,,VN-ONLN-13370,Silk Resort Shirt (M),VN-ONLN-13370,Silk Resort Shirt (M),CIN7_IMPORT,Vintage,Vintage,1,3,customs desc; fibre; manufacturer,,,,1,,1,,1,,,CIN7,,NONE,,NONE,NO,fibre; manufacturer,Used Vintage garment
CONTINUITY,NEW,,,EXT-VN-FSTPIP,Festival - PiP,EXT-VN-FSTPIP,Festival - PiP,CIN7_IMPORT,Vintage,Vintage,1,4,price; customs desc; fibre; manufacturer,,1,,1,,1,,1,NONE,,CIN7,,NONE,,NONE,NO,price; fibre; manufacturer,Used clothing - Vintage
CONTINUITY,NEW,,,VN-ONLN-10491,Adidas Pique (S) (S),VN-ONLN-10491,Adidas Pique (S) (S),CIN7_IMPORT,Vintage,Vintage,1,3,customs desc; fibre; manufacturer,,,,1,,1,,1,,,CIN7,,NONE,,NONE,NO,fibre; manufacturer,Used Vintage garment
CONTINUITY,NEW,,,VN-ONLN-11972,Ralph Lauren Blake Shirt (L),VN-ONLN-11972,Ralph Lauren Blake Shirt (L),CIN7_IMPORT,Vintage,Vintage,1,3,customs desc; fibre; manufacturer,,,,1,,1,,1,,,CIN7,,NONE,,NONE,NO,fibre; manufacturer,Used Vintage garment
CONTINUITY,NEW,,,2526-1208-517,M.O.P button 517 White,2526-1208-517,M.O.P button 517 White,CIN7_IMPORT,Livid,Livid,4,3,customs desc; fibre; manufacturer,,,,1,,1,,1,,,CIN7,,NONE,,NONE,NO,fibre; manufacturer,Mother of pearl buttons
CONTINUITY,NEW,,,LIV-VR-JP-INDGCMF,Vår Japan Indigo Comfort,LIV-VR-JP-INDGCMF,Vår Japan Indigo Comfort,CIN7_IMPORT,Livid Femme,Livid,6,3,customs desc; fibre; manufacturer,,,,1,,1,,1,,,CIN7,,CIN7,,NONE,NO,manufacturer,Men's jeans - 100% cotton
CONTINUITY,NEW,,,VN-ONLN-13453,Timberland Flannel Shirt (XL),VN-ONLN-13453,Timberland Flannel Shirt (XL),CIN7_IMPORT,Vintage,Vintage,1,3,customs desc; fibre; manufacturer,,,,1,,1,,1,,,CIN7,,NONE,,NONE,NO,fibre; manufacturer,Used Vintage garment
CONTINUITY,NEW,,,IMP-LIV-JLL-JPN-BLCK,Joelle Japan Black 32 32*,IMP-LIV-JLL-JPN-BLCK,Joelle Japan Black 32 32*,CIN7_IMPORT,Livid Femme,Livid,7,3,customs desc; fibre; manufacturer,,,,1,,1,,1,,,CIN7,,CIN7,,NONE,NO,manufacturer,Men's jeans - 100% cotton
CONTINUITY,NEW,,,IMP-LIV-KERI-LIN-KHK,"Keri Linen Khaki, 2432*",IMP-LIV-KERI-LIN-KHK,"Keri Linen Khaki, 2432*",CIN7_IMPORT,Livid Femme,Livid,11,3,customs desc; fibre; manufacturer,,,,1,,1,,1,,,CIN7,,CIN7,,NONE,NO,manufacturer,Men's trouser - 100% cotton
CONTINUITY,NEW,,,EXT-WLW-TRPL-BLK,Tarmac Plus Black,EXT-WLW-TRPL-BLK,Tarmac Plus Black,CIN7_IMPORT,Wollow,Wollow,6,4,customs desc; fibre; origin; manufacturer,,,,1,,1,1,1,,,CIN7,,NONE,CIN7,NONE,NO,fibre; manufacturer,Men Shoes
CONTINUITY,NEW,,,EXT-RW4603-EG-CPR,4603 EG x RW Shop Moc Copper Remix,EXT-RW4603-EG-CPR,4603 EG x RW Shop Moc Copper Remix,CIN7_IMPORT,Red Wing,Red Wing,2,3,customs desc; fibre; manufacturer,,,,1,,1,,1,,,CIN7,,NONE,,NONE,NO,fibre; manufacturer,Men Shoes
CONTINUITY,NEW,,,VN-ONLN-11179,Silk Resort Shirt (XL),VN-ONLN-11179,Silk Resort Shirt (XL),CIN7_IMPORT,Vintage,Vintage,1,3,customs desc; fibre; manufacturer,,,,1,,1,,1,,,CIN7,,NONE,,NONE,NO,fibre; manufacturer,Used Vintage garment
CONTINUITY,NEW,,,STORAGE-SKAL-FIKSES,Skal Fikses - Sendes til Fabrikk,STORAGE-SKAL-FIKSES,Skal Fikses - Sendes til Fabrikk,CIN7_IMPORT,Storage,Storage,1,5,HS code; customs desc; fibre; origin; manufacturer,,,1,1,,1,1,1,,NONE,CIN7,,NONE,NONE,NONE,NO,HS code; fibre; origin; manufacturer,Lager
CONTINUITY,NEW,,,VN-ONLN-13272,Tommy Bahama Silk Shirt (2XL),VN-ONLN-13272,Tommy Bahama Silk Shirt (2XL),CIN7_IMPORT,Vintage,Vintage,1,3,customs desc; fibre; manufacturer,,,,1,,1,,1,,,CIN7,,NONE,,NONE,NO,fibre; manufacturer,Used Vintage garment
CONTINUITY,NEW,,,VIN-HAT,Hat,VIN-HAT,Hat,CIN7_IMPORT,Vintage,Vintage,1,5,HS code; customs desc; fibre; origin; manufacturer,,,1,1,,1,1,1,,NONE,NONE,,NONE,NONE,NONE,NO,HS code; customs desc; fibre; origin; manufacturer,
CONTINUITY,NEW,,,LIV-TCK-BLCK,Tuck Black,LIV-TCK-BLCK,Tuck Black,CIN7_IMPORT,Livid Men,Livid,3,3,customs desc; fibre; manufacturer,,,,1,,1,,1,,,CIN7,,CIN7,,NONE,NO,manufacturer,Men's Sweater - Knitted 100% wiil
CONTINUITY,NEW,,,VN-ONLN-10340,Silk Resort Shirt (XL),VN-ONLN-10340,Silk Resort Shirt (XL),CIN7_IMPORT,Vintage,Vintage,1,3,customs desc; fibre; manufacturer,,,,1,,1,,1,,,CIN7,,NONE,,NONE,NO,fibre; manufacturer,Used Vintage garment
CONTINUITY,NEW,,,VN-ONLN-11080,Plains Western Shirt (L),VN-ONLN-11080,Plains Western Shirt (L),CIN7_IMPORT,Vintage,Vintage,1,3,customs desc; fibre; manufacturer,,,,1,,1,,1,,,CIN7,,NONE,,NONE,NO,fibre; manufacturer,Used Vintage garment
CONTINUITY,NEW,,,LIV-BUR-KOB-BLU,Burley Japan Kobe Blue,LIV-BUR-KOB-BLU,Burley Japan Kobe Blue,CIN7_IMPORT,Livid Men,Livid,13,3,customs desc; fibre; manufacturer,,,,1,,1,,1,,,CIN7,,CIN7,,NONE,NO,manufacturer,Men's jeans - 100% cotton
CONTINUITY,NEW,,,VN-ONLN-11482,Light Print Shirt (L),VN-ONLN-11482,Light Print Shirt (L),CIN7_IMPORT,Vintage,Vintage,1,3,customs desc; fibre; manufacturer,,,,1,,1,,1,,,CIN7,,NONE,,NONE,NO,fibre; manufacturer,Used Vintage garment
CONTINUITY,NEW,,,LIV-CNT-TP-STN,Centi Top Stone,LIV-CNT-TP-STN,Centi Top Stone,CIN7_IMPORT,Livid Femme,Livid,5,4,customs desc; weight; fibre; manufacturer,,,,1,1,1,,1,,,CIN7,NONE,CIN7,,NONE,NO,weight; manufacturer,Women Shirt - 100% Linen
CONTINUITY,NEW,,,VN-ONLN-12042,Levi's Sta-Prest Shirt (XL),VN-ONLN-12042,Levi's Sta-Prest Shirt (XL),CIN7_IMPORT,Vintage,Vintage,1,3,customs desc; fibre; manufacturer,,,,1,,1,,1,,,CIN7,,NONE,,NONE,NO,fibre; manufacturer,Used Vintage garment
CONTINUITY,NEW,,,EXT-PNT-YS1025MDG,Thornham FW25 Mid Grey Fleck,EXT-PNT-YS1025MDG,Thornham FW25 Mid Grey Fleck,CIN7_IMPORT,Pantherella,Pantherella,1,3,customs desc; fibre; manufacturer,,,,1,,1,,1,,,CIN7,,CIN7,,NONE,NO,manufacturer,Socks - 100% wool
CONTINUITY,NEW,,,VN-ONLN-10504,Wrangler Flannel Shirt (L) (L),VN-ONLN-10504,Wrangler Flannel Shirt (L) (L),CIN7_IMPORT,Vintage,Vintage,1,3,customs desc; fibre; manufacturer,,,,1,,1,,1,,,CIN7,,NONE,,NONE,NO,fibre; manufacturer,Used Vintage garment
CONTINUITY,NEW,,,VN-ONLN-12916,Polo Ralph Lauren Shirt (S),VN-ONLN-12916,Polo Ralph Lauren Shirt (S),CIN7_IMPORT,Vintage,Vintage,1,3,customs desc; fibre; manufacturer,,,,1,,1,,1,,,CIN7,,NONE,,NONE,NO,fibre; manufacturer,Used Vintage garment
CONTINUITY,NEW,,,STORAGE-SOMELOS-SWATCHES,Somelos Swatches,STORAGE-SOMELOS-SWATCHES,Somelos Swatches,CIN7_IMPORT,LAGER,LAGER,1,6,HS code; customs desc; weight; fibre; origin; manufacturer,,,1,1,1,1,1,1,,NONE,NONE,NONE,NONE,NONE,NONE,NO,HS code; customs desc; weight; fibre; origin; manufacturer,
CONTINUITY,NEW,,,VN-ONLN-10212,Burberry Sunglasses (OneSize),VN-ONLN-10212,Burberry Sunglasses (OneSize),CIN7_IMPORT,Vintage,Vintage,1,3,customs desc; fibre; manufacturer,,,,1,,1,,1,,,CIN7,,NONE,,NONE,NO,fibre; manufacturer,Used Vintage garment
CONTINUITY,NEW,,,EXT-VN-Y2KJKT,Y2K Jacket,EXT-VN-Y2KJKT,Y2K Jacket,CIN7_IMPORT,Vintage,Vintage,1,4,price; customs desc; fibre; manufacturer,,1,,1,,1,,1,NONE,,CIN7,,NONE,,NONE,NO,price; fibre; manufacturer,Used clothing - Vintage
CONTINUITY,NEW,,,VN-ONLN-10701,Tommy Bahama Silk Shirt (2XL),VN-ONLN-10701,Tommy Bahama Silk Shirt (2XL),CIN7_IMPORT,Vintage,Vintage,1,3,customs desc; fibre; manufacturer,,,,1,,1,,1,,,CIN7,,NONE,,NONE,NO,fibre; manufacturer,Used Vintage garment
CONTINUITY,NEW,,,LIV-VR-JP-BLKCMF,Vår Japan Black Comfort,LIV-VR-JP-BLKCMF,Vår Japan Black Comfort,CIN7_IMPORT,Livid Femme,Livid,18,3,customs desc; fibre; manufacturer,,,,1,,1,,1,,,CIN7,,CIN7,,NONE,NO,manufacturer,Men's jeans - 100% cotton
CONTINUITY,NEW,,,IMP-LIV-FLLR-JPN-INDG-DSK,"Fuller Japan Indigo Dusk, 3634*",IMP-LIV-FLLR-JPN-INDG-DSK,"Fuller Japan Indigo Dusk, 3634*",CIN7_IMPORT,Livid Men,Livid,7,3,customs desc; fibre; manufacturer,,,,1,,1,,1,,,CIN7,,CIN7,,NONE,NO,manufacturer,Men's jeans - 100% cotton
CONTINUITY,NEW,,,B2B-EPL-CRDGN,Eplehuset Cardigan,B2B-EPL-CRDGN,Eplehuset Cardigan,CIN7_IMPORT,Livid Men,Livid,8,5,price; customs desc; fibre; origin; manufacturer,,1,,1,,1,1,1,NONE,,CIN7,,CIN7,CIN7,NONE,NO,price; manufacturer,Men's Sweater - 100% cotton
CONTINUITY,NEW,,,STORAGE-DEADSTOCK-REST,Deadstock Rest,STORAGE-DEADSTOCK-REST,Deadstock Rest,CIN7_IMPORT,Storage,Storage,1,5,HS code; customs desc; fibre; origin; manufacturer,,,1,1,,1,1,1,,NONE,CIN7,,NONE,NONE,NONE,NO,HS code; fibre; origin; manufacturer,Lager
CONTINUITY,NEW,,,IMP-LIV-KR-BLCK-LNN,"Keri Black Linen, 2532*",IMP-LIV-KR-BLCK-LNN,"Keri Black Linen, 2532*",CIN7_IMPORT,Livid Femme,Livid,3,3,customs desc; fibre; manufacturer,,,,1,,1,,1,,,CIN7,,CIN7,,NONE,NO,manufacturer,Men's trouser - 100% cotton
CONTINUITY,NEW,,,LIV-JKB-HVYFD,Jakob Japan Heavy Fade,LIV-JKB-HVYFD,Jakob Japan Heavy Fade,CIN7_IMPORT,Livid Men,Livid,2,3,customs desc; fibre; manufacturer,,,,1,,1,,1,,,CIN7,,CIN7,,NONE,NO,manufacturer,Men's jeans - 100% cotton
CONTINUITY,NEW,,,VN-ONLN-10905,Diesel Poplin shirt (L),VN-ONLN-10905,Diesel Poplin shirt (L),CIN7_IMPORT,Vintage,Vintage,1,3,customs desc; fibre; manufacturer,,,,1,,1,,1,,,CIN7,,NONE,,NONE,NO,fibre; manufacturer,Used Vintage garment
CONTINUITY,NEW,,,LIV-NN-BLCK,Noni Black,LIV-NN-BLCK,Noni Black,CIN7_IMPORT,Livid Femme,Livid,3,4,customs desc; fibre; origin; manufacturer,,,,1,,1,1,1,,,CIN7,,CIN7,CIN7,NONE,NO,manufacturer,Men's Shirt - 100% cotton
CONTINUITY,NEW,,,VN-ONLN-9944,90's Peak Performance Denim Dress (L),VN-ONLN-9944,90's Peak Performance Denim Dress (L),CIN7_IMPORT,Vintage,Vintage,1,3,customs desc; fibre; manufacturer,,,,1,,1,,1,,,CIN7,,NONE,,NONE,NO,fibre; manufacturer,Used Vintage garment
CONTINUITY,NEW,,,VN-ONLN-9475,90's Italian light cotton sweater (L),VN-ONLN-9475,90's Italian light cotton sweater (L),CIN7_IMPORT,Vintage,Vintage,1,3,customs desc; fibre; manufacturer,,,,1,,1,,1,,,CIN7,,NONE,,NONE,NO,fibre; manufacturer,Used Vintage garment
CONTINUITY,NEW,,,VN-ONLN-12575,Pattern Jaquard Knit Sweater (S),VN-ONLN-12575,Pattern Jaquard Knit Sweater (S),CIN7_IMPORT,Vintage,Vintage,1,3,customs desc; fibre; manufacturer,,,,1,,1,,1,,,CIN7,,NONE,,NONE,NO,fibre; manufacturer,Used Vintage garment
CONTINUITY,NEW,,,VN-ONLN-11356,Tommy Hilfilger Shirt (M),VN-ONLN-11356,Tommy Hilfilger Shirt (M),CIN7_IMPORT,Vintage,Vintage,1,3,customs desc; fibre; manufacturer,,,,1,,1,,1,,,CIN7,,NONE,,NONE,NO,fibre; manufacturer,Used Vintage garment
CONTINUITY,NEW,,,VN-ONLN-13103,Barbour Denim Shirt (L),VN-ONLN-13103,Barbour Denim Shirt (L),CIN7_IMPORT,Vintage,Vintage,1,3,customs desc; fibre; manufacturer,,,,1,,1,,1,,,CIN7,,NONE,,NONE,NO,fibre; manufacturer,Used Vintage garment
CONTINUITY,NEW,,,LIV-SKRD-LPSTF-RG-BL,Lappestoff Rigid Blue,LIV-SKRD-LPSTF-RG-BL,Lappestoff Rigid Blue,CIN7_IMPORT,Livid,Livid,1,5,HS code; customs desc; fibre; origin; manufacturer,,,1,1,,1,1,1,,NONE,NONE,,NONE,NONE,NONE,NO,HS code; customs desc; fibre; origin; manufacturer,
CONTINUITY,NEW,,,LIV-KR-WHT-LNN,Keri White Linen,LIV-KR-WHT-LNN,Keri White Linen,CIN7_IMPORT,Livid Unisex,Livid,12,3,customs desc; fibre; manufacturer,,,,1,,1,,1,,,CIN7,,CIN7,,NONE,NO,manufacturer,Men's trouser - 100% cotton
CONTINUITY,NEW,,,VN-ONLN-11946,Van Heusen Knit Sweater (XL),VN-ONLN-11946,Van Heusen Knit Sweater (XL),CIN7_IMPORT,Vintage,Vintage,1,3,customs desc; fibre; manufacturer,,,,1,,1,,1,,,CIN7,,NONE,,NONE,NO,fibre; manufacturer,Used Vintage garment
CONTINUITY,NEW,,,VN-ONLN-13549,Gonzaga College High School Rugby Shirt (L),VN-ONLN-13549,Gonzaga College High School Rugby Shirt (L),CIN7_IMPORT,Vintage,Vintage,1,3,customs desc; fibre; manufacturer,,,,1,,1,,1,,,CIN7,,NONE,,NONE,NO,fibre; manufacturer,Used Vintage garment
CONTINUITY,NEW,,,VN-ONLN-13329,Billabong Hoodie (L),VN-ONLN-13329,Billabong Hoodie (L),CIN7_IMPORT,Vintage,Vintage,1,3,customs desc; fibre; manufacturer,,,,1,,1,,1,,,CIN7,,NONE,,NONE,NO,fibre; manufacturer,Used Vintage garment
CONTINUITY,NEW,,,IMP-LIV-K-JPN-DWN,Kai Japan Dawn 31/32*,IMP-LIV-K-JPN-DWN,Kai Japan Dawn 31/32*,CIN7_IMPORT,Livid Men,Livid,8,3,customs desc; fibre; manufacturer,,,,1,,1,,1,,,CIN7,,CIN7,,NONE,NO,manufacturer,Men's jeans - 100% cotton
CONTINUITY,NEW,,,IMP-LIV-BRNS-JPN-RNS-SLVG,Barnes Japan Rinse Selvage 32/34*,IMP-LIV-BRNS-JPN-RNS-SLVG,Barnes Japan Rinse Selvage 32/34*,CIN7_IMPORT,Livid Men,Livid,6,3,customs desc; fibre; manufacturer,,,,1,,1,,1,,,CIN7,,CIN7,,NONE,NO,manufacturer,Men's jeans - 100% cotton
CONTINUITY,NEW,,,LIV-AVA-JP-INGCMF,Ava Japan Indigo Comfort,LIV-AVA-JP-INGCMF,Ava Japan Indigo Comfort,CIN7_IMPORT,Livid Femme,Livid,8,3,customs desc; fibre; manufacturer,,,,1,,1,,1,,,CIN7,,CIN7,,NONE,NO,manufacturer,Men's jeans - 100% cotton
CONTINUITY,NEW,,,VN-ONLN-12016,CP Company Cardigan (L),VN-ONLN-12016,CP Company Cardigan (L),CIN7_IMPORT,Vintage,Vintage,1,3,customs desc; fibre; manufacturer,,,,1,,1,,1,,,CIN7,,NONE,,NONE,NO,fibre; manufacturer,Used Vintage garment
CONTINUITY,NEW,,,VN-ONLN-12750,Jaquard Wool Knit Sweater (M),VN-ONLN-12750,Jaquard Wool Knit Sweater (M),CIN7_IMPORT,Vintage,Vintage,1,3,customs desc; fibre; manufacturer,,,,1,,1,,1,,,CIN7,,NONE,,NONE,NO,fibre; manufacturer,Used Vintage garment
CONTINUITY,NEW,,,VN-ONLN-11820,Guess Western Denim Shirt (M),VN-ONLN-11820,Guess Western Denim Shirt (M),CIN7_IMPORT,Vintage,Vintage,1,3,customs desc; fibre; manufacturer,,,,1,,1,,1,,,CIN7,,NONE,,NONE,NO,fibre; manufacturer,Used Vintage garment
CONTINUITY,NEW,,,VN-ONLN-12813,Polo Ralph Lauren Shirt (L),VN-ONLN-12813,Polo Ralph Lauren Shirt (L),CIN7_IMPORT,Vintage,Vintage,1,3,customs desc; fibre; manufacturer,,,,1,,1,,1,,,CIN7,,NONE,,NONE,NO,fibre; manufacturer,Used Vintage garment
CONTINUITY,NEW,,,LIV-IMP-EDV,Imperfect Edvard,LIV-IMP-EDV,Imperfect Edvard,CIN7_IMPORT,Livid Men,Livid,1,4,price; customs desc; fibre; manufacturer,,1,,1,,1,,1,NONE,,CIN7,,CIN7,,NONE,NO,price; manufacturer,Men's jeans - 100% cotton
CONTINUITY,NEW,,,VN-ONLN-12637,1989 Celtic Classic Crewneck (M),VN-ONLN-12637,1989 Celtic Classic Crewneck (M),CIN7_IMPORT,Vintage,Vintage,1,3,customs desc; fibre; manufacturer,,,,1,,1,,1,,,CIN7,,NONE,,NONE,NO,fibre; manufacturer,Used Vintage garment
CONTINUITY,NEW,,,VN-ONLN-11138,Silk Resort Shirt (M),VN-ONLN-11138,Silk Resort Shirt (M),CIN7_IMPORT,Vintage,Vintage,1,3,customs desc; fibre; manufacturer,,,,1,,1,,1,,,CIN7,,NONE,,NONE,NO,fibre; manufacturer,Used Vintage garment
CONTINUITY,NEW,,,VN-ONLN-9681,80's Arnold Palmer v-neck (L),VN-ONLN-9681,80's Arnold Palmer v-neck (L),CIN7_IMPORT,Vintage,Vintage,1,3,customs desc; fibre; manufacturer,,,,1,,1,,1,,,CIN7,,NONE,,NONE,NO,fibre; manufacturer,Used Vintage garment
CONTINUITY,NEW,,,LIV-MR-SHDW,Moore Shadow,LIV-MR-SHDW,Moore Shadow,CIN7_IMPORT,Livid Men,Livid,3,3,customs desc; fibre; manufacturer,,,,1,,1,,1,,,CIN7,,CIN7,,NONE,NO,manufacturer,Men jacket - 100% cotton
CONTINUITY,NEW,,,STORAGE-BOOTS,Boots,STORAGE-BOOTS,Boots,CIN7_IMPORT,LAGER,LAGER,1,6,HS code; customs desc; weight; fibre; origin; manufacturer,,,1,1,1,1,1,1,,NONE,NONE,NONE,NONE,NONE,NONE,NO,HS code; customs desc; weight; fibre; origin; manufacturer,
CONTINUITY,NEW,,,CHIMI-EDTH-TORT,Edith Deep Tortoise,CHIMI-EDTH-TORT,Edith Deep Tortoise,CIN7_IMPORT,Chimi,Chimi,1,3,customs desc; fibre; manufacturer,,,,1,,1,,1,,,CIN7,,NONE,,NONE,NO,fibre; manufacturer,Sunglasses
CONTINUITY,NEW,,,VN-ONLN-9843,1993 USC Gamecocks tee (M),VN-ONLN-9843,1993 USC Gamecocks tee (M),CIN7_IMPORT,Vintage,Vintage,1,3,customs desc; fibre; manufacturer,,,,1,,1,,1,,,CIN7,,NONE,,NONE,NO,fibre; manufacturer,Used Vintage garment
CONTINUITY,NEW,,,VN-ONLN-10280,Tommy Hilfiger shirt (L),VN-ONLN-10280,Tommy Hilfiger shirt (L),CIN7_IMPORT,Vintage,Vintage,1,3,customs desc; fibre; manufacturer,,,,1,,1,,1,,,CIN7,,NONE,,NONE,NO,fibre; manufacturer,Used Vintage garment
CONTINUITY,NEW,,,VN-ONLN-11330,Ralph Lauren Shirt (2XL),VN-ONLN-11330,Ralph Lauren Shirt (2XL),CIN7_IMPORT,Vintage,Vintage,1,3,customs desc; fibre; manufacturer,,,,1,,1,,1,,,CIN7,,NONE,,NONE,NO,fibre; manufacturer,Used Vintage garment
CONTINUITY,NEW,,,VN-ONLN-13333,Fendi Silk Tie (OneSize),VN-ONLN-13333,Fendi Silk Tie (OneSize),CIN7_IMPORT,Vintage,Vintage,1,3,customs desc; fibre; manufacturer,,,,1,,1,,1,,,CIN7,,NONE,,NONE,NO,fibre; manufacturer,Used Vintage garment
CONTINUITY,NEW,,,VN-ONLN-9348,90's varsity jacket (S),VN-ONLN-9348,90's varsity jacket (S),CIN7_IMPORT,Vintage,Vintage,1,3,customs desc; fibre; manufacturer,,,,1,,1,,1,,,CIN7,,NONE,,NONE,NO,fibre; manufacturer,Used Vintage garment
CONTINUITY,NEW,,,VN-ONLN-13514,1986 Mease Hospital Tee (M),VN-ONLN-13514,1986 Mease Hospital Tee (M),CIN7_IMPORT,Vintage,Vintage,1,3,customs desc; fibre; manufacturer,,,,1,,1,,1,,,CIN7,,NONE,,NONE,NO,fibre; manufacturer,Used Vintage garment
CONTINUITY,NEW,,,VN-ONLN-9831,80's Canadian deli tee (S),VN-ONLN-9831,80's Canadian deli tee (S),CIN7_IMPORT,Vintage,Vintage,1,3,customs desc; fibre; manufacturer,,,,1,,1,,1,,,CIN7,,NONE,,NONE,NO,fibre; manufacturer,Used Vintage garment
CONTINUITY,NEW,,,IMP-LIV-BRN-ST-JP-OFW,Barnes Straight Japan Off-White 34/32*,IMP-LIV-BRN-ST-JP-OFW,Barnes Straight Japan Off-White 34/32*,CIN7_IMPORT,Livid Men,Livid,1,3,customs desc; fibre; manufacturer,,,,1,,1,,1,,,CIN7,,CIN7,,NONE,NO,manufacturer,Men's trouser - 100% cotton
CONTINUITY,NEW,,,EXT-VN-STRHT,Straw hat,EXT-VN-STRHT,Straw hat,CIN7_IMPORT,Vintage,Vintage,1,3,customs desc; fibre; manufacturer,,,,1,,1,,1,,,CIN7,,NONE,,NONE,NO,fibre; manufacturer,Used clothing - Vintage
CONTINUITY,NEW,,,VN-ONLN-11390,Vintage Rugby Shirt (2XL),VN-ONLN-11390,Vintage Rugby Shirt (2XL),CIN7_IMPORT,Vintage,Vintage,1,3,customs desc; fibre; manufacturer,,,,1,,1,,1,,,CIN7,,NONE,,NONE,NO,fibre; manufacturer,Used Vintage garment
CONTINUITY,NEW,,,LIV-HLD-CHRCL,Hilda Charcoal,LIV-HLD-CHRCL,Hilda Charcoal,CIN7_IMPORT,Livid Unisex,Livid,1,3,customs desc; fibre; manufacturer,,,,1,,1,,1,,,CIN7,,CIN7,,NONE,NO,manufacturer,Scarf - 100% Wool
CONTINUITY,NEW,,,VN-ONLN-13157,Women's Asics Tennis Dress (M),VN-ONLN-13157,Women's Asics Tennis Dress (M),CIN7_IMPORT,Vintage,Vintage,1,3,customs desc; fibre; manufacturer,,,,1,,1,,1,,,CIN7,,NONE,,NONE,NO,fibre; manufacturer,Used Vintage garment
CONTINUITY,NEW,,,LIV-NDL-TE-GR,Needle Tee Grey,LIV-NDL-TE-GR,Needle Tee Grey,CIN7_IMPORT,Livid Men,Livid,2,3,customs desc; fibre; manufacturer,,,,1,,1,,1,,,CIN7,,CIN7,,NONE,NO,manufacturer,Men's T-Shirt - 100% Cotton
CONTINUITY,NEW,,,VN-ONLN-9045,Polo Ralph Lauren lightweight tee (M),VN-ONLN-9045,Polo Ralph Lauren lightweight tee (M),CIN7_IMPORT,Vintage,Vintage,1,3,customs desc; fibre; manufacturer,,,,1,,1,,1,,,CIN7,,NONE,,NONE,NO,fibre; manufacturer,Used Vintage garment
CONTINUITY,NEW,,,VN-ONLN-13461,1993 Tennessee SEC Champions Tee (L),VN-ONLN-13461,1993 Tennessee SEC Champions Tee (L),CIN7_IMPORT,Vintage,Vintage,1,3,customs desc; fibre; manufacturer,,,,1,,1,,1,,,CIN7,,NONE,,NONE,NO,fibre; manufacturer,Used Vintage garment
CONTINUITY,NEW,,,VN-ONLN-9040,Wildcats sweat (2XL),VN-ONLN-9040,Wildcats sweat (2XL),CIN7_IMPORT,Vintage,Vintage,1,3,customs desc; fibre; manufacturer,,,,1,,1,,1,,,CIN7,,NONE,,NONE,NO,fibre; manufacturer,Used Vintage garment
CONTINUITY,NEW,,,VN-ONLN-11012,Phoebe Philo era Céline Sunglasses (OneSize),VN-ONLN-11012,Phoebe Philo era Céline Sunglasses (OneSize),CIN7_IMPORT,Vintage,Vintage,1,3,customs desc; fibre; manufacturer,,,,1,,1,,1,,,CIN7,,NONE,,NONE,NO,fibre; manufacturer,Used Vintage garment
CONTINUITY,NEW,,,VN-ONLN-13497,Ralph Lauren Button-Up Shirt (XL),VN-ONLN-13497,Ralph Lauren Button-Up Shirt (XL),CIN7_IMPORT,Vintage,Vintage,1,3,customs desc; fibre; manufacturer,,,,1,,1,,1,,,CIN7,,NONE,,NONE,NO,fibre; manufacturer,Used Vintage garment
CONTINUITY,NEW,,,VN-ONLN-13531,Calvin Klein Jeans Sweatshirt (L),VN-ONLN-13531,Calvin Klein Jeans Sweatshirt (L),CIN7_IMPORT,Vintage,Vintage,1,3,customs desc; fibre; manufacturer,,,,1,,1,,1,,,CIN7,,NONE,,NONE,NO,fibre; manufacturer,Used Vintage garment
CONTINUITY,NEW,,,VN-ONLN-11067,Tommy Hilfilger Shirt (S),VN-ONLN-11067,Tommy Hilfilger Shirt (S),CIN7_IMPORT,Vintage,Vintage,1,3,customs desc; fibre; manufacturer,,,,1,,1,,1,,,CIN7,,NONE,,NONE,NO,fibre; manufacturer,Used Vintage garment
CONTINUITY,NEW,,,IMP-LIV-K-JPN-SHDW,"Kai Japan Shadow, 2932*",IMP-LIV-K-JPN-SHDW,"Kai Japan Shadow, 2932*",CIN7_IMPORT,Livid Men,Livid,6,3,customs desc; fibre; manufacturer,,,,1,,1,,1,,,CIN7,,CIN7,,NONE,NO,manufacturer,Men's jeans - 100% cotton
CONTINUITY,NEW,,,CHIMI-ELPS-TRT,Elipse Tortoise,CHIMI-ELPS-TRT,Elipse Tortoise,CIN7_IMPORT,Chimi,Chimi,1,3,customs desc; fibre; manufacturer,,,,1,,1,,1,,,CIN7,,NONE,,NONE,NO,fibre; manufacturer,Sunglasses
CONTINUITY,NEW,,,LIV-NDL-RVRS-BTTR-DBLY,Needle Reverse Butter Doubleye,LIV-NDL-RVRS-BTTR-DBLY,Needle Reverse Butter Doubleye,CIN7_IMPORT,Livid Unisex,Livid,4,3,customs desc; fibre; manufacturer,,,,1,,1,,1,,,CIN7,,CIN7,,NONE,NO,manufacturer,Men's Sweater - 100% cotton
CONTINUITY,NEW,,,LIV-KR-JPN-FG,Keri Japan Fog,LIV-KR-JPN-FG,Keri Japan Fog,CIN7_IMPORT,Livid Unisex,Livid,4,3,customs desc; fibre; manufacturer,,,,1,,1,,1,,,CIN7,,CIN7,,NONE,NO,manufacturer,Men's jeans - 100% cotton
CONTINUITY,NEW,,,VN-ONLN-12869,Women's Ralph Lauren Shirt (M),VN-ONLN-12869,Women's Ralph Lauren Shirt (M),CIN7_IMPORT,Vintage,Vintage,1,3,customs desc; fibre; manufacturer,,,,1,,1,,1,,,CIN7,,NONE,,NONE,NO,fibre; manufacturer,Used Vintage garment
CONTINUITY,NEW,,,VN-ONLN-11455,Nike Sweat (S),VN-ONLN-11455,Nike Sweat (S),CIN7_IMPORT,Vintage,Vintage,1,3,customs desc; fibre; manufacturer,,,,1,,1,,1,,,CIN7,,NONE,,NONE,NO,fibre; manufacturer,Used Vintage garment
CONTINUITY,NEW,,,VN-ONLN-13178,Striped Linen Shirt (L),VN-ONLN-13178,Striped Linen Shirt (L),CIN7_IMPORT,Vintage,Vintage,1,3,customs desc; fibre; manufacturer,,,,1,,1,,1,,,CIN7,,NONE,,NONE,NO,fibre; manufacturer,Used Vintage garment
CONTINUITY,NEW,,,STORAGE-KLESRULLER,Klesruller,STORAGE-KLESRULLER,Klesruller,CIN7_IMPORT,Storage,Storage,1,5,HS code; customs desc; fibre; origin; manufacturer,,,1,1,,1,1,1,,NONE,CIN7,,NONE,NONE,NONE,NO,HS code; fibre; origin; manufacturer,Lager
CONTINUITY,NEW,,,VN-ONLN-11907,Dickies Worker Shirt (M),VN-ONLN-11907,Dickies Worker Shirt (M),CIN7_IMPORT,Vintage,Vintage,1,3,customs desc; fibre; manufacturer,,,,1,,1,,1,,,CIN7,,NONE,,NONE,NO,fibre; manufacturer,Used Vintage garment
CONTINUITY,NEW,,,STORAGE-LABDIPS,Labdips,STORAGE-LABDIPS,Labdips,CIN7_IMPORT,LAGER,LAGER,1,6,HS code; customs desc; weight; fibre; origin; manufacturer,,,1,1,1,1,1,1,,NONE,NONE,NONE,NONE,NONE,NONE,NO,HS code; customs desc; weight; fibre; origin; manufacturer,
CONTINUITY,NEW,,,VN-ONLN-12554,Barbour Oxford Shirt (M),VN-ONLN-12554,Barbour Oxford Shirt (M),CIN7_IMPORT,Vintage,Vintage,1,3,customs desc; fibre; manufacturer,,,,1,,1,,1,,,CIN7,,NONE,,NONE,NO,fibre; manufacturer,Used Vintage garment
CONTINUITY,NEW,,,EXT-VN-CKTDR,Cocktail dress,EXT-VN-CKTDR,Cocktail dress,CIN7_IMPORT,Vintage,Vintage,1,3,customs desc; fibre; manufacturer,,,,1,,1,,1,,,CIN7,,NONE,,NONE,NO,fibre; manufacturer,Used clothing - Vintage
CONTINUITY,NEW,,,LIV-SKRD-LPSTF-LIN,Lappestoff Lin,LIV-SKRD-LPSTF-LIN,Lappestoff Lin,CIN7_IMPORT,Livid,Livid,1,5,HS code; customs desc; fibre; origin; manufacturer,,,1,1,,1,1,1,,NONE,NONE,,NONE,NONE,NONE,NO,HS code; customs desc; fibre; origin; manufacturer,
CONTINUITY,NEW,,,IMP-LIV-BETH-JAP-BRER,"Beth Japan Era, 2932*",IMP-LIV-BETH-JAP-BRER,"Beth Japan Era, 2932*",CIN7_IMPORT,Livid Unisex,Livid,3,3,customs desc; fibre; manufacturer,,,,1,,1,,1,,,CIN7,,CIN7,,NONE,NO,manufacturer,Men's jeans - 100% cotton
CONTINUITY,NEW,,,IMP-LIV-KR-JPN-BLCK,"Keri Japan Black, 2834*",IMP-LIV-KR-JPN-BLCK,"Keri Japan Black, 2834*",CIN7_IMPORT,Livid Unisex,Livid,1,3,customs desc; fibre; manufacturer,,,,1,,1,,1,,,CIN7,,CIN7,,NONE,NO,manufacturer,Men's jeans - 100% cotton
CONTINUITY,NEW,,,EXT-VN-NW-HNDB,SMALL HANDBAG,EXT-VN-NW-HNDB,SMALL HANDBAG,CIN7_IMPORT,Vintage,Vintage,1,5,HS code; customs desc; fibre; origin; manufacturer,,,1,1,,1,1,1,,NONE,NONE,,NONE,NONE,NONE,NO,HS code; customs desc; fibre; origin; manufacturer,
CONTINUITY,NEW,,,VN-ONLN-13471,Polo by Ralph Lauren Knit Crewneck (XL),VN-ONLN-13471,Polo by Ralph Lauren Knit Crewneck (XL),CIN7_IMPORT,Vintage,Vintage,1,3,customs desc; fibre; manufacturer,,,,1,,1,,1,,,CIN7,,NONE,,NONE,NO,fibre; manufacturer,Used Vintage garment
CONTINUITY,NEW,,,EXT-NRD-001-CLCM,001 M Calcite,EXT-NRD-001-CLCM,001 M Calcite,CIN7_IMPORT,Norda,Norda,5,3,customs desc; fibre; manufacturer,,,,1,,1,,1,,,CIN7,,NONE,,NONE,NO,fibre; manufacturer,Men Shoes
CONTINUITY,NEW,,,LIV-NSH-TP,Nash Taupe,LIV-NSH-TP,Nash Taupe,CIN7_IMPORT,Livid Unisex,Livid,6,3,customs desc; fibre; manufacturer,,,,1,,1,,1,,,CIN7,,CIN7,,NONE,NO,manufacturer,Men jacket - 100% Wool
CONTINUITY,NEW,,,LIV-FR-BKSTN,Fir Japan Black Heavy Satin,LIV-FR-BKSTN,Fir Japan Black Heavy Satin,CIN7_IMPORT,Livid Femme,Livid,3,3,customs desc; fibre; manufacturer,,,,1,,1,,1,,,CIN7,,CIN7,,NONE,NO,manufacturer,Men's trouser - 100% cotton
CONTINUITY,NEW,,,LIV-AVA-JP-BLKCMF,Ava Japan Black Comfort,LIV-AVA-JP-BLKCMF,Ava Japan Black Comfort,CIN7_IMPORT,Livid Femme,Livid,20,3,customs desc; fibre; manufacturer,,,,1,,1,,1,,,CIN7,,CIN7,,NONE,NO,manufacturer,Men's jeans - 100% cotton
CONTINUITY,NEW,,,LIV-JN-JPN-BL,Jone Japan Blue,LIV-JN-JPN-BL,Jone Japan Blue,CIN7_IMPORT,Livid Men,Livid,7,3,customs desc; fibre; manufacturer,,,,1,,1,,1,,,CIN7,,CIN7,,NONE,NO,manufacturer,Men's jeans - 100% cotton
CONTINUITY,NEW,,,VN-ONLN-12210,Ralph Lauren Shirt (XL),VN-ONLN-12210,Ralph Lauren Shirt (XL),CIN7_IMPORT,Vintage,Vintage,1,3,customs desc; fibre; manufacturer,,,,1,,1,,1,,,CIN7,,NONE,,NONE,NO,fibre; manufacturer,Used Vintage garment
CONTINUITY,NEW,,,LIV-VR-IND,Vår Japan Indigo Rinse,LIV-VR-IND,Vår Japan Indigo Rinse,CIN7_IMPORT,Livid Femme,Livid,11,3,customs desc; fibre; manufacturer,,,,1,,1,,1,,,CIN7,,CIN7,,NONE,NO,manufacturer,Men's jeans - 100% cotton
CONTINUITY,NEW,,,LIV-SLGSV-H-CLGHD,"Salgscollege/hoodie, herre",LIV-SLGSV-H-CLGHD,"Salgscollege/hoodie, herre",CIN7_IMPORT,Livid Men,Livid,1,3,customs desc; fibre; manufacturer,,,,1,,1,,1,,,CIN7,,CIN7,,NONE,NO,manufacturer,Men's Sweater - 100% cotton
CONTINUITY,NEW,,,LIV-SMPLS-F-JRS,"Sample jersey, dame",LIV-SMPLS-F-JRS,"Sample jersey, dame",CIN7_IMPORT,Livid Femme,Livid,1,5,price; HS code; customs desc; fibre; manufacturer,,1,1,1,,1,,1,NONE,NONE,NONE,,NONE,,NONE,NO,price; HS code; customs desc; fibre; manufacturer,
CONTINUITY,NEW,,,VN-ONLN-11349,Polo by Ralph Lauren Shirt (M),VN-ONLN-11349,Polo by Ralph Lauren Shirt (M),CIN7_IMPORT,Vintage,Vintage,1,3,customs desc; fibre; manufacturer,,,,1,,1,,1,,,CIN7,,NONE,,NONE,NO,fibre; manufacturer,Used Vintage garment
CONTINUITY,NEW,,,LIV-T-VPR,Tia Vapor,LIV-T-VPR,Tia Vapor,CIN7_IMPORT,Livid Femme,Livid,2,3,customs desc; fibre; manufacturer,,,,1,,1,,1,,,CIN7,,CIN7,,NONE,NO,manufacturer,Men's jeans - 100% cotton
CONTINUITY,NEW,,,VN-ONLN-10284,Tommy Hilfiger shirt (L),VN-ONLN-10284,Tommy Hilfiger shirt (L),CIN7_IMPORT,Vintage,Vintage,1,3,customs desc; fibre; manufacturer,,,,1,,1,,1,,,CIN7,,NONE,,NONE,NO,fibre; manufacturer,Used Vintage garment
CONTINUITY,NEW,,,VN-ONLN-13373,Ralph Lauren Seersucker Shirt (2XL),VN-ONLN-13373,Ralph Lauren Seersucker Shirt (2XL),CIN7_IMPORT,Vintage,Vintage,1,3,customs desc; fibre; manufacturer,,,,1,,1,,1,,,CIN7,,NONE,,NONE,NO,fibre; manufacturer,Used Vintage garment
CONTINUITY,NEW,,,VN-ONLN-13418,True Statement Tee (L),VN-ONLN-13418,True Statement Tee (L),CIN7_IMPORT,Vintage,Vintage,1,3,customs desc; fibre; manufacturer,,,,1,,1,,1,,,CIN7,,NONE,,NONE,NO,fibre; manufacturer,Used Vintage garment
CONTINUITY,NEW,,,VN-ONLN-12574,Jaquard Knit Sweater (M),VN-ONLN-12574,Jaquard Knit Sweater (M),CIN7_IMPORT,Vintage,Vintage,1,3,customs desc; fibre; manufacturer,,,,1,,1,,1,,,CIN7,,NONE,,NONE,NO,fibre; manufacturer,Used Vintage garment
CONTINUITY,NEW,,,VN-ONLN-10035,Iowa 80 Truckstop Sweat (M),VN-ONLN-10035,Iowa 80 Truckstop Sweat (M),CIN7_IMPORT,Vintage,Vintage,1,3,customs desc; fibre; manufacturer,,,,1,,1,,1,,,CIN7,,NONE,,NONE,NO,fibre; manufacturer,Used Vintage garment
CONTINUITY,NEW,,,VN-ONLN-9684,80's Italian nordic knit (L),VN-ONLN-9684,80's Italian nordic knit (L),CIN7_IMPORT,Vintage,Vintage,1,3,customs desc; fibre; manufacturer,,,,1,,1,,1,,,CIN7,,NONE,,NONE,NO,fibre; manufacturer,Used Vintage garment
CONTINUITY,NEW,,,VN-ONLN-10250,90's Pirates of the Caribbean print sweat (L),VN-ONLN-10250,90's Pirates of the Caribbean print sweat (L),CIN7_IMPORT,Vintage,Vintage,1,3,customs desc; fibre; manufacturer,,,,1,,1,,1,,,CIN7,,NONE,,NONE,NO,fibre; manufacturer,Used Vintage garment
CONTINUITY,NEW,,,VN-ONLN-9949,80's Lee denim shirt (M),VN-ONLN-9949,80's Lee denim shirt (M),CIN7_IMPORT,Vintage,Vintage,1,3,customs desc; fibre; manufacturer,,,,1,,1,,1,,,CIN7,,NONE,,NONE,NO,fibre; manufacturer,Used Vintage garment
CONTINUITY,NEW,,,EXT-VN-BRBSC-CSH,Burberry Cashmere Scarf,EXT-VN-BRBSC-CSH,Burberry Cashmere Scarf,CIN7_IMPORT,Vintage,Vintage,1,3,customs desc; fibre; manufacturer,,,,1,,1,,1,,,CIN7,,NONE,,NONE,NO,fibre; manufacturer,Used clothing - Vintage
CONTINUITY,NEW,,,VN-ONLN-10803,Armani Jeans Jersey top (XL),VN-ONLN-10803,Armani Jeans Jersey top (XL),CIN7_IMPORT,Vintage,Vintage,1,3,customs desc; fibre; manufacturer,,,,1,,1,,1,,,CIN7,,NONE,,NONE,NO,fibre; manufacturer,Used Vintage garment
CONTINUITY,NEW,,,VN-ONLN-13557,Massimo Dutti Rugby Shirt (L),VN-ONLN-13557,Massimo Dutti Rugby Shirt (L),CIN7_IMPORT,Vintage,Vintage,1,3,customs desc; fibre; manufacturer,,,,1,,1,,1,,,CIN7,,NONE,,NONE,NO,fibre; manufacturer,Used Vintage garment
CONTINUITY,NEW,,,LIV-HF-CHMRN,Huff Charcoal Fluid Merino,LIV-HF-CHMRN,Huff Charcoal Fluid Merino,CIN7_IMPORT,Livid Men,Livid,2,3,customs desc; fibre; manufacturer,,,,1,,1,,1,,,CIN7,,CIN7,,NONE,NO,manufacturer,Men's Shirt - 100% cotton
CONTINUITY,NEW,,,VN-ONLN-13570,St. Johns Bay Chamois Cloth Shirt (L),VN-ONLN-13570,St. Johns Bay Chamois Cloth Shirt (L),CIN7_IMPORT,Vintage,Vintage,1,3,customs desc; fibre; manufacturer,,,,1,,1,,1,,,CIN7,,NONE,,NONE,NO,fibre; manufacturer,Used Vintage garment
CONTINUITY,NEW,,,VN-ONLN-9985,Champion Reverse Weave Sweatshirt (S),VN-ONLN-9985,Champion Reverse Weave Sweatshirt (S),CIN7_IMPORT,Vintage,Vintage,1,3,customs desc; fibre; manufacturer,,,,1,,1,,1,,,CIN7,,NONE,,NONE,NO,fibre; manufacturer,Used Vintage garment
CONTINUITY,NEW,,,EXT-NRD-001-PWTM,001 M Pewter,EXT-NRD-001-PWTM,001 M Pewter,CIN7_IMPORT,Norda,Norda,2,3,customs desc; fibre; manufacturer,,,,1,,1,,1,,,CIN7,,NONE,,NONE,NO,fibre; manufacturer,Men Shoes
CONTINUITY,NEW,,,VN-ONLN-10237,Dolce & Gabbana Sunglasses (OneSize),VN-ONLN-10237,Dolce & Gabbana Sunglasses (OneSize),CIN7_IMPORT,Vintage,Vintage,1,3,customs desc; fibre; manufacturer,,,,1,,1,,1,,,CIN7,,NONE,,NONE,NO,fibre; manufacturer,Used Vintage garment
CONTINUITY,NEW,,,EXT-VN-WNTRCH,Winter trench,EXT-VN-WNTRCH,Winter trench,CIN7_IMPORT,Vintage,Vintage,1,3,customs desc; fibre; manufacturer,,,,1,,1,,1,,,CIN7,,NONE,,NONE,NO,fibre; manufacturer,Used clothing - Vintage
CONTINUITY,NEW,,,VN-ONLN-9250,90's pattern knit sweater (S),VN-ONLN-9250,90's pattern knit sweater (S),CIN7_IMPORT,Vintage,Vintage,1,3,customs desc; fibre; manufacturer,,,,1,,1,,1,,,CIN7,,NONE,,NONE,NO,fibre; manufacturer,Used Vintage garment
CONTINUITY,NEW,,,EXT-NV-MRK-SHRTS,Market shorts,EXT-NV-MRK-SHRTS,Market shorts,CIN7_IMPORT,Vintage,Vintage,1,3,customs desc; fibre; manufacturer,,,,1,,1,,1,,,CIN7,,NONE,,NONE,NO,fibre; manufacturer,Used clothing - Vintage
CONTINUITY,NEW,,,VN-ONLN-12991,DNR Leather Bomber Jacket (XL),VN-ONLN-12991,DNR Leather Bomber Jacket (XL),CIN7_IMPORT,Vintage,Vintage,1,3,customs desc; fibre; manufacturer,,,,1,,1,,1,,,CIN7,,NONE,,NONE,NO,fibre; manufacturer,Used Vintage garment
CONTINUITY,NEW,,,LIV-BLK-BK,Blake Black,LIV-BLK-BK,Blake Black,CIN7_IMPORT,Livid Unisex,Livid,1,3,customs desc; fibre; manufacturer,,,,1,,1,,1,,,CIN7,,CIN7,,NONE,NO,manufacturer,Men jacket - 100% Wool
CONTINUITY,NEW,,,VN-ONLN-13282,1983 Sturgis Motorcycle Fest Tee (M),VN-ONLN-13282,1983 Sturgis Motorcycle Fest Tee (M),CIN7_IMPORT,Vintage,Vintage,1,3,customs desc; fibre; manufacturer,,,,1,,1,,1,,,CIN7,,NONE,,NONE,NO,fibre; manufacturer,Used Vintage garment
CONTINUITY,NEW,,,VN-ONLN-12518,Burberry Wool Knit Sweater (M),VN-ONLN-12518,Burberry Wool Knit Sweater (M),CIN7_IMPORT,Vintage,Vintage,1,3,customs desc; fibre; manufacturer,,,,1,,1,,1,,,CIN7,,NONE,,NONE,NO,fibre; manufacturer,Used Vintage garment
CONTINUITY,NEW,,,EXT-RT-DFW-DBB,Double Face Merino & Cotton Dark Brown/Brown,EXT-RT-DFW-DBB,Double Face Merino & Cotton Dark Brown/Brown,CIN7_IMPORT,Rototo,Rototo,2,3,customs desc; fibre; manufacturer,,,,1,,1,,1,,,CIN7,,CIN7,,NONE,NO,manufacturer,Socks - 100% wool
CONTINUITY,NEW,,,VN-ONLN-12185,Reebok Steelers Quarter Zip Fleece (XL),VN-ONLN-12185,Reebok Steelers Quarter Zip Fleece (XL),CIN7_IMPORT,Vintage,Vintage,1,3,customs desc; fibre; manufacturer,,,,1,,1,,1,,,CIN7,,NONE,,NONE,NO,fibre; manufacturer,Used Vintage garment
CONTINUITY,NEW,,,LIV-KN-SLFX,Keen Silver Fox,LIV-KN-SLFX,Keen Silver Fox,CIN7_IMPORT,Livid Men,Livid,2,3,customs desc; fibre; manufacturer,,,,1,,1,,1,,,CIN7,,CIN7,,NONE,NO,manufacturer,Men's Shirt - 100% cotton
CONTINUITY,NEW,,,SALE-ACSW,"Salg-accessories, vinter",SALE-ACSW,"Salg-accessories, vinter",CIN7_IMPORT,EXT,EXT,1,7,price; HS code; customs desc; weight; fibre; origin; manufacturer,,1,1,1,1,1,1,1,NONE,NONE,NONE,NONE,NONE,NONE,NONE,NO,price; HS code; customs desc; weight; fibre; origin; manufacturer,
CONTINUITY,NEW,,,VN-ONLN-12988,Puma Lazio FC Zip Sweatshirt (XL),VN-ONLN-12988,Puma Lazio FC Zip Sweatshirt (XL),CIN7_IMPORT,Vintage,Vintage,1,3,customs desc; fibre; manufacturer,,,,1,,1,,1,,,CIN7,,NONE,,NONE,NO,fibre; manufacturer,Used Vintage garment
CONTINUITY,NEW,,,VN-ONLN-10074,Polo Ralph Lauren Shirt (L),VN-ONLN-10074,Polo Ralph Lauren Shirt (L),CIN7_IMPORT,Vintage,Vintage,1,3,customs desc; fibre; manufacturer,,,,1,,1,,1,,,CIN7,,NONE,,NONE,NO,fibre; manufacturer,Used Vintage garment
CONTINUITY,NEW,,,VN-ONLN-10279,Tommy Hilfiger shirt (M),VN-ONLN-10279,Tommy Hilfiger shirt (M),CIN7_IMPORT,Vintage,Vintage,1,3,customs desc; fibre; manufacturer,,,,1,,1,,1,,,CIN7,,NONE,,NONE,NO,fibre; manufacturer,Used Vintage garment
CONTINUITY,NEW,,,VN-ONLN-13255,Silk Resort Shirt (XL),VN-ONLN-13255,Silk Resort Shirt (XL),CIN7_IMPORT,Vintage,Vintage,1,3,customs desc; fibre; manufacturer,,,,1,,1,,1,,,CIN7,,NONE,,NONE,NO,fibre; manufacturer,Used Vintage garment
CONTINUITY,NEW,,,VN-ONLN-9238,90's multiknit sweater (S),VN-ONLN-9238,90's multiknit sweater (S),CIN7_IMPORT,Vintage,Vintage,1,3,customs desc; fibre; manufacturer,,,,1,,1,,1,,,CIN7,,NONE,,NONE,NO,fibre; manufacturer,Used Vintage garment
CONTINUITY,NEW,,,VN-ONLN-12903,Marc Gibaldi Knit Sweater (XL),VN-ONLN-12903,Marc Gibaldi Knit Sweater (XL),CIN7_IMPORT,Vintage,Vintage,1,3,customs desc; fibre; manufacturer,,,,1,,1,,1,,,CIN7,,NONE,,NONE,NO,fibre; manufacturer,Used Vintage garment
CONTINUITY,NEW,,,EXT-VN-SLSC-XL,Silk Scarf XL,EXT-VN-SLSC-XL,Silk Scarf XL,CIN7_IMPORT,Vintage,Vintage,1,3,customs desc; fibre; manufacturer,,,,1,,1,,1,,,CIN7,,NONE,,NONE,NO,fibre; manufacturer,Used clothing - Vintage
CONTINUITY,NEW,,,LIV-EDVRD-JPN-INDG,Edvard Japan Indigo,LIV-EDVRD-JPN-INDG,Edvard Japan Indigo,CIN7_IMPORT,Livid Men,Livid,7,3,customs desc; fibre; manufacturer,,,,1,,1,,1,,,CIN7,,CIN7,,NONE,NO,manufacturer,Men's jeans - 100% cotton
CONTINUITY,NEW,,,VN-ONLN-11592,Woolrich Shirt (XL),VN-ONLN-11592,Woolrich Shirt (XL),CIN7_IMPORT,Vintage,Vintage,1,3,customs desc; fibre; manufacturer,,,,1,,1,,1,,,CIN7,,NONE,,NONE,NO,fibre; manufacturer,Used Vintage garment
CONTINUITY,NEW,,,VN-ONLN-9992,Tommy Hilfiger cotton sweater (M),VN-ONLN-9992,Tommy Hilfiger cotton sweater (M),CIN7_IMPORT,Vintage,Vintage,1,3,customs desc; fibre; manufacturer,,,,1,,1,,1,,,CIN7,,NONE,,NONE,NO,fibre; manufacturer,Used Vintage garment
CONTINUITY,NEW,,,VN-ONLN-9457,Rugby shirt (S),VN-ONLN-9457,Rugby shirt (S),CIN7_IMPORT,Vintage,Vintage,1,3,customs desc; fibre; manufacturer,,,,1,,1,,1,,,CIN7,,NONE,,NONE,NO,fibre; manufacturer,Used Vintage garment
CONTINUITY,NEW,,,VN-ONLN-12858,Wrangler Leather Jacket (2XL),VN-ONLN-12858,Wrangler Leather Jacket (2XL),CIN7_IMPORT,Vintage,Vintage,1,3,customs desc; fibre; manufacturer,,,,1,,1,,1,,,CIN7,,NONE,,NONE,NO,fibre; manufacturer,Used Vintage garment
CONTINUITY,NEW,,,VN-ONLN-12959,Disney Minnie Mouse Sweatshirt (L),VN-ONLN-12959,Disney Minnie Mouse Sweatshirt (L),CIN7_IMPORT,Vintage,Vintage,1,3,customs desc; fibre; manufacturer,,,,1,,1,,1,,,CIN7,,NONE,,NONE,NO,fibre; manufacturer,Used Vintage garment
CONTINUITY,NEW,,,VN-ONLN-12934,Armani Silk Tie (OneSize),VN-ONLN-12934,Armani Silk Tie (OneSize),CIN7_IMPORT,Vintage,Vintage,1,3,customs desc; fibre; manufacturer,,,,1,,1,,1,,,CIN7,,NONE,,NONE,NO,fibre; manufacturer,Used Vintage garment
CONTINUITY,NEW,,,LIV-LV-JPN-BLCK,Live Japan Black,LIV-LV-JPN-BLCK,Live Japan Black,CIN7_IMPORT,Livid Femme,Livid,9,3,customs desc; fibre; manufacturer,,,,1,,1,,1,,,CIN7,,CIN7,,NONE,NO,manufacturer,Men's jeans - 100% cotton
CONTINUITY,NEW,,,2526-1208-515,M.O.P button 515 Smoke,2526-1208-515,M.O.P button 515 Smoke,CIN7_IMPORT,Livid,Livid,6,3,customs desc; fibre; manufacturer,,,,1,,1,,1,,,CIN7,,NONE,,NONE,NO,fibre; manufacturer,Mother of pearl buttons
CONTINUITY,NEW,,,VN-ONLN-11610,Tommy Hilfiger Shirt (L),VN-ONLN-11610,Tommy Hilfiger Shirt (L),CIN7_IMPORT,Vintage,Vintage,1,3,customs desc; fibre; manufacturer,,,,1,,1,,1,,,CIN7,,NONE,,NONE,NO,fibre; manufacturer,Used Vintage garment
CONTINUITY,NEW,,,LIV-BLN-BLCK,Blanche Black,LIV-BLN-BLCK,Blanche Black,CIN7_IMPORT,Livid Femme,Livid,3,4,customs desc; fibre; origin; manufacturer,,,,1,,1,1,1,,,CIN7,,CIN7,CIN7,NONE,NO,manufacturer,Women's Skirt - 100% Cotton
CONTINUITY,NEW,,,VN-ONLN-12480,Wrap Collar Wool Knit Sweater (S),VN-ONLN-12480,Wrap Collar Wool Knit Sweater (S),CIN7_IMPORT,Vintage,Vintage,1,3,customs desc; fibre; manufacturer,,,,1,,1,,1,,,CIN7,,NONE,,NONE,NO,fibre; manufacturer,Used Vintage garment
CONTINUITY,NEW,,,LIV-PLTH-GRY-MHR-MX,Plath Grey Mohair Mix,LIV-PLTH-GRY-MHR-MX,Plath Grey Mohair Mix,CIN7_IMPORT,Livid Unisex,Livid,1,3,customs desc; fibre; manufacturer,,,,1,,1,,1,,,CIN7,,CIN7,,NONE,NO,manufacturer,Men's beanie - 100% Wool
CONTINUITY,NEW,,,VN-ONLN-10911,Diesel Gregg Denim Jacket (S),VN-ONLN-10911,Diesel Gregg Denim Jacket (S),CIN7_IMPORT,Vintage,Vintage,1,3,customs desc; fibre; manufacturer,,,,1,,1,,1,,,CIN7,,NONE,,NONE,NO,fibre; manufacturer,Used Vintage garment
CONTINUITY,NEW,,,LIV-SRI-GROLV,Suri Grey Olive Stripe,LIV-SRI-GROLV,Suri Grey Olive Stripe,CIN7_IMPORT,Livid Femme,Livid,1,3,customs desc; fibre; manufacturer,,,,1,,1,,1,,,CIN7,,CIN7,,NONE,NO,manufacturer,Women Dress - 100% Cotton
CONTINUITY,NEW,,,IMP-LIV-KR-JPN-BRKN_,"Keri Japan Broken, 2532*",IMP-LIV-KR-JPN-BRKN_,"Keri Japan Broken, 2532*",CIN7_IMPORT,Livid Femme,Livid,8,3,customs desc; fibre; manufacturer,,,,1,,1,,1,,,CIN7,,CIN7,,NONE,NO,manufacturer,Men's jeans - 100% cotton
CONTINUITY,NEW,,,VN-ONLN-13426,1992 Civitan International Meeting Tee (XL),VN-ONLN-13426,1992 Civitan International Meeting Tee (XL),CIN7_IMPORT,Vintage,Vintage,1,3,customs desc; fibre; manufacturer,,,,1,,1,,1,,,CIN7,,NONE,,NONE,NO,fibre; manufacturer,Used Vintage garment
CONTINUITY,NEW,,,EXT-VN-90s-KNQZP,90s Knit Quarter Zip,EXT-VN-90s-KNQZP,90s Knit Quarter Zip,CIN7_IMPORT,Vintage,Vintage,1,4,HS code; customs desc; fibre; manufacturer,,,1,1,,1,,1,,CIN7,CIN7,,NONE,,NONE,NO,fibre; manufacturer,Used clothing - Vintage
CONTINUITY,NEW,,,VN-ONLN-13601,90's Oakland Athletics MLB Tee (M),VN-ONLN-13601,90's Oakland Athletics MLB Tee (M),CIN7_IMPORT,Vintage,Vintage,1,3,customs desc; fibre; manufacturer,,,,1,,1,,1,,,CIN7,,NONE,,NONE,NO,fibre; manufacturer,Used Vintage garment
CONTINUITY,NEW,,,EXT-VN-LTHBT,Leather Boots,EXT-VN-LTHBT,Leather Boots,CIN7_IMPORT,Vintage,Vintage,1,3,customs desc; fibre; manufacturer,,,,1,,1,,1,,,CIN7,,NONE,,NONE,NO,fibre; manufacturer,Used clothing - Vintage
CONTINUITY,NEW,,,LIV-BRLY-JPN-ER,Burley Japan Era,LIV-BRLY-JPN-ER,Burley Japan Era,CIN7_IMPORT,Livid Men,Livid,13,3,customs desc; fibre; manufacturer,,,,1,,1,,1,,,CIN7,,CIN7,,NONE,NO,manufacturer,Men's jeans - 100% cotton
CONTINUITY,NEW,,,LIV-DYE-ALO-FAD,Dyer Aloe Fadeout Thermal,LIV-DYE-ALO-FAD,Dyer Aloe Fadeout Thermal,CIN7_IMPORT,Livid Men,Livid,4,4,customs desc; fibre; origin; manufacturer,,,,1,,1,1,1,,,CIN7,,CIN7,CIN7,NONE,NO,manufacturer,Men's Sweater - 100% cotton
CONTINUITY,NEW,,,VN-ONLN-13472,Tommy Jeans NYC Crewneck (M),VN-ONLN-13472,Tommy Jeans NYC Crewneck (M),CIN7_IMPORT,Vintage,Vintage,1,3,customs desc; fibre; manufacturer,,,,1,,1,,1,,,CIN7,,NONE,,NONE,NO,fibre; manufacturer,Used Vintage garment
CONTINUITY,NEW,,,VN-ONLN-12519,Burberry Long Sleeve Velour Zip Polo (L),VN-ONLN-12519,Burberry Long Sleeve Velour Zip Polo (L),CIN7_IMPORT,Vintage,Vintage,1,3,customs desc; fibre; manufacturer,,,,1,,1,,1,,,CIN7,,NONE,,NONE,NO,fibre; manufacturer,Used Vintage garment
CONTINUITY,NEW,,,VN-ONLN-12202,Carhartt Oxford Shirt (L),VN-ONLN-12202,Carhartt Oxford Shirt (L),CIN7_IMPORT,Vintage,Vintage,1,3,customs desc; fibre; manufacturer,,,,1,,1,,1,,,CIN7,,NONE,,NONE,NO,fibre; manufacturer,Used Vintage garment
CONTINUITY,NEW,,,VN-ONLN-12003,Traditional Wool Sweater (M),VN-ONLN-12003,Traditional Wool Sweater (M),CIN7_IMPORT,Vintage,Vintage,1,3,customs desc; fibre; manufacturer,,,,1,,1,,1,,,CIN7,,NONE,,NONE,NO,fibre; manufacturer,Used Vintage garment
CONTINUITY,NEW,,,VN-ONLN-12576,Grey Champion Sweatshirt (L),VN-ONLN-12576,Grey Champion Sweatshirt (L),CIN7_IMPORT,Vintage,Vintage,1,3,customs desc; fibre; manufacturer,,,,1,,1,,1,,,CIN7,,NONE,,NONE,NO,fibre; manufacturer,Used Vintage garment
CONTINUITY,NEW,,,VN-ONLN-10490,Ohio State Team Pique (M) (M),VN-ONLN-10490,Ohio State Team Pique (M) (M),CIN7_IMPORT,Vintage,Vintage,1,3,customs desc; fibre; manufacturer,,,,1,,1,,1,,,CIN7,,NONE,,NONE,NO,fibre; manufacturer,Used Vintage garment
CONTINUITY,NEW,,,VN-ONLN-10002,Tommy Hilfiger cotton knit sweater (2XL),VN-ONLN-10002,Tommy Hilfiger cotton knit sweater (2XL),CIN7_IMPORT,Vintage,Vintage,1,3,customs desc; fibre; manufacturer,,,,1,,1,,1,,,CIN7,,NONE,,NONE,NO,fibre; manufacturer,Used Vintage garment
CONTINUITY,NEW,,,VN-ONLN-12385,Light Padded Long Trenchcoat  (M),VN-ONLN-12385,Light Padded Long Trenchcoat  (M),CIN7_IMPORT,Vintage,Vintage,1,3,customs desc; fibre; manufacturer,,,,1,,1,,1,,,CIN7,,NONE,,NONE,NO,fibre; manufacturer,Used Vintage garment
CONTINUITY,NEW,,,VN-ONLN-10862,Silk Resort Shirt (M),VN-ONLN-10862,Silk Resort Shirt (M),CIN7_IMPORT,Vintage,Vintage,1,3,customs desc; fibre; manufacturer,,,,1,,1,,1,,,CIN7,,NONE,,NONE,NO,fibre; manufacturer,Used Vintage garment
CONTINUITY,NEW,,,VN-ONLN-12950,2003 Carhartt Field Jacket (M),VN-ONLN-12950,2003 Carhartt Field Jacket (M),CIN7_IMPORT,Vintage,Vintage,1,3,customs desc; fibre; manufacturer,,,,1,,1,,1,,,CIN7,,NONE,,NONE,NO,fibre; manufacturer,Used Vintage garment
CONTINUITY,NEW,,,LIV-SVD,Saved Reborn,LIV-SVD,Saved Reborn,CIN7_IMPORT,Livid,Livid,1,6,HS code; customs desc; weight; fibre; origin; manufacturer,,,1,1,1,1,1,1,,NONE,NONE,NONE,NONE,NONE,NONE,NO,HS code; customs desc; weight; fibre; origin; manufacturer,
CONTINUITY,NEW,,,LIV-Lou-T-P,Lou Trunk Pink,LIV-Lou-T-P,Lou Trunk Pink,CIN7_IMPORT,Livid Men,Livid,4,3,customs desc; fibre; manufacturer,,,,1,,1,,1,,,CIN7,,CIN7,,NONE,NO,manufacturer,Men's Shorts - 100% Cotton
CONTINUITY,NEW,,,LIV-CSSDY-OLV-OXFRD,Cassidy Olive Oxford,LIV-CSSDY-OLV-OXFRD,Cassidy Olive Oxford,CIN7_IMPORT,Livid Men,Livid,2,3,customs desc; fibre; manufacturer,,,,1,,1,,1,,,CIN7,,CIN7,,NONE,NO,manufacturer,Men's Shirt - 100% cotton
CONTINUITY,NEW,,,LIV-EVRD-DCS,Edvard Dry Comfort Selvage,LIV-EVRD-DCS,Edvard Dry Comfort Selvage,CIN7_IMPORT,Livid Men,Livid,4,3,customs desc; fibre; manufacturer,,,,1,,1,,1,,,CIN7,,CIN7,,NONE,NO,manufacturer,Men's jeans - 100% cotton
CONTINUITY,NEW,,,VN-ONLN-10792,Marella Coat Jacket (M),VN-ONLN-10792,Marella Coat Jacket (M),CIN7_IMPORT,Vintage,Vintage,1,3,customs desc; fibre; manufacturer,,,,1,,1,,1,,,CIN7,,NONE,,NONE,NO,fibre; manufacturer,Used Vintage garment
CONTINUITY,NEW,,,LIV-MTH-PPR-YRN-WHT,Moth Paper yarn White,LIV-MTH-PPR-YRN-WHT,Moth Paper yarn White,CIN7_IMPORT,Livid Femme,Livid,3,3,customs desc; fibre; manufacturer,,,,1,,1,,1,,,CIN7,,CIN7,,NONE,NO,manufacturer,Men's Sweater - 100% cotton
CONTINUITY,NEW,,,VN-ONLN-12744,Polo by Ralph Lauren Shirt (M),VN-ONLN-12744,Polo by Ralph Lauren Shirt (M),CIN7_IMPORT,Vintage,Vintage,1,3,customs desc; fibre; manufacturer,,,,1,,1,,1,,,CIN7,,NONE,,NONE,NO,fibre; manufacturer,Used Vintage garment
CONTINUITY,NEW,,,VN-ONLN-13133,Women's Moschino Dress (M),VN-ONLN-13133,Women's Moschino Dress (M),CIN7_IMPORT,Vintage,Vintage,1,3,customs desc; fibre; manufacturer,,,,1,,1,,1,,,CIN7,,NONE,,NONE,NO,fibre; manufacturer,Used Vintage garment
CONTINUITY,NEW,,,VN-ONLN-12142,Brooks Brothers Red Fleece Wool Sweater (L),VN-ONLN-12142,Brooks Brothers Red Fleece Wool Sweater (L),CIN7_IMPORT,Vintage,Vintage,1,3,customs desc; fibre; manufacturer,,,,1,,1,,1,,,CIN7,,NONE,,NONE,NO,fibre; manufacturer,Used Vintage garment
CONTINUITY,NEW,,,VN-ONLN-9673,80's collared quarter zip knit (XL),VN-ONLN-9673,80's collared quarter zip knit (XL),CIN7_IMPORT,Vintage,Vintage,1,3,customs desc; fibre; manufacturer,,,,1,,1,,1,,,CIN7,,NONE,,NONE,NO,fibre; manufacturer,Used Vintage garment
CONTINUITY,NEW,,,STORAGE-MICROTEX-SWATCHES,Microtex Swatches,STORAGE-MICROTEX-SWATCHES,Microtex Swatches,CIN7_IMPORT,LAGER,LAGER,1,6,HS code; customs desc; weight; fibre; origin; manufacturer,,,1,1,1,1,1,1,,NONE,NONE,NONE,NONE,NONE,NONE,NO,HS code; customs desc; weight; fibre; origin; manufacturer,
CONTINUITY,NEW,,,VN-ONLN-12021,90's Napapijri Sport Windbreaker Jacket (L),VN-ONLN-12021,90's Napapijri Sport Windbreaker Jacket (L),CIN7_IMPORT,Vintage,Vintage,1,3,customs desc; fibre; manufacturer,,,,1,,1,,1,,,CIN7,,NONE,,NONE,NO,fibre; manufacturer,Used Vintage garment
CONTINUITY,NEW,,,STORAGE-TEXGOIOS-SWATCHES,Texgoios Swatches,STORAGE-TEXGOIOS-SWATCHES,Texgoios Swatches,CIN7_IMPORT,LAGER,LAGER,1,6,HS code; customs desc; weight; fibre; origin; manufacturer,,,1,1,1,1,1,1,,NONE,NONE,NONE,NONE,NONE,NONE,NO,HS code; customs desc; weight; fibre; origin; manufacturer,
CONTINUITY,NEW,,,VN-ONLN-10095,90's SF Giants Lee Sport tee (L),VN-ONLN-10095,90's SF Giants Lee Sport tee (L),CIN7_IMPORT,Vintage,Vintage,1,3,customs desc; fibre; manufacturer,,,,1,,1,,1,,,CIN7,,NONE,,NONE,NO,fibre; manufacturer,Used Vintage garment
CONTINUITY,NEW,,,VN-ONLN-10324,Tommy Hilfiger lightweight hooded windbreaker jacket (XL),VN-ONLN-10324,Tommy Hilfiger lightweight hooded windbreaker jacket (XL),CIN7_IMPORT,Vintage,Vintage,1,3,customs desc; fibre; manufacturer,,,,1,,1,,1,,,CIN7,,NONE,,NONE,NO,fibre; manufacturer,Used Vintage garment
CONTINUITY,NEW,,,IMP-LIV-BRNS-PTTY,Barnes Putty 34 34*,IMP-LIV-BRNS-PTTY,Barnes Putty 34 34*,CIN7_IMPORT,Livid Men,Livid,3,3,customs desc; fibre; manufacturer,,,,1,,1,,1,,,CIN7,,CIN7,,NONE,NO,manufacturer,Men's jeans - 100% cotton
CONTINUITY,NEW,,,VN-ONLN-13260,Tommy Bahama Silk Shirt (L),VN-ONLN-13260,Tommy Bahama Silk Shirt (L),CIN7_IMPORT,Vintage,Vintage,1,3,customs desc; fibre; manufacturer,,,,1,,1,,1,,,CIN7,,NONE,,NONE,NO,fibre; manufacturer,Used Vintage garment
CONTINUITY,NEW,,,VN-ONLN-13389,Cantebury Deakin Class of 2017 Rugby Shirt (S),VN-ONLN-13389,Cantebury Deakin Class of 2017 Rugby Shirt (S),CIN7_IMPORT,Vintage,Vintage,1,3,customs desc; fibre; manufacturer,,,,1,,1,,1,,,CIN7,,NONE,,NONE,NO,fibre; manufacturer,Used Vintage garment
CONTINUITY,NEW,,,VN-ONLN-13376,Polo Ralph Lauren Shirt  (XL),VN-ONLN-13376,Polo Ralph Lauren Shirt  (XL),CIN7_IMPORT,Vintage,Vintage,1,3,customs desc; fibre; manufacturer,,,,1,,1,,1,,,CIN7,,NONE,,NONE,NO,fibre; manufacturer,Used Vintage garment
CONTINUITY,NEW,,,EXT-CLK-TRKCP-BKQL,Trek Cup Black Quilted,EXT-CLK-TRKCP-BKQL,Trek Cup Black Quilted,CIN7_IMPORT,Clarks,Clarks,1,3,customs desc; fibre; manufacturer,,,,1,,1,,1,,,CIN7,,NONE,,NONE,NO,fibre; manufacturer,Men Shoes
CONTINUITY,NEW,,,VN-ONLN-12548,Bugatti Heavyweight Leather Jacket (XL),VN-ONLN-12548,Bugatti Heavyweight Leather Jacket (XL),CIN7_IMPORT,Vintage,Vintage,1,3,customs desc; fibre; manufacturer,,,,1,,1,,1,,,CIN7,,NONE,,NONE,NO,fibre; manufacturer,Used Vintage garment
CONTINUITY,NEW,,,VN-ONLN-12958,Disney Goofy Sweatshirt (L),VN-ONLN-12958,Disney Goofy Sweatshirt (L),CIN7_IMPORT,Vintage,Vintage,1,3,customs desc; fibre; manufacturer,,,,1,,1,,1,,,CIN7,,NONE,,NONE,NO,fibre; manufacturer,Used Vintage garment
CONTINUITY,NEW,,,VN-ONLN-12749,Jaquard Knit Sweater (L),VN-ONLN-12749,Jaquard Knit Sweater (L),CIN7_IMPORT,Vintage,Vintage,1,3,customs desc; fibre; manufacturer,,,,1,,1,,1,,,CIN7,,NONE,,NONE,NO,fibre; manufacturer,Used Vintage garment
CONTINUITY,NEW,,,VN-ONLN-13527,Gildan Florida Sweatshirt (S),VN-ONLN-13527,Gildan Florida Sweatshirt (S),CIN7_IMPORT,Vintage,Vintage,1,3,customs desc; fibre; manufacturer,,,,1,,1,,1,,,CIN7,,NONE,,NONE,NO,fibre; manufacturer,Used Vintage garment
CONTINUITY,NEW,,,LIV-LOU-LNG-GR,Lou Long Shorts Salmon,LIV-LOU-LNG-GR,Lou Long Shorts Salmon,CIN7_IMPORT,Livid Men,Livid,2,3,customs desc; fibre; manufacturer,,,,1,,1,,1,,,CIN7,,CIN7,,NONE,NO,manufacturer,Men's Shorts - 100% Cotton
CONTINUITY,NEW,,,LIV-EDVRD-JP-WRNINDG,Edvard Japan Worn Indigo,LIV-EDVRD-JP-WRNINDG,Edvard Japan Worn Indigo,CIN7_IMPORT,Livid Men,Livid,4,3,customs desc; fibre; manufacturer,,,,1,,1,,1,,,CIN7,,CIN7,,NONE,NO,manufacturer,Men's jeans - 100% cotton
CONTINUITY,NEW,,,VN-ONLN-10986,Chanel Chain Temple Sunglasses (OneSize),VN-ONLN-10986,Chanel Chain Temple Sunglasses (OneSize),CIN7_IMPORT,Vintage,Vintage,1,3,customs desc; fibre; manufacturer,,,,1,,1,,1,,,CIN7,,NONE,,NONE,NO,fibre; manufacturer,Used Vintage garment
CONTINUITY,NEW,,,VN-ONLN-12442,Ralph Lauren Shirt (M),VN-ONLN-12442,Ralph Lauren Shirt (M),CIN7_IMPORT,Vintage,Vintage,1,3,customs desc; fibre; manufacturer,,,,1,,1,,1,,,CIN7,,NONE,,NONE,NO,fibre; manufacturer,Used Vintage garment
CONTINUITY,NEW,,,VN-ONLN-13541,Tommy Hilfiger Quarter Zip Knit (2XL),VN-ONLN-13541,Tommy Hilfiger Quarter Zip Knit (2XL),CIN7_IMPORT,Vintage,Vintage,1,3,customs desc; fibre; manufacturer,,,,1,,1,,1,,,CIN7,,NONE,,NONE,NO,fibre; manufacturer,Used Vintage garment
CONTINUITY,NEW,,,VN-ONLN-11004,Cacharel Sunglasses (OneSize),VN-ONLN-11004,Cacharel Sunglasses (OneSize),CIN7_IMPORT,Vintage,Vintage,1,3,customs desc; fibre; manufacturer,,,,1,,1,,1,,,CIN7,,NONE,,NONE,NO,fibre; manufacturer,Used Vintage garment
CONTINUITY,NEW,,,VN-ONLN-9119,Carhartt denim carpenters (w32),VN-ONLN-9119,Carhartt denim carpenters (w32),CIN7_IMPORT,Vintage,Vintage,1,3,customs desc; fibre; manufacturer,,,,1,,1,,1,,,CIN7,,NONE,,NONE,NO,fibre; manufacturer,Used Vintage garment
CONTINUITY,NEW,,,VN-ONLN-11751,L.L. Bean Shirt (L),VN-ONLN-11751,L.L. Bean Shirt (L),CIN7_IMPORT,Vintage,Vintage,1,3,customs desc; fibre; manufacturer,,,,1,,1,,1,,,CIN7,,NONE,,NONE,NO,fibre; manufacturer,Used Vintage garment
CONTINUITY,NEW,,,VN-ONLN-11127,Pierre Cardin Silk Shirt (XL),VN-ONLN-11127,Pierre Cardin Silk Shirt (XL),CIN7_IMPORT,Vintage,Vintage,1,3,customs desc; fibre; manufacturer,,,,1,,1,,1,,,CIN7,,NONE,,NONE,NO,fibre; manufacturer,Used Vintage garment
CONTINUITY,NEW,,,VN-ONLN-12781,Looney Tunes Denim Jacket (L),VN-ONLN-12781,Looney Tunes Denim Jacket (L),CIN7_IMPORT,Vintage,Vintage,1,3,customs desc; fibre; manufacturer,,,,1,,1,,1,,,CIN7,,NONE,,NONE,NO,fibre; manufacturer,Used Vintage garment
CONTINUITY,NEW,,,VN-ONLN-11464,90's Plain College Sweat (M),VN-ONLN-11464,90's Plain College Sweat (M),CIN7_IMPORT,Vintage,Vintage,1,3,customs desc; fibre; manufacturer,,,,1,,1,,1,,,CIN7,,NONE,,NONE,NO,fibre; manufacturer,Used Vintage garment
CONTINUITY,NEW,,,VN-ONLN-10341,Polo Ralph Lauren Shirt (S),VN-ONLN-10341,Polo Ralph Lauren Shirt (S),CIN7_IMPORT,Vintage,Vintage,1,3,customs desc; fibre; manufacturer,,,,1,,1,,1,,,CIN7,,NONE,,NONE,NO,fibre; manufacturer,Used Vintage garment
CONTINUITY,NEW,,,LIV-JNE-SHRTS-JP-GRN,Jone Japan Shorts Green,LIV-JNE-SHRTS-JP-GRN,Jone Japan Shorts Green,CIN7_IMPORT,Livid Men,Livid,1,3,customs desc; fibre; manufacturer,,,,1,,1,,1,,,CIN7,,CIN7,,NONE,NO,manufacturer,Men's Shorts - 100% Cotton
CONTINUITY,NEW,,,LIV-STCK-FLXN,Stack Flaxen,LIV-STCK-FLXN,Stack Flaxen,CIN7_IMPORT,Livid Men,Livid,3,3,customs desc; fibre; manufacturer,,,,1,,1,,1,,,CIN7,,CIN7,,NONE,NO,manufacturer,Men's Sweater - Knitted 100% wiil
CONTINUITY,NEW,,,VN-ONLN-12636,Pekkle University Crewneck (L),VN-ONLN-12636,Pekkle University Crewneck (L),CIN7_IMPORT,Vintage,Vintage,1,3,customs desc; fibre; manufacturer,,,,1,,1,,1,,,CIN7,,NONE,,NONE,NO,fibre; manufacturer,Used Vintage garment
CONTINUITY,NEW,,,VN-ONLN-12707,Silk Resort Shirt (XL),VN-ONLN-12707,Silk Resort Shirt (XL),CIN7_IMPORT,Vintage,Vintage,1,3,customs desc; fibre; manufacturer,,,,1,,1,,1,,,CIN7,,NONE,,NONE,NO,fibre; manufacturer,Used Vintage garment
CONTINUITY,NEW,,,LIV-BS-CRKSH,Bass Black Shearling,LIV-BS-CRKSH,Bass Black Shearling,CIN7_IMPORT,Livid Men,Livid,2,3,customs desc; fibre; manufacturer,,,,1,,1,,1,,,CIN7,,CIN7,,NONE,NO,manufacturer,Men jacket - 100% cotton
CONTINUITY,NEW,,,VN-ONLN-12398,Levi's Denim Shirt (L),VN-ONLN-12398,Levi's Denim Shirt (L),CIN7_IMPORT,Vintage,Vintage,1,3,customs desc; fibre; manufacturer,,,,1,,1,,1,,,CIN7,,NONE,,NONE,NO,fibre; manufacturer,Used Vintage garment
CONTINUITY,NEW,,,VN-ONLN-11159,Silk Resort Shirt (XL),VN-ONLN-11159,Silk Resort Shirt (XL),CIN7_IMPORT,Vintage,Vintage,1,3,customs desc; fibre; manufacturer,,,,1,,1,,1,,,CIN7,,NONE,,NONE,NO,fibre; manufacturer,Used Vintage garment
CONTINUITY,NEW,,,VN-ONLN-12738,Hilfiger Denim Shirt (XL),VN-ONLN-12738,Hilfiger Denim Shirt (XL),CIN7_IMPORT,Vintage,Vintage,1,3,customs desc; fibre; manufacturer,,,,1,,1,,1,,,CIN7,,NONE,,NONE,NO,fibre; manufacturer,Used Vintage garment
CONTINUITY,NEW,,,VN-ONLN-10521,Polo Ralph Lauren Pique Shirt (XL) (XL),VN-ONLN-10521,Polo Ralph Lauren Pique Shirt (XL) (XL),CIN7_IMPORT,Vintage,Vintage,1,3,customs desc; fibre; manufacturer,,,,1,,1,,1,,,CIN7,,NONE,,NONE,NO,fibre; manufacturer,Used Vintage garment
CONTINUITY,NEW,,,VN-ONLN-11335,Polo by Ralph Lauren Stanton Shirt (S),VN-ONLN-11335,Polo by Ralph Lauren Stanton Shirt (S),CIN7_IMPORT,Vintage,Vintage,1,3,customs desc; fibre; manufacturer,,,,1,,1,,1,,,CIN7,,NONE,,NONE,NO,fibre; manufacturer,Used Vintage garment
CONTINUITY,NEW,,,VN-ONLN-9516,Woolrich wool shirt jacket (2XL),VN-ONLN-9516,Woolrich wool shirt jacket (2XL),CIN7_IMPORT,Vintage,Vintage,1,3,customs desc; fibre; manufacturer,,,,1,,1,,1,,,CIN7,,NONE,,NONE,NO,fibre; manufacturer,Used Vintage garment
CONTINUITY,NEW,,,VN-ONLN-12863,Timberland Padded Numbuck Leather Carcoat (M),VN-ONLN-12863,Timberland Padded Numbuck Leather Carcoat (M),CIN7_IMPORT,Vintage,Vintage,1,3,customs desc; fibre; manufacturer,,,,1,,1,,1,,,CIN7,,NONE,,NONE,NO,fibre; manufacturer,Used Vintage garment
CONTINUITY,NEW,,,EXT-VN-SLCW,Selected Item Winter,EXT-VN-SLCW,Selected Item Winter,CIN7_IMPORT,Vintage,Vintage,1,4,price; customs desc; fibre; manufacturer,,1,,1,,1,,1,NONE,,CIN7,,NONE,,NONE,NO,price; fibre; manufacturer,Used clothing - Vintage
CONTINUITY,NEW,,,VN-ONLN-13463,Force Racing Tee (XL),VN-ONLN-13463,Force Racing Tee (XL),CIN7_IMPORT,Vintage,Vintage,1,3,customs desc; fibre; manufacturer,,,,1,,1,,1,,,CIN7,,NONE,,NONE,NO,fibre; manufacturer,Used Vintage garment
CONTINUITY,NEW,,,VN-ONLN-13597,80's Calaveras County Search & Rescue Tee (S),VN-ONLN-13597,80's Calaveras County Search & Rescue Tee (S),CIN7_IMPORT,Vintage,Vintage,1,3,customs desc; fibre; manufacturer,,,,1,,1,,1,,,CIN7,,NONE,,NONE,NO,fibre; manufacturer,Used Vintage garment
CONTINUITY,NEW,,,EXT-BS-AMS-CHC,Amsterdam Wrapped Suede Charcoal,EXT-BS-AMS-CHC,Amsterdam Wrapped Suede Charcoal,CIN7_IMPORT,Birkenstock,Birkenstock,9,3,customs desc; fibre; manufacturer,,,,1,,1,,1,,,CIN7,,CIN7,,NONE,NO,manufacturer,Unisex sandals - 100% leather
CONTINUITY,NEW,,,VN-ONLN-12579,90s Umbro Sweatshirt (L),VN-ONLN-12579,90s Umbro Sweatshirt (L),CIN7_IMPORT,Vintage,Vintage,1,3,customs desc; fibre; manufacturer,,,,1,,1,,1,,,CIN7,,NONE,,NONE,NO,fibre; manufacturer,Used Vintage garment
CONTINUITY,NEW,,,LIV-Ayla-I,Ayla Ivory Satin,LIV-Ayla-I,Ayla Ivory Satin,CIN7_IMPORT,Livid Femme,Livid,1,3,customs desc; fibre; manufacturer,,,,1,,1,,1,,,CIN7,,CIN7,,NONE,NO,manufacturer,Men's Shirt - 100% cotton
CONTINUITY,NEW,,,EXT-RW-3113-EG-CML,3113 EG x RW Shop Moc Camel Remix,EXT-RW-3113-EG-CML,3113 EG x RW Shop Moc Camel Remix,CIN7_IMPORT,Red Wing,Red Wing,4,3,customs desc; fibre; manufacturer,,,,1,,1,,1,,,CIN7,,NONE,,NONE,NO,fibre; manufacturer,Men Shoes
CONTINUITY,NEW,,,VN-ONLN-13159,Women's Nike Striped Top (S),VN-ONLN-13159,Women's Nike Striped Top (S),CIN7_IMPORT,Vintage,Vintage,1,3,customs desc; fibre; manufacturer,,,,1,,1,,1,,,CIN7,,NONE,,NONE,NO,fibre; manufacturer,Used Vintage garment
CONTINUITY,NEW,,,VN-ONLN-12939,Courrèges Silk Tie (OneSize),VN-ONLN-12939,Courrèges Silk Tie (OneSize),CIN7_IMPORT,Vintage,Vintage,1,3,customs desc; fibre; manufacturer,,,,1,,1,,1,,,CIN7,,NONE,,NONE,NO,fibre; manufacturer,Used Vintage garment
CONTINUITY,NEW,,,VN-ONLN-12419,Multi-Striped Jaquard Knit Sweater (XL),VN-ONLN-12419,Multi-Striped Jaquard Knit Sweater (XL),CIN7_IMPORT,Vintage,Vintage,1,3,customs desc; fibre; manufacturer,,,,1,,1,,1,,,CIN7,,NONE,,NONE,NO,fibre; manufacturer,Used Vintage garment
CONTINUITY,NEW,,,EXT-IMP-MISC,Imperfect Overdel Misc,EXT-IMP-MISC,Imperfect Overdel Misc,CIN7_IMPORT,Livid Men,Livid,1,4,price; customs desc; fibre; manufacturer,,1,,1,,1,,1,NONE,,CIN7,,CIN7,,NONE,NO,price; manufacturer,Men's Shirt - 100% cotton
CONTINUITY,NEW,,,IMP-LIV-BRNS-JPN-DWN,Barnes Japan Dawn 29/32*,IMP-LIV-BRNS-JPN-DWN,Barnes Japan Dawn 29/32*,CIN7_IMPORT,Livid Men,Livid,14,3,customs desc; fibre; manufacturer,,,,1,,1,,1,,,CIN7,,CIN7,,NONE,NO,manufacturer,Men's jeans - 100% cotton
CONTINUITY,NEW,,,LIV-FY-JPN-DWN,Faye Japan Dawn,LIV-FY-JPN-DWN,Faye Japan Dawn,CIN7_IMPORT,Livid Femme,Livid,4,3,customs desc; fibre; manufacturer,,,,1,,1,,1,,,CIN7,,CIN7,,NONE,NO,manufacturer,Men's jeans - 100% cotton
CONTINUITY,NEW,,,VN-ONLN-9827,80's Chicago Fire Dept tee (XL),VN-ONLN-9827,80's Chicago Fire Dept tee (XL),CIN7_IMPORT,Vintage,Vintage,1,3,customs desc; fibre; manufacturer,,,,1,,1,,1,,,CIN7,,NONE,,NONE,NO,fibre; manufacturer,Used Vintage garment
CONTINUITY,NEW,,,EXT-HST-OTR-CHC,Otra Chocolate,EXT-HST-OTR-CHC,Otra Chocolate,CIN7_IMPORT,Hestra,Hestra,4,3,customs desc; fibre; manufacturer,,,,1,,1,,1,,,CIN7,,CIN7,,NONE,NO,manufacturer,Leather Gloves
CONTINUITY,NEW,,,LIV-TNKR-CHK,Tinker Light Check,LIV-TNKR-CHK,Tinker Light Check,CIN7_IMPORT,Livid Femme,Livid,4,3,customs desc; fibre; manufacturer,,,,1,,1,,1,,,CIN7,,CIN7,,NONE,NO,manufacturer,Women Dress - 100% Cotton
CONTINUITY,NEW,,,VN-ONLN-9133,Y2K Ravens sweat (M),VN-ONLN-9133,Y2K Ravens sweat (M),CIN7_IMPORT,Vintage,Vintage,1,3,customs desc; fibre; manufacturer,,,,1,,1,,1,,,CIN7,,NONE,,NONE,NO,fibre; manufacturer,Used Vintage garment
CONTINUITY,NEW,,,IMP-LIV-KERI-LIN-JAVA,"Keri Linen Java, 2432*",IMP-LIV-KERI-LIN-JAVA,"Keri Linen Java, 2432*",CIN7_IMPORT,Livid Femme,Livid,5,3,customs desc; fibre; manufacturer,,,,1,,1,,1,,,CIN7,,CIN7,,NONE,NO,manufacturer,Men's trouser - 100% cotton
CONTINUITY,NEW,,,VN-ONLN-11969,Ralph Lauren Shirt (XL),VN-ONLN-11969,Ralph Lauren Shirt (XL),CIN7_IMPORT,Vintage,Vintage,1,3,customs desc; fibre; manufacturer,,,,1,,1,,1,,,CIN7,,NONE,,NONE,NO,fibre; manufacturer,Used Vintage garment
CONTINUITY,NEW,,,VN-ONLN-12315,The Flintstones Denim Shirt (S),VN-ONLN-12315,The Flintstones Denim Shirt (S),CIN7_IMPORT,Vintage,Vintage,1,3,customs desc; fibre; manufacturer,,,,1,,1,,1,,,CIN7,,NONE,,NONE,NO,fibre; manufacturer,Used Vintage garment
CONTINUITY,NEW,,,VN-ONLN-11694,Eddie Bauer Shirt (L),VN-ONLN-11694,Eddie Bauer Shirt (L),CIN7_IMPORT,Vintage,Vintage,1,3,customs desc; fibre; manufacturer,,,,1,,1,,1,,,CIN7,,NONE,,NONE,NO,fibre; manufacturer,Used Vintage garment
CONTINUITY,NEW,,,STORAGE-BUTIKK-JULEBELYSNING,Butikk - Julebelysning,STORAGE-BUTIKK-JULEBELYSNING,Butikk - Julebelysning,CIN7_IMPORT,Storage,Storage,1,5,HS code; customs desc; fibre; origin; manufacturer,,,1,1,,1,1,1,,NONE,CIN7,,NONE,NONE,NONE,NO,HS code; fibre; origin; manufacturer,Lager
CONTINUITY,NEW,,,VN-ONLN-13556,QuickSilver Striped Rugby Shirt (L),VN-ONLN-13556,QuickSilver Striped Rugby Shirt (L),CIN7_IMPORT,Vintage,Vintage,1,3,customs desc; fibre; manufacturer,,,,1,,1,,1,,,CIN7,,NONE,,NONE,NO,fibre; manufacturer,Used Vintage garment
CONTINUITY,NEW,,,VN-ONLN-12995,Diesel Denim Division Hoodie (XL),VN-ONLN-12995,Diesel Denim Division Hoodie (XL),CIN7_IMPORT,Vintage,Vintage,1,3,customs desc; fibre; manufacturer,,,,1,,1,,1,,,CIN7,,NONE,,NONE,NO,fibre; manufacturer,Used Vintage garment
CONTINUITY,NEW,,,VN-ONLN-12682,Ralph Lauren Striped Shirt (S),VN-ONLN-12682,Ralph Lauren Striped Shirt (S),CIN7_IMPORT,Vintage,Vintage,1,3,customs desc; fibre; manufacturer,,,,1,,1,,1,,,CIN7,,NONE,,NONE,NO,fibre; manufacturer,Used Vintage garment
CONTINUITY,NEW,,,VN-ONLN-10500,Everlast Pique (M) (M),VN-ONLN-10500,Everlast Pique (M) (M),CIN7_IMPORT,Vintage,Vintage,1,3,customs desc; fibre; manufacturer,,,,1,,1,,1,,,CIN7,,NONE,,NONE,NO,fibre; manufacturer,Used Vintage garment
CONTINUITY,NEW,,,VN-ONLN-13068,1989 New York Rangers Tee (L),VN-ONLN-13068,1989 New York Rangers Tee (L),CIN7_IMPORT,Vintage,Vintage,1,3,customs desc; fibre; manufacturer,,,,1,,1,,1,,,CIN7,,NONE,,NONE,NO,fibre; manufacturer,Used Vintage garment
CONTINUITY,NEW,,,VN-ONLN-10208,Chanel Suglasses (OneSize),VN-ONLN-10208,Chanel Suglasses (OneSize),CIN7_IMPORT,Vintage,Vintage,1,3,customs desc; fibre; manufacturer,,,,1,,1,,1,,,CIN7,,NONE,,NONE,NO,fibre; manufacturer,Used Vintage garment
CONTINUITY,NEW,,,VN-ONLN-11993,Woolrich Wool Knit (L),VN-ONLN-11993,Woolrich Wool Knit (L),CIN7_IMPORT,Vintage,Vintage,1,3,customs desc; fibre; manufacturer,,,,1,,1,,1,,,CIN7,,NONE,,NONE,NO,fibre; manufacturer,Used Vintage garment
CONTINUITY,NEW,,,LIV-ARDNN-PPR-YRN,Ardenne Paper yarn Black,LIV-ARDNN-PPR-YRN,Ardenne Paper yarn Black,CIN7_IMPORT,Livid Femme,Livid,3,3,customs desc; fibre; manufacturer,,,,1,,1,,1,,,CIN7,,CIN7,,NONE,NO,manufacturer,Women's Dress - 100% cotton
CONTINUITY,NEW,,,VN-ONLN-12322,Jaquard Wool Knit Sweater (XL),VN-ONLN-12322,Jaquard Wool Knit Sweater (XL),CIN7_IMPORT,Vintage,Vintage,1,3,customs desc; fibre; manufacturer,,,,1,,1,,1,,,CIN7,,NONE,,NONE,NO,fibre; manufacturer,Used Vintage garment
CONTINUITY,NEW,,,LIV-KN-RWNCHK,Keen Raw Nut Checked Loose,LIV-KN-RWNCHK,Keen Raw Nut Checked Loose,CIN7_IMPORT,Livid Men,Livid,2,3,customs desc; fibre; manufacturer,,,,1,,1,,1,,,CIN7,,CIN7,,NONE,NO,manufacturer,Men's Shirt - 100% cotton
CONTINUITY,NEW,,,VN-ONLN-10234,Karl Lagerfeld Sunglasses (OneSize),VN-ONLN-10234,Karl Lagerfeld Sunglasses (OneSize),CIN7_IMPORT,Vintage,Vintage,1,3,customs desc; fibre; manufacturer,,,,1,,1,,1,,,CIN7,,NONE,,NONE,NO,fibre; manufacturer,Used Vintage garment
CONTINUITY,NEW,,,VN-ONLN-10333,Tommy Hilfiger shirt (L),VN-ONLN-10333,Tommy Hilfiger shirt (L),CIN7_IMPORT,Vintage,Vintage,1,3,customs desc; fibre; manufacturer,,,,1,,1,,1,,,CIN7,,NONE,,NONE,NO,fibre; manufacturer,Used Vintage garment
CONTINUITY,NEW,,,VN-ONLN-9898,Tommy Hilfiger flannel shirt (XL),VN-ONLN-9898,Tommy Hilfiger flannel shirt (XL),CIN7_IMPORT,Vintage,Vintage,1,3,customs desc; fibre; manufacturer,,,,1,,1,,1,,,CIN7,,NONE,,NONE,NO,fibre; manufacturer,Used Vintage garment
CONTINUITY,NEW,,,VN-ONLN-13310,Caribbean Rayon Shirt (XL),VN-ONLN-13310,Caribbean Rayon Shirt (XL),CIN7_IMPORT,Vintage,Vintage,1,3,customs desc; fibre; manufacturer,,,,1,,1,,1,,,CIN7,,NONE,,NONE,NO,fibre; manufacturer,Used Vintage garment
CONTINUITY,NEW,,,VN-ONLN-12445,Ralph Lauren Kids Shirt (XL),VN-ONLN-12445,Ralph Lauren Kids Shirt (XL),CIN7_IMPORT,Vintage,Vintage,1,3,customs desc; fibre; manufacturer,,,,1,,1,,1,,,CIN7,,NONE,,NONE,NO,fibre; manufacturer,Used Vintage garment
CONTINUITY,NEW,,,VN-ONLN-11316,80's Bandana (OneSize),VN-ONLN-11316,80's Bandana (OneSize),CIN7_IMPORT,Vintage,Vintage,1,3,customs desc; fibre; manufacturer,,,,1,,1,,1,,,CIN7,,NONE,,NONE,NO,fibre; manufacturer,Used Vintage garment
CONTINUITY,NEW,,,VN-ONLN-11663,Vintage J. Crew Knit Sweater (XL),VN-ONLN-11663,Vintage J. Crew Knit Sweater (XL),CIN7_IMPORT,Vintage,Vintage,1,3,customs desc; fibre; manufacturer,,,,1,,1,,1,,,CIN7,,NONE,,NONE,NO,fibre; manufacturer,Used Vintage garment
CONTINUITY,NEW,,,B2B-EPL-SHRT,Eplehuset Shirt,B2B-EPL-SHRT,Eplehuset Shirt,CIN7_IMPORT,Livid Men,Livid,7,4,price; customs desc; fibre; manufacturer,,1,,1,,1,,1,NONE,,CIN7,,CIN7,,NONE,NO,price; manufacturer,Men's Shirt - 100% cotton
CONTINUITY,NEW,,,VN-ONLN-13167,Women's Tommy Hilfiger Tennis Dress (M),VN-ONLN-13167,Women's Tommy Hilfiger Tennis Dress (M),CIN7_IMPORT,Vintage,Vintage,1,3,customs desc; fibre; manufacturer,,,,1,,1,,1,,,CIN7,,NONE,,NONE,NO,fibre; manufacturer,Used Vintage garment
CONTINUITY,NEW,,,VN-ONLN-9276,90's Reebok tee (XL),VN-ONLN-9276,90's Reebok tee (XL),CIN7_IMPORT,Vintage,Vintage,1,3,customs desc; fibre; manufacturer,,,,1,,1,,1,,,CIN7,,NONE,,NONE,NO,fibre; manufacturer,Used Vintage garment
CONTINUITY,NEW,,,VN-ONLN-11548,90's Champion Quarter Zip (M),VN-ONLN-11548,90's Champion Quarter Zip (M),CIN7_IMPORT,Vintage,Vintage,1,3,customs desc; fibre; manufacturer,,,,1,,1,,1,,,CIN7,,NONE,,NONE,NO,fibre; manufacturer,Used Vintage garment
CONTINUITY,NEW,,,VN-ONLN-11981,D'urban Tie (OneSize),VN-ONLN-11981,D'urban Tie (OneSize),CIN7_IMPORT,Vintage,Vintage,1,3,customs desc; fibre; manufacturer,,,,1,,1,,1,,,CIN7,,NONE,,NONE,NO,fibre; manufacturer,Used Vintage garment
CONTINUITY,NEW,,,VN-ONLN-11845,MaxMara Asymmetric Cardigan (XL),VN-ONLN-11845,MaxMara Asymmetric Cardigan (XL),CIN7_IMPORT,Vintage,Vintage,1,3,customs desc; fibre; manufacturer,,,,1,,1,,1,,,CIN7,,NONE,,NONE,NO,fibre; manufacturer,Used Vintage garment
CONTINUITY,NEW,,,LIV-IMP-SHRT,Imperfect Shirt,LIV-IMP-SHRT,Imperfect Shirt,CIN7_IMPORT,Livid Men,Livid,1,4,price; customs desc; fibre; manufacturer,,1,,1,,1,,1,NONE,,CIN7,,CIN7,,NONE,NO,price; manufacturer,Men's Shirt - 100% cotton
CONTINUITY,NEW,,,STORAGE-TRÅD,Tråd,STORAGE-TRÅD,Tråd,CIN7_IMPORT,LAGER,LAGER,1,6,HS code; customs desc; weight; fibre; origin; manufacturer,,,1,1,1,1,1,1,,NONE,NONE,NONE,NONE,NONE,NONE,NO,HS code; customs desc; weight; fibre; origin; manufacturer,
CONTINUITY,NEW,,,EXT-VN-TCHPNT,Tech Pant,EXT-VN-TCHPNT,Tech Pant,CIN7_IMPORT,Vintage,Vintage,1,3,customs desc; fibre; manufacturer,,,,1,,1,,1,,,CIN7,,NONE,,NONE,NO,fibre; manufacturer,Used clothing - Vintage
CONTINUITY,NEW,,,VN-ONLN-11577,L.L. Bean Shirt (S),VN-ONLN-11577,L.L. Bean Shirt (S),CIN7_IMPORT,Vintage,Vintage,1,3,customs desc; fibre; manufacturer,,,,1,,1,,1,,,CIN7,,NONE,,NONE,NO,fibre; manufacturer,Used Vintage garment
CONTINUITY,NEW,,,IMP-LIV-FUL-JPN-FAD,"Fuller Japan Fade, 3132*",IMP-LIV-FUL-JPN-FAD,"Fuller Japan Fade, 3132*",CIN7_IMPORT,Livid Men,Livid,6,3,customs desc; fibre; manufacturer,,,,1,,1,,1,,,CIN7,,CIN7,,NONE,NO,manufacturer,Men's jeans - 100% cotton
CONTINUITY,NEW,,,VN-ONLN-13325,1999 Looney Tunes Baseball Tee (2XL),VN-ONLN-13325,1999 Looney Tunes Baseball Tee (2XL),CIN7_IMPORT,Vintage,Vintage,1,3,customs desc; fibre; manufacturer,,,,1,,1,,1,,,CIN7,,NONE,,NONE,NO,fibre; manufacturer,Used Vintage garment
CONTINUITY,NEW,,,VN-ONLN-13483,Silk Resort Shirt (2XL),VN-ONLN-13483,Silk Resort Shirt (2XL),CIN7_IMPORT,Vintage,Vintage,1,3,customs desc; fibre; manufacturer,,,,1,,1,,1,,,CIN7,,NONE,,NONE,NO,fibre; manufacturer,Used Vintage garment
CONTINUITY,NEW,,,LIV-DFFY-MHR-CHSTNT,Daffy Mohair Chestnut,LIV-DFFY-MHR-CHSTNT,Daffy Mohair Chestnut,CIN7_IMPORT,Livid Femme,Livid,1,3,customs desc; fibre; manufacturer,,,,1,,1,,1,,,CIN7,,CIN7,,NONE,NO,manufacturer,Men's Sweater - Knitted 100% wiil
CONTINUITY,NEW,,,LIV-FLY-5-PCKT-JPN-OPTC-WHT,Fealy 5-Pocket Japan Optic White,LIV-FLY-5-PCKT-JPN-OPTC-WHT,Fealy 5-Pocket Japan Optic White,CIN7_IMPORT,Livid Men,Livid,3,3,customs desc; fibre; manufacturer,,,,1,,1,,1,,,CIN7,,CIN7,,NONE,NO,manufacturer,Men's jeans - 100% cotton
CONTINUITY,NEW,,,LIV-EDVRD-JPN-BLCK-CMFRT,Edvard Japan Black Comfort,LIV-EDVRD-JPN-BLCK-CMFRT,Edvard Japan Black Comfort,CIN7_IMPORT,Livid Men,Livid,8,3,customs desc; fibre; manufacturer,,,,1,,1,,1,,,CIN7,,CIN7,,NONE,NO,manufacturer,Men's jeans - 100% cotton
CONTINUITY,NEW,,,IMP-LIV-T-JPN-BLCK,Tia Japan Black 24/32*,IMP-LIV-T-JPN-BLCK,Tia Japan Black 24/32*,CIN7_IMPORT,Livid Femme,Livid,12,3,customs desc; fibre; manufacturer,,,,1,,1,,1,,,CIN7,,CIN7,,NONE,NO,manufacturer,Men's jeans - 100% cotton
CONTINUITY,NEW,,,VN-ONLN-10797,Armani Jeans Sequins Dress (44),VN-ONLN-10797,Armani Jeans Sequins Dress (44),CIN7_IMPORT,Vintage,Vintage,1,3,customs desc; fibre; manufacturer,,,,1,,1,,1,,,CIN7,,NONE,,NONE,NO,fibre; manufacturer,Used Vintage garment
CONTINUITY,NEW,,,VN-ONLN-11883,Brooks Brothers Shirt (L),VN-ONLN-11883,Brooks Brothers Shirt (L),CIN7_IMPORT,Vintage,Vintage,1,3,customs desc; fibre; manufacturer,,,,1,,1,,1,,,CIN7,,NONE,,NONE,NO,fibre; manufacturer,Used Vintage garment
CONTINUITY,NEW,,,LIV-HYS-ST-PNT-BLCK,Hayes Suit Pant Black,LIV-HYS-ST-PNT-BLCK,Hayes Suit Pant Black,CIN7_IMPORT,Livid Men,Livid,2,3,customs desc; fibre; manufacturer,,,,1,,1,,1,,,CIN7,,CIN7,,NONE,NO,manufacturer,Men's Suiting - 100% Wool
CONTINUITY,NEW,,,OLD-LIV-AVA-JP-BLKCMF,1st ed - Ava Japan Black Comfort,OLD-LIV-AVA-JP-BLKCMF,1st ed - Ava Japan Black Comfort,CIN7_IMPORT,Livid Femme,Livid,5,3,customs desc; fibre; manufacturer,,,,1,,1,,1,,,CIN7,,CIN7,,NONE,NO,manufacturer,Men's jeans - 100% cotton
CONTINUITY,NEW,,,VN-ONLN-12828,Women's Worker Jacket (S),VN-ONLN-12828,Women's Worker Jacket (S),CIN7_IMPORT,Vintage,Vintage,1,3,customs desc; fibre; manufacturer,,,,1,,1,,1,,,CIN7,,NONE,,NONE,NO,fibre; manufacturer,Used Vintage garment
CONTINUITY,NEW,,,VN-ONLN-11668,Kappa Knit Sweater (S),VN-ONLN-11668,Kappa Knit Sweater (S),CIN7_IMPORT,Vintage,Vintage,1,3,customs desc; fibre; manufacturer,,,,1,,1,,1,,,CIN7,,NONE,,NONE,NO,fibre; manufacturer,Used Vintage garment
CONTINUITY,NEW,,,VN-ONLN-10994,Prada Sunglasses (OneSize),VN-ONLN-10994,Prada Sunglasses (OneSize),CIN7_IMPORT,Vintage,Vintage,1,3,customs desc; fibre; manufacturer,,,,1,,1,,1,,,CIN7,,NONE,,NONE,NO,fibre; manufacturer,Used Vintage garment
CONTINUITY,NEW,,,EXT-WLW-LVD-DWN,Wollow X Livid Tarmac Japan Dawn,EXT-WLW-LVD-DWN,Wollow X Livid Tarmac Japan Dawn,CIN7_IMPORT,Wollow,Wollow,4,4,customs desc; fibre; origin; manufacturer,,,,1,,1,1,1,,,CIN7,,NONE,CIN7,NONE,NO,fibre; manufacturer,Men Shoes
CONTINUITY,NEW,,,LIV-BCK-SHDCH,Buck Shadow Check,LIV-BCK-SHDCH,Buck Shadow Check,CIN7_IMPORT,Livid Men,Livid,2,3,customs desc; fibre; manufacturer,,,,1,,1,,1,,,CIN7,,CIN7,,NONE,NO,manufacturer,Men's Shirt - 100% cotton
CONTINUITY,NEW,,,VN-ONLN-12700,Jamaica Jaxx Silk Shirt (L),VN-ONLN-12700,Jamaica Jaxx Silk Shirt (L),CIN7_IMPORT,Vintage,Vintage,1,3,customs desc; fibre; manufacturer,,,,1,,1,,1,,,CIN7,,NONE,,NONE,NO,fibre; manufacturer,Used Vintage garment
CONTINUITY,NEW,,,VN-ONLN-12997,Diesel V-Neck Logo Tee (M),VN-ONLN-12997,Diesel V-Neck Logo Tee (M),CIN7_IMPORT,Vintage,Vintage,1,3,customs desc; fibre; manufacturer,,,,1,,1,,1,,,CIN7,,NONE,,NONE,NO,fibre; manufacturer,Used Vintage garment
CONTINUITY,NEW,,,IMP-LIV-T-JPN-INDG,"Tia Japan Indigo, 2534*",IMP-LIV-T-JPN-INDG,"Tia Japan Indigo, 2534*",CIN7_IMPORT,Livid Femme,Livid,19,3,customs desc; fibre; manufacturer,,,,1,,1,,1,,,CIN7,,CIN7,,NONE,NO,manufacturer,Men's jeans - 100% cotton
CONTINUITY,NEW,,,VN-ONLN-13263,Silk Resort Shirt (3XL),VN-ONLN-13263,Silk Resort Shirt (3XL),CIN7_IMPORT,Vintage,Vintage,1,3,customs desc; fibre; manufacturer,,,,1,,1,,1,,,CIN7,,NONE,,NONE,NO,fibre; manufacturer,Used Vintage garment
CONTINUITY,NEW,,,VN-ONLN-13184,Land's End Rugby Shirt (M),VN-ONLN-13184,Land's End Rugby Shirt (M),CIN7_IMPORT,Vintage,Vintage,1,3,customs desc; fibre; manufacturer,,,,1,,1,,1,,,CIN7,,NONE,,NONE,NO,fibre; manufacturer,Used Vintage garment
CONTINUITY,NEW,,,VN-ONLN-9993,Polo Ralph Lauren light pima cotton cardigan (XL),VN-ONLN-9993,Polo Ralph Lauren light pima cotton cardigan (XL),CIN7_IMPORT,Vintage,Vintage,1,3,customs desc; fibre; manufacturer,,,,1,,1,,1,,,CIN7,,NONE,,NONE,NO,fibre; manufacturer,Used Vintage garment
CONTINUITY,NEW,,,VN-ONLN-13173,Women's Burberry Polo Pique (L),VN-ONLN-13173,Women's Burberry Polo Pique (L),CIN7_IMPORT,Vintage,Vintage,1,3,customs desc; fibre; manufacturer,,,,1,,1,,1,,,CIN7,,NONE,,NONE,NO,fibre; manufacturer,Used Vintage garment
CONTINUITY,NEW,,,VN-ONLN-12560,Polo by Ralph Lauren Shirt (XL),VN-ONLN-12560,Polo by Ralph Lauren Shirt (XL),CIN7_IMPORT,Vintage,Vintage,1,3,customs desc; fibre; manufacturer,,,,1,,1,,1,,,CIN7,,NONE,,NONE,NO,fibre; manufacturer,Used Vintage garment
CONTINUITY,NEW,,,VN-ONLN-10921,Diesel Ravix Bootcut Jeans (W30),VN-ONLN-10921,Diesel Ravix Bootcut Jeans (W30),CIN7_IMPORT,Vintage,Vintage,1,3,customs desc; fibre; manufacturer,,,,1,,1,,1,,,CIN7,,NONE,,NONE,NO,fibre; manufacturer,Used Vintage garment
CONTINUITY,NEW,,,VN-ONLN-9232,90's Danish cotton knit (S),VN-ONLN-9232,90's Danish cotton knit (S),CIN7_IMPORT,Vintage,Vintage,1,3,customs desc; fibre; manufacturer,,,,1,,1,,1,,,CIN7,,NONE,,NONE,NO,fibre; manufacturer,Used Vintage garment
CONTINUITY,NEW,,,LIV-WCSTR-JP-CVRYBL,winchester japan cavalry blue,LIV-WCSTR-JP-CVRYBL,winchester japan cavalry blue,CIN7_IMPORT,Livid Men,Livid,4,3,customs desc; fibre; manufacturer,,,,1,,1,,1,,,CIN7,,CIN7,,NONE,NO,manufacturer,Men's Shirt - 100% cotton
CONTINUITY,NEW,,,EXT-ICHI-MGN,Magnolia Incense,EXT-ICHI-MGN,Magnolia Incense,CIN7_IMPORT,Ichiko Ichie,Ichiko Ichie,1,4,HS code; customs desc; fibre; manufacturer,,,1,1,,1,,1,,CIN7,CIN7,,NONE,,NONE,NO,fibre; manufacturer,Perfume - Non alcoholic
CONTINUITY,NEW,,,VN-ONLN-13447,Wrangler Western Aztec Shirt  (2XL),VN-ONLN-13447,Wrangler Western Aztec Shirt  (2XL),CIN7_IMPORT,Vintage,Vintage,1,3,customs desc; fibre; manufacturer,,,,1,,1,,1,,,CIN7,,NONE,,NONE,NO,fibre; manufacturer,Used Vintage garment
CONTINUITY,NEW,,,VN-ONLN-11979,Pierre Balmain Tie (OneSize),VN-ONLN-11979,Pierre Balmain Tie (OneSize),CIN7_IMPORT,Vintage,Vintage,1,3,customs desc; fibre; manufacturer,,,,1,,1,,1,,,CIN7,,NONE,,NONE,NO,fibre; manufacturer,Used Vintage garment
CONTINUITY,NEW,,,VN-ONLN-11013,Persol Sunglasses (OneSize),VN-ONLN-11013,Persol Sunglasses (OneSize),CIN7_IMPORT,Vintage,Vintage,1,3,customs desc; fibre; manufacturer,,,,1,,1,,1,,,CIN7,,NONE,,NONE,NO,fibre; manufacturer,Used Vintage garment
CONTINUITY,NEW,,,VN-ONLN-10195,1999 Levi's Sta-Pressed shirt (XL),VN-ONLN-10195,1999 Levi's Sta-Pressed shirt (XL),CIN7_IMPORT,Vintage,Vintage,1,3,customs desc; fibre; manufacturer,,,,1,,1,,1,,,CIN7,,NONE,,NONE,NO,fibre; manufacturer,Used Vintage garment
CONTINUITY,NEW,,,VN-ONLN-10796,Guess light cotton Dress (S),VN-ONLN-10796,Guess light cotton Dress (S),CIN7_IMPORT,Vintage,Vintage,1,3,customs desc; fibre; manufacturer,,,,1,,1,,1,,,CIN7,,NONE,,NONE,NO,fibre; manufacturer,Used Vintage garment
CONTINUITY,NEW,,,SALE-ACS,Salg-accessories,SALE-ACS,Salg-accessories,CIN7_IMPORT,EXT,EXT,1,7,price; HS code; customs desc; weight; fibre; origin; manufacturer,,1,1,1,1,1,1,1,NONE,NONE,NONE,NONE,NONE,NONE,NONE,NO,price; HS code; customs desc; weight; fibre; origin; manufacturer,
CONTINUITY,NEW,,,VN-ONLN-10992,Dolce & Gabbana Sunglasses (OneSize),VN-ONLN-10992,Dolce & Gabbana Sunglasses (OneSize),CIN7_IMPORT,Vintage,Vintage,1,3,customs desc; fibre; manufacturer,,,,1,,1,,1,,,CIN7,,NONE,,NONE,NO,fibre; manufacturer,Used Vintage garment
CONTINUITY,NEW,,,VN-ONLN-12457,Pattern Knit Sweater (M),VN-ONLN-12457,Pattern Knit Sweater (M),CIN7_IMPORT,Vintage,Vintage,1,3,customs desc; fibre; manufacturer,,,,1,,1,,1,,,CIN7,,NONE,,NONE,NO,fibre; manufacturer,Used Vintage garment
CONTINUITY,NEW,,,VN-ONLN-11024,Disney Flannel Padded Shirt (2XL),VN-ONLN-11024,Disney Flannel Padded Shirt (2XL),CIN7_IMPORT,Vintage,Vintage,1,3,customs desc; fibre; manufacturer,,,,1,,1,,1,,,CIN7,,NONE,,NONE,NO,fibre; manufacturer,Used Vintage garment
CONTINUITY,NEW,,,IMP-LIV-KR-JPN-FG,"Keri Japan Fog, 3234*",IMP-LIV-KR-JPN-FG,"Keri Japan Fog, 3234*",CIN7_IMPORT,Livid Unisex,Livid,1,3,customs desc; fibre; manufacturer,,,,1,,1,,1,,,CIN7,,CIN7,,NONE,NO,manufacturer,Men's jeans - 100% cotton
CONTINUITY,NEW,,,VN-WOSKT,Wool Skirt,VN-WOSKT,Wool Skirt,CIN7_IMPORT,Vintage,Vintage,1,5,HS code; customs desc; fibre; origin; manufacturer,,,1,1,,1,1,1,,CIN7,CIN7,,CIN7,CIN7,NONE,NO,manufacturer,Women's Skrt - 100% cotton
CONTINUITY,NEW,,,VN-ONLN-13408,Aquarius Forever Tee (L),VN-ONLN-13408,Aquarius Forever Tee (L),CIN7_IMPORT,Vintage,Vintage,1,3,customs desc; fibre; manufacturer,,,,1,,1,,1,,,CIN7,,NONE,,NONE,NO,fibre; manufacturer,Used Vintage garment
CONTINUITY,NEW,,,VN-ONLN-12462,Woolrich Flannel Shirt (L),VN-ONLN-12462,Woolrich Flannel Shirt (L),CIN7_IMPORT,Vintage,Vintage,1,3,customs desc; fibre; manufacturer,,,,1,,1,,1,,,CIN7,,NONE,,NONE,NO,fibre; manufacturer,Used Vintage garment
CONTINUITY,NEW,,,LIV-Stone-W,Stone White Loose,LIV-Stone-W,Stone White Loose,CIN7_IMPORT,Livid Men,Livid,2,3,customs desc; fibre; manufacturer,,,,1,,1,,1,,,CIN7,,CIN7,,NONE,NO,manufacturer,Men's Shirt - 100% cotton
CONTINUITY,NEW,,,LIV-FM-ALI-BKCH,Allie Black Satin,LIV-FM-ALI-BKCH,Allie Black Satin,CIN7_IMPORT,Livid Femme,Livid,2,3,customs desc; fibre; manufacturer,,,,1,,1,,1,,,CIN7,,CIN7,,NONE,NO,manufacturer,Women Skirt - 100% Cotton
CONTINUITY,NEW,,,VN-ONLN-11626,Chaps by Ralph Lauren Shirt (XL),VN-ONLN-11626,Chaps by Ralph Lauren Shirt (XL),CIN7_IMPORT,Vintage,Vintage,1,3,customs desc; fibre; manufacturer,,,,1,,1,,1,,,CIN7,,NONE,,NONE,NO,fibre; manufacturer,Used Vintage garment
CONTINUITY,NEW,,,VN-ONLN-13337,Burberry Silk Tie (OneSize),VN-ONLN-13337,Burberry Silk Tie (OneSize),CIN7_IMPORT,Vintage,Vintage,1,3,customs desc; fibre; manufacturer,,,,1,,1,,1,,,CIN7,,NONE,,NONE,NO,fibre; manufacturer,Used Vintage garment
CONTINUITY,NEW,,,STORAGE-FOREVER-SWATCHES,Forever Swatches,STORAGE-FOREVER-SWATCHES,Forever Swatches,CIN7_IMPORT,LAGER,LAGER,1,6,HS code; customs desc; weight; fibre; origin; manufacturer,,,1,1,1,1,1,1,,NONE,NONE,NONE,NONE,NONE,NONE,NO,HS code; customs desc; weight; fibre; origin; manufacturer,
CONTINUITY,NEW,,,2526-1208-511,M.O.P button 511 White,2526-1208-511,M.O.P button 511 White,CIN7_IMPORT,Livid,Livid,2,3,customs desc; fibre; manufacturer,,,,1,,1,,1,,,CIN7,,NONE,,NONE,NO,fibre; manufacturer,Mother of pearl buttons
CONTINUITY,NEW,,,LIV-EDVRD-JP-SHRTS,"Edvard Shorts, 3131",LIV-EDVRD-JP-SHRTS,"Edvard Shorts, 3131",CIN7_IMPORT,Livid Men,Livid,4,3,customs desc; fibre; manufacturer,,,,1,,1,,1,,,CIN7,,CIN7,,NONE,NO,manufacturer,Men's jeans - 100% cotton
CONTINUITY,NEW,,,VN-ONLN-10128,French worker jacket (L),VN-ONLN-10128,French worker jacket (L),CIN7_IMPORT,Vintage,Vintage,1,3,customs desc; fibre; manufacturer,,,,1,,1,,1,,,CIN7,,NONE,,NONE,NO,fibre; manufacturer,Used Vintage garment
CONTINUITY,NEW,,,STORAGE-SYMASKIN,Symaskin,STORAGE-SYMASKIN,Symaskin,CIN7_IMPORT,LAGER,LAGER,1,6,HS code; customs desc; weight; fibre; origin; manufacturer,,,1,1,1,1,1,1,,NONE,NONE,NONE,NONE,NONE,NONE,NO,HS code; customs desc; weight; fibre; origin; manufacturer,
CONTINUITY,NEW,,,IMP-LIV-BRNS-FRST-FG,Barnes Forest Fog 29 34*,IMP-LIV-BRNS-FRST-FG,Barnes Forest Fog 29 34*,CIN7_IMPORT,Livid Men,Livid,4,3,customs desc; fibre; manufacturer,,,,1,,1,,1,,,CIN7,,CIN7,,NONE,NO,manufacturer,Men's jeans - 100% cotton
CONTINUITY,NEW,,,IMP-LIV-BRNS-JPN-BLCK,Barnes Japan Black 32/32*,IMP-LIV-BRNS-JPN-BLCK,Barnes Japan Black 32/32*,CIN7_IMPORT,Livid Men,Livid,11,3,customs desc; fibre; manufacturer,,,,1,,1,,1,,,CIN7,,CIN7,,NONE,NO,manufacturer,Men's jeans - 100% cotton
CONTINUITY,NEW,,,EXT-VN-BRBAQCT,Burberry Coat,EXT-VN-BRBAQCT,Burberry Coat,CIN7_IMPORT,Vintage,Vintage,1,4,HS code; customs desc; fibre; manufacturer,,,1,1,,1,,1,,CIN7,CIN7,,NONE,,NONE,NO,fibre; manufacturer,Used clothing - Vintage
CONTINUITY,NEW,,,EXT-NRD-001-SKYM,001 M Sky 9,EXT-NRD-001-SKYM,001 M Sky 9,CIN7_IMPORT,Norda,Norda,2,3,customs desc; fibre; manufacturer,,,,1,,1,,1,,,CIN7,,NONE,,NONE,NO,fibre; manufacturer,Men Shoes
CONTINUITY,NEW,,,VN-ONLN-11096,Plains Western Shirt (XL),VN-ONLN-11096,Plains Western Shirt (XL),CIN7_IMPORT,Vintage,Vintage,1,3,customs desc; fibre; manufacturer,,,,1,,1,,1,,,CIN7,,NONE,,NONE,NO,fibre; manufacturer,Used Vintage garment
CONTINUITY,NEW,,,EXT-WLW-TRC-PLBR,Tarmac Canvas Pale Brown,EXT-WLW-TRC-PLBR,Tarmac Canvas Pale Brown,CIN7_IMPORT,Wollow,Wollow,2,3,customs desc; fibre; manufacturer,,,,1,,1,,1,,,CIN7,,NONE,,NONE,NO,fibre; manufacturer,Men's sneaker shoes
CONTINUITY,NEW,,,VN-ONLN-13572,St. Johns Bay Chamois Cloth Shirt (L),VN-ONLN-13572,St. Johns Bay Chamois Cloth Shirt (L),CIN7_IMPORT,Vintage,Vintage,1,3,customs desc; fibre; manufacturer,,,,1,,1,,1,,,CIN7,,NONE,,NONE,NO,fibre; manufacturer,Used Vintage garment
CONTINUITY,NEW,,,LIV-SMNS-BK,Simmons Black,LIV-SMNS-BK,Simmons Black,CIN7_IMPORT,Livid Men,Livid,2,3,customs desc; fibre; manufacturer,,,,1,,1,,1,,,CIN7,,CIN7,,NONE,NO,manufacturer,Men's T-Shirt - 100% Cotton
CONTINUITY,NEW,,,VN-ONLN-12512,Burberry Womens Tank Top (XL),VN-ONLN-12512,Burberry Womens Tank Top (XL),CIN7_IMPORT,Vintage,Vintage,1,3,customs desc; fibre; manufacturer,,,,1,,1,,1,,,CIN7,,NONE,,NONE,NO,fibre; manufacturer,Used Vintage garment
CONTINUITY,NEW,,,VN-ONLN-10291,1996 Ohio State Rosebowl sweat (L),VN-ONLN-10291,1996 Ohio State Rosebowl sweat (L),CIN7_IMPORT,Vintage,Vintage,1,3,customs desc; fibre; manufacturer,,,,1,,1,,1,,,CIN7,,NONE,,NONE,NO,fibre; manufacturer,Used Vintage garment
CONTINUITY,NEW,,,VN-ONLN-12808,Polo By Ralph Lauren Philip Shirt (S),VN-ONLN-12808,Polo By Ralph Lauren Philip Shirt (S),CIN7_IMPORT,Vintage,Vintage,1,3,customs desc; fibre; manufacturer,,,,1,,1,,1,,,CIN7,,NONE,,NONE,NO,fibre; manufacturer,Used Vintage garment
CONTINUITY,NEW,,,VN-ONLN-10233,Nina Ricci Sunglasses (OneSize),VN-ONLN-10233,Nina Ricci Sunglasses (OneSize),CIN7_IMPORT,Vintage,Vintage,1,3,customs desc; fibre; manufacturer,,,,1,,1,,1,,,CIN7,,NONE,,NONE,NO,fibre; manufacturer,Used Vintage garment
CONTINUITY,NEW,,,LIV-NRMN-RBNPSTL,Norman Ribbon Pastel,LIV-NRMN-RBNPSTL,Norman Ribbon Pastel,CIN7_IMPORT,Livid Men,Livid,2,3,customs desc; fibre; manufacturer,,,,1,,1,,1,,,CIN7,,CIN7,,NONE,NO,manufacturer,Men's Shirt - 100% cotton
CONTINUITY,NEW,,,LIV-EDVRD-JPN-BL,Edvard Japan Blue,LIV-EDVRD-JPN-BL,Edvard Japan Blue,CIN7_IMPORT,Livid Men,Livid,11,3,customs desc; fibre; manufacturer,,,,1,,1,,1,,,CIN7,,CIN7,,NONE,NO,manufacturer,Men's jeans - 100% cotton
CONTINUITY,NEW,,,IMP-LIV-K-JPN-NW-BL,"Kai Japan New Blue, 3234*",IMP-LIV-K-JPN-NW-BL,"Kai Japan New Blue, 3234*",CIN7_IMPORT,Livid Men,Livid,10,3,customs desc; fibre; manufacturer,,,,1,,1,,1,,,CIN7,,CIN7,,NONE,NO,manufacturer,Men's jeans - 100% cotton
CONTINUITY,NEW,,,VN-ONLN-12736,Ralph Lauren Shirt (XL),VN-ONLN-12736,Ralph Lauren Shirt (XL),CIN7_IMPORT,Vintage,Vintage,1,3,customs desc; fibre; manufacturer,,,,1,,1,,1,,,CIN7,,NONE,,NONE,NO,fibre; manufacturer,Used Vintage garment
CONTINUITY,NEW,,,VN-ONLN-9542,70's Lord Jeff Wintuk Orlon sweater (L),VN-ONLN-9542,70's Lord Jeff Wintuk Orlon sweater (L),CIN7_IMPORT,Vintage,Vintage,1,3,customs desc; fibre; manufacturer,,,,1,,1,,1,,,CIN7,,NONE,,NONE,NO,fibre; manufacturer,Used Vintage garment
CONTINUITY,NEW,,,VN-ONLN-10244,Fendi Sunglasses (OneSize),VN-ONLN-10244,Fendi Sunglasses (OneSize),CIN7_IMPORT,Vintage,Vintage,1,3,customs desc; fibre; manufacturer,,,,1,,1,,1,,,CIN7,,NONE,,NONE,NO,fibre; manufacturer,Used Vintage garment
CONTINUITY,NEW,,,VN-ONLN-12007,Traditional Knit Sweater (M),VN-ONLN-12007,Traditional Knit Sweater (M),CIN7_IMPORT,Vintage,Vintage,1,3,customs desc; fibre; manufacturer,,,,1,,1,,1,,,CIN7,,NONE,,NONE,NO,fibre; manufacturer,Used Vintage garment
CONTINUITY,NEW,,,VN-ONLN-11342,Tommy Hilfilger Shirt (M),VN-ONLN-11342,Tommy Hilfilger Shirt (M),CIN7_IMPORT,Vintage,Vintage,1,3,customs desc; fibre; manufacturer,,,,1,,1,,1,,,CIN7,,NONE,,NONE,NO,fibre; manufacturer,Used Vintage garment
CONTINUITY,NEW,,,LIV-PLTH-BLCK-MRN,Plath Black Merino,LIV-PLTH-BLCK-MRN,Plath Black Merino,CIN7_IMPORT,Livid Unisex,Livid,1,3,customs desc; fibre; manufacturer,,,,1,,1,,1,,,CIN7,,CIN7,,NONE,NO,manufacturer,Men's beanie - 100% Wool
CONTINUITY,NEW,,,VN-ONLN-12527,Burberry Brit Pique Polo (XL),VN-ONLN-12527,Burberry Brit Pique Polo (XL),CIN7_IMPORT,Vintage,Vintage,1,3,customs desc; fibre; manufacturer,,,,1,,1,,1,,,CIN7,,NONE,,NONE,NO,fibre; manufacturer,Used Vintage garment
CONTINUITY,NEW,,,VN-ONLN-13563,Old Navy Knit Sweater (M),VN-ONLN-13563,Old Navy Knit Sweater (M),CIN7_IMPORT,Vintage,Vintage,1,3,customs desc; fibre; manufacturer,,,,1,,1,,1,,,CIN7,,NONE,,NONE,NO,fibre; manufacturer,Used Vintage garment
CONTINUITY,NEW,,,VN-ONLN-12918,Polo Ralph Lauren Shirt (M),VN-ONLN-12918,Polo Ralph Lauren Shirt (M),CIN7_IMPORT,Vintage,Vintage,1,3,customs desc; fibre; manufacturer,,,,1,,1,,1,,,CIN7,,NONE,,NONE,NO,fibre; manufacturer,Used Vintage garment
CONTINUITY,NEW,,,VN-ONLN-10455,USMC Tee (XL) (XL),VN-ONLN-10455,USMC Tee (XL) (XL),CIN7_IMPORT,Vintage,Vintage,1,3,customs desc; fibre; manufacturer,,,,1,,1,,1,,,CIN7,,NONE,,NONE,NO,fibre; manufacturer,Used Vintage garment
CONTINUITY,NEW,,,IMP-LIV-KR-JPN-DWN,"Keri Japan Dawn, 3132*",IMP-LIV-KR-JPN-DWN,"Keri Japan Dawn, 3132*",CIN7_IMPORT,Livid,Livid,13,3,customs desc; fibre; manufacturer,,,,1,,1,,1,,,CIN7,,CIN7,,NONE,NO,manufacturer,Men's jeans - 100% cotton
CONTINUITY,NEW,,,VN-ONLN-12267,Tommy Hilfiger Flannel Shirt (L),VN-ONLN-12267,Tommy Hilfiger Flannel Shirt (L),CIN7_IMPORT,Vintage,Vintage,1,3,customs desc; fibre; manufacturer,,,,1,,1,,1,,,CIN7,,NONE,,NONE,NO,fibre; manufacturer,Used Vintage garment
CONTINUITY,NEW,,,VN-ONLN-10987,Gucci Sunglasses (OneSize),VN-ONLN-10987,Gucci Sunglasses (OneSize),CIN7_IMPORT,Vintage,Vintage,1,3,customs desc; fibre; manufacturer,,,,1,,1,,1,,,CIN7,,NONE,,NONE,NO,fibre; manufacturer,Used Vintage garment
CONTINUITY,NEW,,,LIV-BGI-ECLSP,Boogie Eclipse Stripe Poplin,LIV-BGI-ECLSP,Boogie Eclipse Stripe Poplin,CIN7_IMPORT,Livid Femme,Livid,4,3,customs desc; fibre; manufacturer,,,,1,,1,,1,,,CIN7,,CIN7,,NONE,NO,manufacturer,Men's Shorts - 100% Cotton
CONTINUITY,NEW,,,VN-ONLN-11702,Vintage US Shirt (M),VN-ONLN-11702,Vintage US Shirt (M),CIN7_IMPORT,Vintage,Vintage,1,3,customs desc; fibre; manufacturer,,,,1,,1,,1,,,CIN7,,NONE,,NONE,NO,fibre; manufacturer,Used Vintage garment
CONTINUITY,NEW,,,LIV-TUE-SHRT-SKY,Tue Straight Shorts Japan Sky,LIV-TUE-SHRT-SKY,Tue Straight Shorts Japan Sky,CIN7_IMPORT,Livid Men,Livid,2,3,customs desc; fibre; manufacturer,,,,1,,1,,1,,,CIN7,,CIN7,,NONE,NO,manufacturer,Men's Shorts - 100% Cotton
CONTINUITY,NEW,,,VN-ONLN-13577,80's L.L. Bean Chamois Cloth Shirt (XL),VN-ONLN-13577,80's L.L. Bean Chamois Cloth Shirt (XL),CIN7_IMPORT,Vintage,Vintage,1,3,customs desc; fibre; manufacturer,,,,1,,1,,1,,,CIN7,,NONE,,NONE,NO,fibre; manufacturer,Used Vintage garment
CONTINUITY,NEW,,,EXT-NV-MRK-SKT,Market skirt,EXT-NV-MRK-SKT,Market skirt,CIN7_IMPORT,Vintage,Vintage,1,3,customs desc; fibre; manufacturer,,,,1,,1,,1,,,CIN7,,NONE,,NONE,NO,fibre; manufacturer,Used clothing - Vintage
CONTINUITY,NEW,,,VN-ONLN-12144,Barbour Tee (M),VN-ONLN-12144,Barbour Tee (M),CIN7_IMPORT,Vintage,Vintage,1,3,customs desc; fibre; manufacturer,,,,1,,1,,1,,,CIN7,,NONE,,NONE,NO,fibre; manufacturer,Used Vintage garment
CONTINUITY,NEW,,,VN-ONLN-9937,Polo Ralph Lauren Shirt (L),VN-ONLN-9937,Polo Ralph Lauren Shirt (L),CIN7_IMPORT,Vintage,Vintage,1,3,customs desc; fibre; manufacturer,,,,1,,1,,1,,,CIN7,,NONE,,NONE,NO,fibre; manufacturer,Used Vintage garment
CONTINUITY,NEW,,,VN-ONLN-12358,Jaquard Wool Knit Sweater (2XL),VN-ONLN-12358,Jaquard Wool Knit Sweater (2XL),CIN7_IMPORT,Vintage,Vintage,1,3,customs desc; fibre; manufacturer,,,,1,,1,,1,,,CIN7,,NONE,,NONE,NO,fibre; manufacturer,Used Vintage garment
CONTINUITY,NEW,,,VN-ONLN-13560,Striped Rugby Shirt (XL),VN-ONLN-13560,Striped Rugby Shirt (XL),CIN7_IMPORT,Vintage,Vintage,1,3,customs desc; fibre; manufacturer,,,,1,,1,,1,,,CIN7,,NONE,,NONE,NO,fibre; manufacturer,Used Vintage garment
CONTINUITY,NEW,,,VN-ONLN-11594,L.L. Bean Signature Shirt (L),VN-ONLN-11594,L.L. Bean Signature Shirt (L),CIN7_IMPORT,Vintage,Vintage,1,3,customs desc; fibre; manufacturer,,,,1,,1,,1,,,CIN7,,NONE,,NONE,NO,fibre; manufacturer,Used Vintage garment
CONTINUITY,NEW,,,VN-ONLN-9469,Adidas Golden State hoodie (XL),VN-ONLN-9469,Adidas Golden State hoodie (XL),CIN7_IMPORT,Vintage,Vintage,1,3,customs desc; fibre; manufacturer,,,,1,,1,,1,,,CIN7,,NONE,,NONE,NO,fibre; manufacturer,Used Vintage garment
CONTINUITY,NEW,,,VN-ONLN-11346,Tommy Hilfilger Shirt (XL),VN-ONLN-11346,Tommy Hilfilger Shirt (XL),CIN7_IMPORT,Vintage,Vintage,1,3,customs desc; fibre; manufacturer,,,,1,,1,,1,,,CIN7,,NONE,,NONE,NO,fibre; manufacturer,Used Vintage garment
CONTINUITY,NEW,,,VN-ONLN-11977,Armani Tie (OneSize),VN-ONLN-11977,Armani Tie (OneSize),CIN7_IMPORT,Vintage,Vintage,1,3,customs desc; fibre; manufacturer,,,,1,,1,,1,,,CIN7,,NONE,,NONE,NO,fibre; manufacturer,Used Vintage garment
CONTINUITY,NEW,,,EXT-PB-MRBL-GRS,Mirabelle Velours Gres,EXT-PB-MRBL-GRS,Mirabelle Velours Gres,CIN7_IMPORT,Paraboot,Paraboot,1,4,HS code; customs desc; fibre; manufacturer,,,1,1,,1,,1,,CIN7,CIN7,,NONE,,NONE,NO,fibre; manufacturer,Men Shoes
CONTINUITY,NEW,,,LIV-FM-AYL-BK,Ayla Black Flower,LIV-FM-AYL-BK,Ayla Black Flower,CIN7_IMPORT,Livid Femme,Livid,5,3,customs desc; fibre; manufacturer,,,,1,,1,,1,,,CIN7,,NONE,,NONE,NO,fibre; manufacturer,500
CONTINUITY,NEW,,,VN-ONLN-10912,Diesel Ozee Denim Dress  (M),VN-ONLN-10912,Diesel Ozee Denim Dress  (M),CIN7_IMPORT,Vintage,Vintage,1,3,customs desc; fibre; manufacturer,,,,1,,1,,1,,,CIN7,,NONE,,NONE,NO,fibre; manufacturer,Used Vintage garment
CONTINUITY,NEW,,,VN-ONLN-13050,Tokuno Basketball Hoodie (L),VN-ONLN-13050,Tokuno Basketball Hoodie (L),CIN7_IMPORT,Vintage,Vintage,1,3,customs desc; fibre; manufacturer,,,,1,,1,,1,,,CIN7,,NONE,,NONE,NO,fibre; manufacturer,Used Vintage garment
CONTINUITY,NEW,,,VN-ONLN-13141,Polo by Ralph Lauren Shirt (M),VN-ONLN-13141,Polo by Ralph Lauren Shirt (M),CIN7_IMPORT,Vintage,Vintage,1,3,customs desc; fibre; manufacturer,,,,1,,1,,1,,,CIN7,,NONE,,NONE,NO,fibre; manufacturer,Used Vintage garment
CONTINUITY,NEW,,,VN-ONLN-10091,Nike Basketball Embroidered Tee (M),VN-ONLN-10091,Nike Basketball Embroidered Tee (M),CIN7_IMPORT,Vintage,Vintage,1,3,customs desc; fibre; manufacturer,,,,1,,1,,1,,,CIN7,,NONE,,NONE,NO,fibre; manufacturer,Used Vintage garment
CONTINUITY,NEW,,,VN-ONLN-10962,Levi's SilverTab Loose Denim Shorts (W32),VN-ONLN-10962,Levi's SilverTab Loose Denim Shorts (W32),CIN7_IMPORT,Vintage,Vintage,1,3,customs desc; fibre; manufacturer,,,,1,,1,,1,,,CIN7,,NONE,,NONE,NO,fibre; manufacturer,Used Vintage garment
CONTINUITY,NEW,,,LIV-KERI-LIN-BONE,Keri Linen Bone,LIV-KERI-LIN-BONE,Keri Linen Bone,CIN7_IMPORT,Livid Femme,Livid,4,3,customs desc; fibre; manufacturer,,,,1,,1,,1,,,CIN7,,CIN7,,NONE,NO,manufacturer,Men's trouser - 100% cotton
CONTINUITY,NEW,,,LIV-FM-BLI-LCS,Belia Lichen Satin,LIV-FM-BLI-LCS,Belia Lichen Satin,CIN7_IMPORT,Livid Femme,Livid,2,3,customs desc; fibre; manufacturer,,,,1,,1,,1,,,CIN7,,CIN7,,NONE,NO,manufacturer,Women Dress - 100% Cotton
CONTINUITY,NEW,,,VN-ONLN-13378,Ralph Lauren Yarmouth Shirt (L),VN-ONLN-13378,Ralph Lauren Yarmouth Shirt (L),CIN7_IMPORT,Vintage,Vintage,1,3,customs desc; fibre; manufacturer,,,,1,,1,,1,,,CIN7,,NONE,,NONE,NO,fibre; manufacturer,Used Vintage garment
CONTINUITY,NEW,,,VN-ONLN-10579,Tommy Bahama Baseball Silk Shirt (L),VN-ONLN-10579,Tommy Bahama Baseball Silk Shirt (L),CIN7_IMPORT,Vintage,Vintage,1,3,customs desc; fibre; manufacturer,,,,1,,1,,1,,,CIN7,,NONE,,NONE,NO,fibre; manufacturer,Used Vintage garment
CONTINUITY,NEW,,,LIV-PLL-YLWCK,Barkle Yellow Check,LIV-PLL-YLWCK,Barkle Yellow Check,CIN7_IMPORT,Livid Unisex,Livid,2,4,customs desc; fibre; origin; manufacturer,,,,1,,1,1,1,,,CIN7,,CIN7,CIN7,NONE,NO,manufacturer,Men jacket - 100% cotton
CONTINUITY,NEW,,,VN-ONLN-10841,Silk Resort Shirt (L),VN-ONLN-10841,Silk Resort Shirt (L),CIN7_IMPORT,Vintage,Vintage,1,3,customs desc; fibre; manufacturer,,,,1,,1,,1,,,CIN7,,NONE,,NONE,NO,fibre; manufacturer,Used Vintage garment
CONTINUITY,NEW,,,VN-ONLN-13432,103.5 WYNY Radio Tee (L),VN-ONLN-13432,103.5 WYNY Radio Tee (L),CIN7_IMPORT,Vintage,Vintage,1,3,customs desc; fibre; manufacturer,,,,1,,1,,1,,,CIN7,,NONE,,NONE,NO,fibre; manufacturer,Used Vintage garment
CONTINUITY,NEW,,,VN-ONLN-13565,V-Neck Wool Knit Sweater (M),VN-ONLN-13565,V-Neck Wool Knit Sweater (M),CIN7_IMPORT,Vintage,Vintage,1,3,customs desc; fibre; manufacturer,,,,1,,1,,1,,,CIN7,,NONE,,NONE,NO,fibre; manufacturer,Used Vintage garment
CONTINUITY,NEW,,,VN-ONLN-9981,Tommy Jeans Sweatshirt (S),VN-ONLN-9981,Tommy Jeans Sweatshirt (S),CIN7_IMPORT,Vintage,Vintage,1,3,customs desc; fibre; manufacturer,,,,1,,1,,1,,,CIN7,,NONE,,NONE,NO,fibre; manufacturer,Used Vintage garment
CONTINUITY,NEW,,,VN-ONLN-13315,Striped Resort Shirt (M),VN-ONLN-13315,Striped Resort Shirt (M),CIN7_IMPORT,Vintage,Vintage,1,3,customs desc; fibre; manufacturer,,,,1,,1,,1,,,CIN7,,NONE,,NONE,NO,fibre; manufacturer,Used Vintage garment
CONTINUITY,NEW,,,VN-ONLN-10344,Tommy Bahama Silk Resort shirt (M),VN-ONLN-10344,Tommy Bahama Silk Resort shirt (M),CIN7_IMPORT,Vintage,Vintage,1,3,customs desc; fibre; manufacturer,,,,1,,1,,1,,,CIN7,,NONE,,NONE,NO,fibre; manufacturer,Used Vintage garment
CONTINUITY,NEW,,,VN-ONLN-10266,Tommy Hilfiger shirt (L),VN-ONLN-10266,Tommy Hilfiger shirt (L),CIN7_IMPORT,Vintage,Vintage,1,3,customs desc; fibre; manufacturer,,,,1,,1,,1,,,CIN7,,NONE,,NONE,NO,fibre; manufacturer,Used Vintage garment
CONTINUITY,NEW,,,STORAGE-IMPERFECT-EKSTRA-SJEKK,Imperfect - Ekstra Sjekk,STORAGE-IMPERFECT-EKSTRA-SJEKK,Imperfect - Ekstra Sjekk,CIN7_IMPORT,Storage,Storage,1,5,HS code; customs desc; fibre; origin; manufacturer,,,1,1,,1,1,1,,NONE,CIN7,,NONE,NONE,NONE,NO,HS code; fibre; origin; manufacturer,Lager
CONTINUITY,NEW,,,EXT-TRV-EH-BLL,Easy Hiker Black Leather,EXT-TRV-EH-BLL,Easy Hiker Black Leather,CIN7_IMPORT,Tarvas,Tarvas,7,5,HS code; customs desc; weight; fibre; manufacturer,,,1,1,1,1,,1,,NONE,NONE,NONE,NONE,,NONE,NO,HS code; customs desc; weight; fibre; manufacturer,
CONTINUITY,NEW,,,EXT-PST-LMFM,Lemon Foam,EXT-PST-LMFM,Lemon Foam,CIN7_IMPORT,På Stell,På Stell,1,4,HS code; customs desc; fibre; manufacturer,,,1,1,,1,,1,,CIN7,CIN7,,NONE,,NONE,NO,fibre; manufacturer,Perfume - Non alcoholic
CONTINUITY,NEW,,,VN-ONLN-10906,Diesel Randy Polo Pique (2XL),VN-ONLN-10906,Diesel Randy Polo Pique (2XL),CIN7_IMPORT,Vintage,Vintage,1,3,customs desc; fibre; manufacturer,,,,1,,1,,1,,,CIN7,,NONE,,NONE,NO,fibre; manufacturer,Used Vintage garment
CONTINUITY,NEW,,,VN-ONLN-12493,Tommy Hilfiger Shirt (S),VN-ONLN-12493,Tommy Hilfiger Shirt (S),CIN7_IMPORT,Vintage,Vintage,1,3,customs desc; fibre; manufacturer,,,,1,,1,,1,,,CIN7,,NONE,,NONE,NO,fibre; manufacturer,Used Vintage garment
CONTINUITY,NEW,,1,LIV-AYO-GAR-GRN,Ayon Garden Green,LIV-AYO-GAR-GRN,Ayon Garden Green,CIN7_IMPORT,Livid Men,Livid,6,4,customs desc; fibre; origin; manufacturer,,,,1,,1,1,1,,,CIN7,,CIN7,CIN7,NONE,NO,manufacturer,Men's Sweater - 100% cotton
CONTINUITY,NEW,,,VN-ONLN-12485,Tommy Hilfiger Cotton Sweater (XL),VN-ONLN-12485,Tommy Hilfiger Cotton Sweater (XL),CIN7_IMPORT,Vintage,Vintage,1,3,customs desc; fibre; manufacturer,,,,1,,1,,1,,,CIN7,,NONE,,NONE,NO,fibre; manufacturer,Used Vintage garment
CONTINUITY,NEW,,,LIV-RLD-MDSTFADE,"Roald Japan Modest Fade, 2828",LIV-RLD-MDSTFADE,"Roald Japan Modest Fade, 2828",CIN7_IMPORT,Livid Men,Livid,2,3,customs desc; fibre; manufacturer,,,,1,,1,,1,,,CIN7,,CIN7,,NONE,NO,manufacturer,Men's jeans - 100% cotton
CONTINUITY,NEW,,,LIV-SMPLS-F-BKS,"Sample bukse, dame",LIV-SMPLS-F-BKS,"Sample bukse, dame",CIN7_IMPORT,Livid Femme,Livid,1,4,HS code; customs desc; fibre; manufacturer,,,1,1,,1,,1,,NONE,NONE,,NONE,,NONE,NO,HS code; customs desc; fibre; manufacturer,
CONTINUITY,NEW,,,EXT-VN-JPWRK-TR,Japanese Worker Trouser,EXT-VN-JPWRK-TR,Japanese Worker Trouser,CIN7_IMPORT,Vintage,Vintage,1,3,customs desc; fibre; manufacturer,,,,1,,1,,1,,,CIN7,,NONE,,NONE,NO,fibre; manufacturer,Used clothing - Vintage
CONTINUITY,NEW,,,STORAGE-BUTIKK-GENERELL-BELYSNING,Butikk - Generell belysning,STORAGE-BUTIKK-GENERELL-BELYSNING,Butikk - Generell belysning,CIN7_IMPORT,Storage,Storage,1,5,HS code; customs desc; fibre; origin; manufacturer,,,1,1,,1,1,1,,NONE,CIN7,,NONE,NONE,NONE,NO,HS code; fibre; origin; manufacturer,Lager
CONTINUITY,NEW,,,VN-ONLN-11848,Saint James Heavyweight Knit (XL),VN-ONLN-11848,Saint James Heavyweight Knit (XL),CIN7_IMPORT,Vintage,Vintage,1,3,customs desc; fibre; manufacturer,,,,1,,1,,1,,,CIN7,,NONE,,NONE,NO,fibre; manufacturer,Used Vintage garment
CONTINUITY,NEW,,,VN-ONLN-11347,Tommy Hilfilger Shirt (M),VN-ONLN-11347,Tommy Hilfilger Shirt (M),CIN7_IMPORT,Vintage,Vintage,1,3,customs desc; fibre; manufacturer,,,,1,,1,,1,,,CIN7,,NONE,,NONE,NO,fibre; manufacturer,Used Vintage garment
CONTINUITY,NEW,,,VN-ONLN-11093,Plains Western Shirt (L),VN-ONLN-11093,Plains Western Shirt (L),CIN7_IMPORT,Vintage,Vintage,1,3,customs desc; fibre; manufacturer,,,,1,,1,,1,,,CIN7,,NONE,,NONE,NO,fibre; manufacturer,Used Vintage garment
CONTINUITY,NEW,,,VN-ONLN-11055,Asics Shirt (M),VN-ONLN-11055,Asics Shirt (M),CIN7_IMPORT,Vintage,Vintage,1,3,customs desc; fibre; manufacturer,,,,1,,1,,1,,,CIN7,,NONE,,NONE,NO,fibre; manufacturer,Used Vintage garment
CONTINUITY,NEW,,,VN-ONLN-9771,Tommy Hilfiger light wool sweater (XS),VN-ONLN-9771,Tommy Hilfiger light wool sweater (XS),CIN7_IMPORT,Vintage,Vintage,1,3,customs desc; fibre; manufacturer,,,,1,,1,,1,,,CIN7,,NONE,,NONE,NO,fibre; manufacturer,Used Vintage garment
CONTINUITY,NEW,,,VN-ONLN-11868,Asics Tie (OneSize),VN-ONLN-11868,Asics Tie (OneSize),CIN7_IMPORT,Vintage,Vintage,1,3,customs desc; fibre; manufacturer,,,,1,,1,,1,,,CIN7,,NONE,,NONE,NO,fibre; manufacturer,Used Vintage garment
CONTINUITY,NEW,,,VN-ONLN-11414,Vintage Rugby Shirt (M),VN-ONLN-11414,Vintage Rugby Shirt (M),CIN7_IMPORT,Vintage,Vintage,1,3,customs desc; fibre; manufacturer,,,,1,,1,,1,,,CIN7,,NONE,,NONE,NO,fibre; manufacturer,Used Vintage garment
CONTINUITY,NEW,,,LIV-AIF-NV-SRSK,Aiofe Navy Seersucker,LIV-AIF-NV-SRSK,Aiofe Navy Seersucker,CIN7_IMPORT,Livid Femme,Livid,1,3,customs desc; fibre; manufacturer,,,,1,,1,,1,,,CIN7,,CIN7,,NONE,NO,manufacturer,Women Dress - 100% Cotton
CONTINUITY,NEW,,,IMP-LIV-BRNS-FDSLVG,Barnes Japan Fade Selvage 31/32*,IMP-LIV-BRNS-FDSLVG,Barnes Japan Fade Selvage 31/32*,CIN7_IMPORT,Livid Men,Livid,6,3,customs desc; fibre; manufacturer,,,,1,,1,,1,,,CIN7,,CIN7,,NONE,NO,manufacturer,Men's jeans - 100% cotton
CONTINUITY,NEW,,,VN-ONLN-13286,Caribbean Cotton Shirt (M),VN-ONLN-13286,Caribbean Cotton Shirt (M),CIN7_IMPORT,Vintage,Vintage,1,3,customs desc; fibre; manufacturer,,,,1,,1,,1,,,CIN7,,NONE,,NONE,NO,fibre; manufacturer,Used Vintage garment
CONTINUITY,NEW,,,LIV-KVN-FLNT,Needle Flint,LIV-KVN-FLNT,Needle Flint,CIN7_IMPORT,Livid Men,Livid,5,4,customs desc; fibre; origin; manufacturer,,,,1,,1,1,1,,,CIN7,,CIN7,CIN7,NONE,NO,manufacturer,Men's T-Shirt - 100% Cotton
CONTINUITY,NEW,,,STORAGE-RENHOLDSARTIKLER,Renholdsartikler,STORAGE-RENHOLDSARTIKLER,Renholdsartikler,CIN7_IMPORT,Storage,Storage,1,5,HS code; customs desc; fibre; origin; manufacturer,,,1,1,,1,1,1,,NONE,CIN7,,NONE,NONE,NONE,NO,HS code; fibre; origin; manufacturer,Lager
CONTINUITY,NEW,,,STORAGE-JEANS-HENGERE-METALL,Jeans Hengere Metall,STORAGE-JEANS-HENGERE-METALL,Jeans Hengere Metall,CIN7_IMPORT,LAGER,LAGER,1,6,HS code; customs desc; weight; fibre; origin; manufacturer,,,1,1,1,1,1,1,,NONE,NONE,NONE,NONE,NONE,NONE,NO,HS code; customs desc; weight; fibre; origin; manufacturer,
CONTINUITY,NEW,,,OLD-LIV-VR-JP-BLKCMF,1st ed - Vår Japan Black Comfort,OLD-LIV-VR-JP-BLKCMF,1st ed - Vår Japan Black Comfort,CIN7_IMPORT,Livid Femme,Livid,8,3,customs desc; fibre; manufacturer,,,,1,,1,,1,,,CIN7,,CIN7,,NONE,NO,manufacturer,Men's jeans - 100% cotton
CONTINUITY,NEW,,,EXT-NV-MRK-KNT,"Market knit (all strikk, bortsett fra qt zips)",EXT-NV-MRK-KNT,"Market knit (all strikk, bortsett fra qt zips)",CIN7_IMPORT,Vintage,Vintage,1,3,customs desc; fibre; manufacturer,,,,1,,1,,1,,,CIN7,,NONE,,NONE,NO,fibre; manufacturer,Used clothing - Vintage
CONTINUITY,NEW,,,VN-ONLN-13168,Women's Tommy Hilfiger Tennis Dress (XL),VN-ONLN-13168,Women's Tommy Hilfiger Tennis Dress (XL),CIN7_IMPORT,Vintage,Vintage,1,3,customs desc; fibre; manufacturer,,,,1,,1,,1,,,CIN7,,NONE,,NONE,NO,fibre; manufacturer,Used Vintage garment
CONTINUITY,NEW,,,LIV-STN-CHNLS,Stone Checked Nut Loose,LIV-STN-CHNLS,Stone Checked Nut Loose,CIN7_IMPORT,Livid Men,Livid,3,3,customs desc; fibre; manufacturer,,,,1,,1,,1,,,CIN7,,CIN7,,NONE,NO,manufacturer,Men's Shirt - 100% cotton
CONTINUITY,NEW,,,VN-ONLN-13129,Women's Lee Shirt (M),VN-ONLN-13129,Women's Lee Shirt (M),CIN7_IMPORT,Vintage,Vintage,1,3,customs desc; fibre; manufacturer,,,,1,,1,,1,,,CIN7,,NONE,,NONE,NO,fibre; manufacturer,Used Vintage garment
CONTINUITY,NEW,,,VN-ONLN-9031,Y2K Steelers sweat (XL),VN-ONLN-9031,Y2K Steelers sweat (XL),CIN7_IMPORT,Vintage,Vintage,1,3,customs desc; fibre; manufacturer,,,,1,,1,,1,,,CIN7,,NONE,,NONE,NO,fibre; manufacturer,Used Vintage garment
CONTINUITY,NEW,,,VN-ONLN-12433,Rugby Shirt (S),VN-ONLN-12433,Rugby Shirt (S),CIN7_IMPORT,Vintage,Vintage,1,3,customs desc; fibre; manufacturer,,,,1,,1,,1,,,CIN7,,NONE,,NONE,NO,fibre; manufacturer,Used Vintage garment
CONTINUITY,NEW,,,EXT-PB-IBRS-GL,Iberis Lisse Gold,EXT-PB-IBRS-GL,Iberis Lisse Gold,CIN7_IMPORT,Paraboot,Paraboot,5,3,customs desc; fibre; manufacturer,,,,1,,1,,1,,,CIN7,,NONE,,NONE,NO,fibre; manufacturer,Men Shoes
CONTINUITY,NEW,,,LIV-STN-MLLN,Stone Dove Linen,LIV-STN-MLLN,Stone Dove Linen,CIN7_IMPORT,Livid Men,Livid,2,3,customs desc; fibre; manufacturer,,,,1,,1,,1,,,CIN7,,CIN7,,NONE,NO,manufacturer,Men's Shirt - 100% cotton
CONTINUITY,NEW,,,VN-ONLN-9176,Polo Ralph Lauren Flannel shirt (L),VN-ONLN-9176,Polo Ralph Lauren Flannel shirt (L),CIN7_IMPORT,Vintage,Vintage,1,3,customs desc; fibre; manufacturer,,,,1,,1,,1,,,CIN7,,NONE,,NONE,NO,fibre; manufacturer,Used Vintage garment
CONTINUITY,NEW,,,LIV-ELLA-JP-ODVTG,Ella Japan Old Vintage,LIV-ELLA-JP-ODVTG,Ella Japan Old Vintage,CIN7_IMPORT,Livid Femme,Livid,2,3,customs desc; fibre; manufacturer,,,,1,,1,,1,,,CIN7,,CIN7,,NONE,NO,manufacturer,Men's jeans - 100% cotton
CONTINUITY,NEW,,,VN-ONLN-10920,Diesel Fanker Bootcut Jeans (W27),VN-ONLN-10920,Diesel Fanker Bootcut Jeans (W27),CIN7_IMPORT,Vintage,Vintage,1,3,customs desc; fibre; manufacturer,,,,1,,1,,1,,,CIN7,,NONE,,NONE,NO,fibre; manufacturer,Used Vintage garment
CONTINUITY,NEW,,,VN-ONLN-11373,Tommy Hilfilger Shirt (S),VN-ONLN-11373,Tommy Hilfilger Shirt (S),CIN7_IMPORT,Vintage,Vintage,1,3,customs desc; fibre; manufacturer,,,,1,,1,,1,,,CIN7,,NONE,,NONE,NO,fibre; manufacturer,Used Vintage garment
CONTINUITY,NEW,,,EXT-ABL-NRTR2,Nurture - 50ML,EXT-ABL-NRTR2,Nurture - 50ML,CIN7_IMPORT,Abel,Abel,1,3,customs desc; fibre; manufacturer,,,,1,,1,,1,,,CIN7,,NONE,,NONE,NO,fibre; manufacturer,Perfume - Non alcoholic
CONTINUITY,NEW,,,VN-ONLN-13350,Guess Biker Faux Leather Jacket (L),VN-ONLN-13350,Guess Biker Faux Leather Jacket (L),CIN7_IMPORT,Vintage,Vintage,1,3,customs desc; fibre; manufacturer,,,,1,,1,,1,,,CIN7,,NONE,,NONE,NO,fibre; manufacturer,Used Vintage garment
CONTINUITY,NEW,,,VN-ONLN-9525,1070's handknit Aran cardigan (S),VN-ONLN-9525,1070's handknit Aran cardigan (S),CIN7_IMPORT,Vintage,Vintage,1,3,customs desc; fibre; manufacturer,,,,1,,1,,1,,,CIN7,,NONE,,NONE,NO,fibre; manufacturer,Used Vintage garment
CONTINUITY,NEW,,,EXT-PB-BRC-EC,Bergerac lis ecorce,EXT-PB-BRC-EC,Bergerac lis ecorce,CIN7_IMPORT,Paraboot,Paraboot,2,4,HS code; customs desc; fibre; manufacturer,,,1,1,,1,,1,,CIN7,CIN7,,NONE,,NONE,NO,fibre; manufacturer,Men Shoes
CONTINUITY,NEW,,,VN-ONLN-10370,90's Oilers Hockey sweat (M),VN-ONLN-10370,90's Oilers Hockey sweat (M),CIN7_IMPORT,Vintage,Vintage,1,3,customs desc; fibre; manufacturer,,,,1,,1,,1,,,CIN7,,NONE,,NONE,NO,fibre; manufacturer,Used Vintage garment
CONTINUITY,NEW,,,VN-ONLN-10576,Tommy Bahama Silk Shirt  (XL),VN-ONLN-10576,Tommy Bahama Silk Shirt  (XL),CIN7_IMPORT,Vintage,Vintage,1,3,customs desc; fibre; manufacturer,,,,1,,1,,1,,,CIN7,,NONE,,NONE,NO,fibre; manufacturer,Used Vintage garment
CONTINUITY,NEW,,,VN-ONLN-13423,1993 Geneva SSL All-Stars Tee (XL),VN-ONLN-13423,1993 Geneva SSL All-Stars Tee (XL),CIN7_IMPORT,Vintage,Vintage,1,3,customs desc; fibre; manufacturer,,,,1,,1,,1,,,CIN7,,NONE,,NONE,NO,fibre; manufacturer,Used Vintage garment
CONTINUITY,NEW,,,VN-ONLN-13090,Eddie Bauer Adventure Shirt (L),VN-ONLN-13090,Eddie Bauer Adventure Shirt (L),CIN7_IMPORT,Vintage,Vintage,1,3,customs desc; fibre; manufacturer,,,,1,,1,,1,,,CIN7,,NONE,,NONE,NO,fibre; manufacturer,Used Vintage garment
CONTINUITY,NEW,,,VN-ONLN-9344,Y2K varsity jacket (L),VN-ONLN-9344,Y2K varsity jacket (L),CIN7_IMPORT,Vintage,Vintage,1,3,customs desc; fibre; manufacturer,,,,1,,1,,1,,,CIN7,,NONE,,NONE,NO,fibre; manufacturer,Used Vintage garment
CONTINUITY,NEW,,,VN-ONLN-12741,Tommy Hilfiger Shirt (L),VN-ONLN-12741,Tommy Hilfiger Shirt (L),CIN7_IMPORT,Vintage,Vintage,1,3,customs desc; fibre; manufacturer,,,,1,,1,,1,,,CIN7,,NONE,,NONE,NO,fibre; manufacturer,Used Vintage garment
CONTINUITY,NEW,,,LIV-EDVRD-JP-LHTSTN,Edvard Japan Light Stone,LIV-EDVRD-JP-LHTSTN,Edvard Japan Light Stone,CIN7_IMPORT,Livid Men,Livid,2,3,customs desc; fibre; manufacturer,,,,1,,1,,1,,,CIN7,,CIN7,,NONE,NO,manufacturer,Men's jeans - 100% cotton
CONTINUITY,NEW,,,VN-ONLN-9753,Tommy Hilfiger pima cotton cashmere sweater (L),VN-ONLN-9753,Tommy Hilfiger pima cotton cashmere sweater (L),CIN7_IMPORT,Vintage,Vintage,1,3,customs desc; fibre; manufacturer,,,,1,,1,,1,,,CIN7,,NONE,,NONE,NO,fibre; manufacturer,Used Vintage garment
CONTINUITY,NEW,,,VN-ONLN-12659,Womens Polo Ralph Lauren Crewneck (XL),VN-ONLN-12659,Womens Polo Ralph Lauren Crewneck (XL),CIN7_IMPORT,Vintage,Vintage,1,3,customs desc; fibre; manufacturer,,,,1,,1,,1,,,CIN7,,NONE,,NONE,NO,fibre; manufacturer,Used Vintage garment
CONTINUITY,NEW,,,VN-ONLN-10977,Versace Sunglasses (OneSize),VN-ONLN-10977,Versace Sunglasses (OneSize),CIN7_IMPORT,Vintage,Vintage,1,3,customs desc; fibre; manufacturer,,,,1,,1,,1,,,CIN7,,NONE,,NONE,NO,fibre; manufacturer,Used Vintage garment
CONTINUITY,NEW,,,VN-ONLN-13190,Camberwell Hockey Club Rugby Shirt (L),VN-ONLN-13190,Camberwell Hockey Club Rugby Shirt (L),CIN7_IMPORT,Vintage,Vintage,1,3,customs desc; fibre; manufacturer,,,,1,,1,,1,,,CIN7,,NONE,,NONE,NO,fibre; manufacturer,Used Vintage garment
CONTINUITY,NEW,,,VN-ONLN-10109,NFL Jacksonville Jaguars tee (M),VN-ONLN-10109,NFL Jacksonville Jaguars tee (M),CIN7_IMPORT,Vintage,Vintage,1,3,customs desc; fibre; manufacturer,,,,1,,1,,1,,,CIN7,,NONE,,NONE,NO,fibre; manufacturer,Used Vintage garment
CONTINUITY,NEW,,,2526-1208-5120,M.O.P button 5120 Trocas Smoke Brown,2526-1208-5120,M.O.P button 5120 Trocas Smoke Brown,CIN7_IMPORT,Livid,Livid,3,3,customs desc; fibre; manufacturer,,,,1,,1,,1,,,CIN7,,NONE,,NONE,NO,fibre; manufacturer,Mother of pearl buttons
CONTINUITY,NEW,,,EXT-PRB-CMB-NR,Chambord Lis Noir,EXT-PRB-CMB-NR,Chambord Lis Noir,CIN7_IMPORT,Paraboot,Paraboot,7,4,HS code; customs desc; fibre; manufacturer,,,1,1,,1,,1,,CIN7,CIN7,,NONE,,NONE,NO,fibre; manufacturer,Men Shoes
CONTINUITY,NEW,,,VN-ONLN-13566,Shetland Wool Knit Sweater (M),VN-ONLN-13566,Shetland Wool Knit Sweater (M),CIN7_IMPORT,Vintage,Vintage,1,3,customs desc; fibre; manufacturer,,,,1,,1,,1,,,CIN7,,NONE,,NONE,NO,fibre; manufacturer,Used Vintage garment
CONTINUITY,NEW,,,VN-ONLN-10991,Chanel Sunglasses (OneSize),VN-ONLN-10991,Chanel Sunglasses (OneSize),CIN7_IMPORT,Vintage,Vintage,1,3,customs desc; fibre; manufacturer,,,,1,,1,,1,,,CIN7,,NONE,,NONE,NO,fibre; manufacturer,Used Vintage garment
CONTINUITY,NEW,,,LIV-KN-NWK-FN-SLK,Keen Oak Fine Silk,LIV-KN-NWK-FN-SLK,Keen Oak Fine Silk,CIN7_IMPORT,Livid Men,Livid,4,4,customs desc; fibre; origin; manufacturer,,,,1,,1,1,1,,,CIN7,,CIN7,CIN7,NONE,NO,manufacturer,Men's Shirt - 100% cotton
CONTINUITY,NEW,,,VN-ONLN-9820,1994 Cleveland Guardians tee (L),VN-ONLN-9820,1994 Cleveland Guardians tee (L),CIN7_IMPORT,Vintage,Vintage,1,3,customs desc; fibre; manufacturer,,,,1,,1,,1,,,CIN7,,NONE,,NONE,NO,fibre; manufacturer,Used Vintage garment
CONTINUITY,NEW,,,VN-ONLN-10791,MaxMara Shirt (L),VN-ONLN-10791,MaxMara Shirt (L),CIN7_IMPORT,Vintage,Vintage,1,3,customs desc; fibre; manufacturer,,,,1,,1,,1,,,CIN7,,NONE,,NONE,NO,fibre; manufacturer,Used Vintage garment
CONTINUITY,NEW,,,LIV-EDV-JP-CDLK,Edvard Japan Cold Lake,LIV-EDV-JP-CDLK,Edvard Japan Cold Lake,CIN7_IMPORT,Livid Men,Livid,1,3,customs desc; fibre; manufacturer,,,,1,,1,,1,,,CIN7,,CIN7,,NONE,NO,manufacturer,Men's jeans - 100% cotton
CONTINUITY,NEW,,,VN-ONLN-10929,Vintage Diesel Sidebag (OneSize),VN-ONLN-10929,Vintage Diesel Sidebag (OneSize),CIN7_IMPORT,Vintage,Vintage,1,3,customs desc; fibre; manufacturer,,,,1,,1,,1,,,CIN7,,NONE,,NONE,NO,fibre; manufacturer,Used Vintage garment
CONTINUITY,NEW,,,VN-ONLN-13306,Jamaica Jaxx Silk Shirt (XL),VN-ONLN-13306,Jamaica Jaxx Silk Shirt (XL),CIN7_IMPORT,Vintage,Vintage,1,3,customs desc; fibre; manufacturer,,,,1,,1,,1,,,CIN7,,NONE,,NONE,NO,fibre; manufacturer,Used Vintage garment
CONTINUITY,NEW,,,VN-ONLN-13417,Champion Kalaska Tee (L),VN-ONLN-13417,Champion Kalaska Tee (L),CIN7_IMPORT,Vintage,Vintage,1,3,customs desc; fibre; manufacturer,,,,1,,1,,1,,,CIN7,,NONE,,NONE,NO,fibre; manufacturer,Used Vintage garment
CONTINUITY,NEW,,,VN-ONLN-9089,Levi's Y2K Harley Type III relaxed trucker jacket (XL),VN-ONLN-9089,Levi's Y2K Harley Type III relaxed trucker jacket (XL),CIN7_IMPORT,Vintage,Vintage,1,3,customs desc; fibre; manufacturer,,,,1,,1,,1,,,CIN7,,NONE,,NONE,NO,fibre; manufacturer,Used Vintage garment
CONTINUITY,NEW,,,VN-ONLN-12986,Russell San Francisco 49ers Sweatshirt (L),VN-ONLN-12986,Russell San Francisco 49ers Sweatshirt (L),CIN7_IMPORT,Vintage,Vintage,1,3,customs desc; fibre; manufacturer,,,,1,,1,,1,,,CIN7,,NONE,,NONE,NO,fibre; manufacturer,Used Vintage garment
CONTINUITY,NEW,,,VN-ONLN-9314,80's Bandana (OneSize),VN-ONLN-9314,80's Bandana (OneSize),CIN7_IMPORT,Vintage,Vintage,1,3,customs desc; fibre; manufacturer,,,,1,,1,,1,,,CIN7,,NONE,,NONE,NO,fibre; manufacturer,Used Vintage garment
CONTINUITY,NEW,,,VN-ONLN-9275,90's Oakland Athletics tee (XL),VN-ONLN-9275,90's Oakland Athletics tee (XL),CIN7_IMPORT,Vintage,Vintage,1,3,customs desc; fibre; manufacturer,,,,1,,1,,1,,,CIN7,,NONE,,NONE,NO,fibre; manufacturer,Used Vintage garment
CONTINUITY,NEW,,,VN-ONLN-11568,Woolrich Shirt (M),VN-ONLN-11568,Woolrich Shirt (M),CIN7_IMPORT,Vintage,Vintage,1,3,customs desc; fibre; manufacturer,,,,1,,1,,1,,,CIN7,,NONE,,NONE,NO,fibre; manufacturer,Used Vintage garment
CONTINUITY,NEW,,,VN-ONLN-9945,Reworked Big-E 555 Levi's denim dress (S),VN-ONLN-9945,Reworked Big-E 555 Levi's denim dress (S),CIN7_IMPORT,Vintage,Vintage,1,3,customs desc; fibre; manufacturer,,,,1,,1,,1,,,CIN7,,NONE,,NONE,NO,fibre; manufacturer,Used Vintage garment
CONTINUITY,NEW,,,VN-ONLN-13585,Woolrich Heavyweight Flannel Shirt (L),VN-ONLN-13585,Woolrich Heavyweight Flannel Shirt (L),CIN7_IMPORT,Vintage,Vintage,1,3,customs desc; fibre; manufacturer,,,,1,,1,,1,,,CIN7,,NONE,,NONE,NO,fibre; manufacturer,Used Vintage garment
CONTINUITY,NEW,,,VN-ONLN-11430,SF 49ers Fleece Jacket (XL),VN-ONLN-11430,SF 49ers Fleece Jacket (XL),CIN7_IMPORT,Vintage,Vintage,1,3,customs desc; fibre; manufacturer,,,,1,,1,,1,,,CIN7,,NONE,,NONE,NO,fibre; manufacturer,Used Vintage garment
CONTINUITY,NEW,,,EXT-VN-PLSTP,Plisse Top,EXT-VN-PLSTP,Plisse Top,CIN7_IMPORT,Vintage,Vintage,1,3,customs desc; fibre; manufacturer,,,,1,,1,,1,,,CIN7,,NONE,,NONE,NO,fibre; manufacturer,Used clothing - Vintage
CONTINUITY,NEW,,,LIV-JNE-SHRTS-GRY,"Jone Shorts Grey, 2929",LIV-JNE-SHRTS-GRY,"Jone Shorts Grey, 2929",CIN7_IMPORT,Livid Men,Livid,4,5,HS code; customs desc; fibre; origin; manufacturer,,,1,1,,1,1,1,,CIN7,CIN7,,CIN7,CIN7,NONE,NO,manufacturer,Men's jeans - 100% cotton
CONTINUITY,NEW,,,VN-ONLN-13479,Chaps by Ralph Lauren Quarter Zip Knit (XL),VN-ONLN-13479,Chaps by Ralph Lauren Quarter Zip Knit (XL),CIN7_IMPORT,Vintage,Vintage,1,3,customs desc; fibre; manufacturer,,,,1,,1,,1,,,CIN7,,NONE,,NONE,NO,fibre; manufacturer,Used Vintage garment
CONTINUITY,NEW,,,VN-ONLN-10105,Champion Tee (M),VN-ONLN-10105,Champion Tee (M),CIN7_IMPORT,Vintage,Vintage,1,3,customs desc; fibre; manufacturer,,,,1,,1,,1,,,CIN7,,NONE,,NONE,NO,fibre; manufacturer,Used Vintage garment
CONTINUITY,NEW,,,VN-ONLN-10867,Silk Resort Shirt (L),VN-ONLN-10867,Silk Resort Shirt (L),CIN7_IMPORT,Vintage,Vintage,1,3,customs desc; fibre; manufacturer,,,,1,,1,,1,,,CIN7,,NONE,,NONE,NO,fibre; manufacturer,Used Vintage garment
CONTINUITY,NEW,,,VN-ONLN-11628,Chaps by Ralph Lauren Shirt (S),VN-ONLN-11628,Chaps by Ralph Lauren Shirt (S),CIN7_IMPORT,Vintage,Vintage,1,3,customs desc; fibre; manufacturer,,,,1,,1,,1,,,CIN7,,NONE,,NONE,NO,fibre; manufacturer,Used Vintage garment
CONTINUITY,NEW,,,VN-ONLN-13288,Caribbean Silk Shirt (XL),VN-ONLN-13288,Caribbean Silk Shirt (XL),CIN7_IMPORT,Vintage,Vintage,1,3,customs desc; fibre; manufacturer,,,,1,,1,,1,,,CIN7,,NONE,,NONE,NO,fibre; manufacturer,Used Vintage garment
CONTINUITY,NEW,,,VN-ONLN-10264,Tommy Hilfiger shirt (L),VN-ONLN-10264,Tommy Hilfiger shirt (L),CIN7_IMPORT,Vintage,Vintage,1,3,customs desc; fibre; manufacturer,,,,1,,1,,1,,,CIN7,,NONE,,NONE,NO,fibre; manufacturer,Used Vintage garment
CONTINUITY,NEW,,,STORAGE-ALARM,Alarm,STORAGE-ALARM,Alarm,CIN7_IMPORT,LAGER,LAGER,1,6,HS code; customs desc; weight; fibre; origin; manufacturer,,,1,1,1,1,1,1,,NONE,NONE,NONE,NONE,NONE,NONE,NO,HS code; customs desc; weight; fibre; origin; manufacturer,
CONTINUITY,NEW,,,VN-ONLN-10241,Gucci Sunglasses (OneSize),VN-ONLN-10241,Gucci Sunglasses (OneSize),CIN7_IMPORT,Vintage,Vintage,1,3,customs desc; fibre; manufacturer,,,,1,,1,,1,,,CIN7,,NONE,,NONE,NO,fibre; manufacturer,Used Vintage garment
CONTINUITY,NEW,,,VN-ONLN-10219,Nina Ricci Sunglasses (OneSize),VN-ONLN-10219,Nina Ricci Sunglasses (OneSize),CIN7_IMPORT,Vintage,Vintage,1,3,customs desc; fibre; manufacturer,,,,1,,1,,1,,,CIN7,,NONE,,NONE,NO,fibre; manufacturer,Used Vintage garment
CONTINUITY,NEW,,,VN-ONLN-10459,Etro Pique (M) (XL),VN-ONLN-10459,Etro Pique (M) (XL),CIN7_IMPORT,Vintage,Vintage,1,3,customs desc; fibre; manufacturer,,,,1,,1,,1,,,CIN7,,NONE,,NONE,NO,fibre; manufacturer,Used Vintage garment
CONTINUITY,NEW,,,VN-ONLN-11044,90's Boy Scout Shirt (L),VN-ONLN-11044,90's Boy Scout Shirt (L),CIN7_IMPORT,Vintage,Vintage,1,3,customs desc; fibre; manufacturer,,,,1,,1,,1,,,CIN7,,NONE,,NONE,NO,fibre; manufacturer,Used Vintage garment
CONTINUITY,NEW,,,EXT-VN-CRD-CLNPT,Print Cord Clean Pattern,EXT-VN-CRD-CLNPT,Print Cord Clean Pattern,CIN7_IMPORT,Vintage,Vintage,1,5,HS code; customs desc; fibre; origin; manufacturer,,,1,1,,1,1,1,,CIN7,CIN7,,NONE,CIN7,NONE,NO,fibre; manufacturer,Used clothing - Vintage
CONTINUITY,NEW,,,VN-ONLN-9907,Tommy Hilfiger check shirt (L),VN-ONLN-9907,Tommy Hilfiger check shirt (L),CIN7_IMPORT,Vintage,Vintage,1,3,customs desc; fibre; manufacturer,,,,1,,1,,1,,,CIN7,,NONE,,NONE,NO,fibre; manufacturer,Used Vintage garment
CONTINUITY,NEW,,,VN-ONLN-11755,L.L. Bean Shirt (L),VN-ONLN-11755,L.L. Bean Shirt (L),CIN7_IMPORT,Vintage,Vintage,1,3,customs desc; fibre; manufacturer,,,,1,,1,,1,,,CIN7,,NONE,,NONE,NO,fibre; manufacturer,Used Vintage garment
CONTINUITY,NEW,,,IMP-LIV-K-JPN-FD,Kai Japan Fade 32/34*,IMP-LIV-K-JPN-FD,Kai Japan Fade 32/34*,CIN7_IMPORT,Livid Men,Livid,7,3,customs desc; fibre; manufacturer,,,,1,,1,,1,,,CIN7,,CIN7,,NONE,NO,manufacturer,Men's jeans - 100% cotton
CONTINUITY,NEW,,,STORAGE-CADICA,Cadica,STORAGE-CADICA,Cadica,CIN7_IMPORT,LAGER,LAGER,1,6,HS code; customs desc; weight; fibre; origin; manufacturer,,,1,1,1,1,1,1,,NONE,NONE,NONE,NONE,NONE,NONE,NO,HS code; customs desc; weight; fibre; origin; manufacturer,
CONTINUITY,NEW,,,LIV-SMPLS-F-STRK,"Sample strikk, dame",LIV-SMPLS-F-STRK,"Sample strikk, dame",CIN7_IMPORT,Livid Femme,Livid,1,5,price; HS code; customs desc; fibre; manufacturer,,1,1,1,,1,,1,NONE,NONE,NONE,,NONE,,NONE,NO,price; HS code; customs desc; fibre; manufacturer,
CONTINUITY,NEW,,,VN-ONLN-9484,80's Italian pattern knit (S),VN-ONLN-9484,80's Italian pattern knit (S),CIN7_IMPORT,Vintage,Vintage,1,3,customs desc; fibre; manufacturer,,,,1,,1,,1,,,CIN7,,NONE,,NONE,NO,fibre; manufacturer,Used Vintage garment
CONTINUITY,NEW,,,LIV-NIK-KHKI-LIN,Nikka Khaki Linen,LIV-NIK-KHKI-LIN,Nikka Khaki Linen,CIN7_IMPORT,Livid Femme,Livid,4,4,customs desc; fibre; origin; manufacturer,,,,1,,1,1,1,,,CIN7,,CIN7,CIN7,NONE,NO,manufacturer,Men's Shirt - 100% cotton
CONTINUITY,NEW,,,VN-ONLN-12708,Silk Resort Shirt (L),VN-ONLN-12708,Silk Resort Shirt (L),CIN7_IMPORT,Vintage,Vintage,1,3,customs desc; fibre; manufacturer,,,,1,,1,,1,,,CIN7,,NONE,,NONE,NO,fibre; manufacturer,Used Vintage garment
CONTINUITY,NEW,,,STORAGE-REPAIR-SERVICE-BOOKLET,Repair Service Booklet,STORAGE-REPAIR-SERVICE-BOOKLET,Repair Service Booklet,CIN7_IMPORT,Storage,Storage,1,5,price; HS code; customs desc; fibre; manufacturer,,1,1,1,,1,,1,NONE,NONE,CIN7,,NONE,,NONE,NO,price; HS code; fibre; manufacturer,Lager
CONTINUITY,NEW,,,VN-ONLN-10282,Tommy Hilfiger shirt (M),VN-ONLN-10282,Tommy Hilfiger shirt (M),CIN7_IMPORT,Vintage,Vintage,1,3,customs desc; fibre; manufacturer,,,,1,,1,,1,,,CIN7,,NONE,,NONE,NO,fibre; manufacturer,Used Vintage garment
CONTINUITY,NEW,,,VN-ONLN-10338,Polo Ralph Lauren Shirt (XL),VN-ONLN-10338,Polo Ralph Lauren Shirt (XL),CIN7_IMPORT,Vintage,Vintage,1,3,customs desc; fibre; manufacturer,,,,1,,1,,1,,,CIN7,,NONE,,NONE,NO,fibre; manufacturer,Used Vintage garment
CONTINUITY,NEW,,,STORAGE-KLESKLYPER,Klesklyper,STORAGE-KLESKLYPER,Klesklyper,CIN7_IMPORT,Storage,Storage,1,5,HS code; customs desc; fibre; origin; manufacturer,,,1,1,,1,1,1,,NONE,CIN7,,NONE,NONE,NONE,NO,HS code; fibre; origin; manufacturer,Lager
CONTINUITY,NEW,,,VN-ONLN-10063,Time Life Books scarf (OneSize),VN-ONLN-10063,Time Life Books scarf (OneSize),CIN7_IMPORT,Vintage,Vintage,1,3,customs desc; fibre; manufacturer,,,,1,,1,,1,,,CIN7,,NONE,,NONE,NO,fibre; manufacturer,Used Vintage garment
CONTINUITY,NEW,,,LIV-JN-TRSR-JPN-NVY,Jone Trouser Japan Navy,LIV-JN-TRSR-JPN-NVY,Jone Trouser Japan Navy,CIN7_IMPORT,Livid Men,Livid,4,3,customs desc; fibre; manufacturer,,,,1,,1,,1,,,CIN7,,CIN7,,NONE,NO,manufacturer,Men's trouser - 100% cotton
CONTINUITY,NEW,,,VN-ONLN-12102,Daks Tie (OneSize),VN-ONLN-12102,Daks Tie (OneSize),CIN7_IMPORT,Vintage,Vintage,1,3,customs desc; fibre; manufacturer,,,,1,,1,,1,,,CIN7,,NONE,,NONE,NO,fibre; manufacturer,Used Vintage garment
CONTINUITY,NEW,,,VN-ONLN-12714,Silk Resort Shirt (M),VN-ONLN-12714,Silk Resort Shirt (M),CIN7_IMPORT,Vintage,Vintage,1,3,customs desc; fibre; manufacturer,,,,1,,1,,1,,,CIN7,,NONE,,NONE,NO,fibre; manufacturer,Used Vintage garment
CONTINUITY,NEW,,,VN-ONLN-12978,Carhartt Corduroy Flannel Shirt (M),VN-ONLN-12978,Carhartt Corduroy Flannel Shirt (M),CIN7_IMPORT,Vintage,Vintage,1,3,customs desc; fibre; manufacturer,,,,1,,1,,1,,,CIN7,,NONE,,NONE,NO,fibre; manufacturer,Used Vintage garment
CONTINUITY,NEW,,,VN-ONLN-12446,Polo by Ralph Lauren Shirt (S),VN-ONLN-12446,Polo by Ralph Lauren Shirt (S),CIN7_IMPORT,Vintage,Vintage,1,3,customs desc; fibre; manufacturer,,,,1,,1,,1,,,CIN7,,NONE,,NONE,NO,fibre; manufacturer,Used Vintage garment
CONTINUITY,NEW,,,VN-ONLN-12770,NFL Padded Denim Jacket (M),VN-ONLN-12770,NFL Padded Denim Jacket (M),CIN7_IMPORT,Vintage,Vintage,1,3,customs desc; fibre; manufacturer,,,,1,,1,,1,,,CIN7,,NONE,,NONE,NO,fibre; manufacturer,Used Vintage garment
CONTINUITY,NEW,,,VN-ONLN-13412,So..What!!! Tee (S),VN-ONLN-13412,So..What!!! Tee (S),CIN7_IMPORT,Vintage,Vintage,1,3,customs desc; fibre; manufacturer,,,,1,,1,,1,,,CIN7,,NONE,,NONE,NO,fibre; manufacturer,Used Vintage garment
CONTINUITY,NEW,,,VN-ONLN-10830,Moschino Skirt (W31),VN-ONLN-10830,Moschino Skirt (W31),CIN7_IMPORT,Vintage,Vintage,1,3,customs desc; fibre; manufacturer,,,,1,,1,,1,,,CIN7,,NONE,,NONE,NO,fibre; manufacturer,Used Vintage garment
CONTINUITY,NEW,,,VN-ONLN-10984,Givenchy Sunglasses (OneSize),VN-ONLN-10984,Givenchy Sunglasses (OneSize),CIN7_IMPORT,Vintage,Vintage,1,3,customs desc; fibre; manufacturer,,,,1,,1,,1,,,CIN7,,NONE,,NONE,NO,fibre; manufacturer,Used Vintage garment
CONTINUITY,NEW,,,VN-ONLN-13304,Caribbean Viscose Shirt (XL),VN-ONLN-13304,Caribbean Viscose Shirt (XL),CIN7_IMPORT,Vintage,Vintage,1,3,customs desc; fibre; manufacturer,,,,1,,1,,1,,,CIN7,,NONE,,NONE,NO,fibre; manufacturer,Used Vintage garment
CONTINUITY,NEW,,,IMP-LIV-BRNS-JPN-GRVL,"Barnes Japan Gravel, 3132*",IMP-LIV-BRNS-JPN-GRVL,"Barnes Japan Gravel, 3132*",CIN7_IMPORT,Livid Men,Livid,7,3,customs desc; fibre; manufacturer,,,,1,,1,,1,,,CIN7,,CIN7,,NONE,NO,manufacturer,Men's jeans - 100% cotton
CONTINUITY,NEW,,,VN-ONLN-9188,50's Woolrich wool shirt jacket (S),VN-ONLN-9188,50's Woolrich wool shirt jacket (S),CIN7_IMPORT,Vintage,Vintage,1,3,customs desc; fibre; manufacturer,,,,1,,1,,1,,,CIN7,,NONE,,NONE,NO,fibre; manufacturer,Used Vintage garment
CONTINUITY,NEW,,,VN-ONLN-9990,Champion Reverse Weave Sweatshirt (S),VN-ONLN-9990,Champion Reverse Weave Sweatshirt (S),CIN7_IMPORT,Vintage,Vintage,1,3,customs desc; fibre; manufacturer,,,,1,,1,,1,,,CIN7,,NONE,,NONE,NO,fibre; manufacturer,Used Vintage garment
CONTINUITY,NEW,,,VN-ONLN-12377,Ann Taylor Wool Knit Sweater (M),VN-ONLN-12377,Ann Taylor Wool Knit Sweater (M),CIN7_IMPORT,Vintage,Vintage,1,3,customs desc; fibre; manufacturer,,,,1,,1,,1,,,CIN7,,NONE,,NONE,NO,fibre; manufacturer,Used Vintage garment
CONTINUITY,NEW,,,VN-ONLN-12138,90's Hanes Christmas Sweater (L),VN-ONLN-12138,90's Hanes Christmas Sweater (L),CIN7_IMPORT,Vintage,Vintage,1,3,customs desc; fibre; manufacturer,,,,1,,1,,1,,,CIN7,,NONE,,NONE,NO,fibre; manufacturer,Used Vintage garment
CONTINUITY,NEW,,,VN-ONLN-13425,1988 Pitt Homecoming Tee (L),VN-ONLN-13425,1988 Pitt Homecoming Tee (L),CIN7_IMPORT,Vintage,Vintage,1,3,customs desc; fibre; manufacturer,,,,1,,1,,1,,,CIN7,,NONE,,NONE,NO,fibre; manufacturer,Used Vintage garment
CONTINUITY,NEW,,,VN-ONLN-13221,1990 Super Bowl XXIV Promo Tee (L),VN-ONLN-13221,1990 Super Bowl XXIV Promo Tee (L),CIN7_IMPORT,Vintage,Vintage,1,3,customs desc; fibre; manufacturer,,,,1,,1,,1,,,CIN7,,NONE,,NONE,NO,fibre; manufacturer,Used Vintage garment
CONTINUITY,NEW,,,VN-ONLN-11540,Chaps by Ralph Lauren Quarter Zip  (XL),VN-ONLN-11540,Chaps by Ralph Lauren Quarter Zip  (XL),CIN7_IMPORT,Vintage,Vintage,1,3,customs desc; fibre; manufacturer,,,,1,,1,,1,,,CIN7,,NONE,,NONE,NO,fibre; manufacturer,Used Vintage garment
CONTINUITY,NEW,,,VN-ONLN-11905,Dickies Worker Shirt (XL),VN-ONLN-11905,Dickies Worker Shirt (XL),CIN7_IMPORT,Vintage,Vintage,1,3,customs desc; fibre; manufacturer,,,,1,,1,,1,,,CIN7,,NONE,,NONE,NO,fibre; manufacturer,Used Vintage garment
CONTINUITY,NEW,,,VN-ONLN-9108,Dickies denim carpenters (w29),VN-ONLN-9108,Dickies denim carpenters (w29),CIN7_IMPORT,Vintage,Vintage,1,3,customs desc; fibre; manufacturer,,,,1,,1,,1,,,CIN7,,NONE,,NONE,NO,fibre; manufacturer,Used Vintage garment
CONTINUITY,NEW,,,LIV-BRS-BLUCK,Brass Blue Clerk Check,LIV-BRS-BLUCK,Brass Blue Clerk Check,CIN7_IMPORT,Livid Men,Livid,1,3,customs desc; fibre; manufacturer,,,,1,,1,,1,,,CIN7,,CIN7,,NONE,NO,manufacturer,Men's Shirt - 100% cotton
CONTINUITY,NEW,,,VN-ONLN-13508,Fellowship House Sports Tee (XL),VN-ONLN-13508,Fellowship House Sports Tee (XL),CIN7_IMPORT,Vintage,Vintage,1,3,customs desc; fibre; manufacturer,,,,1,,1,,1,,,CIN7,,NONE,,NONE,NO,fibre; manufacturer,Used Vintage garment
CONTINUITY,NEW,,,VN-ONLN-9848,1986 Gen Con tabletop game fair tee (L),VN-ONLN-9848,1986 Gen Con tabletop game fair tee (L),CIN7_IMPORT,Vintage,Vintage,1,3,customs desc; fibre; manufacturer,,,,1,,1,,1,,,CIN7,,NONE,,NONE,NO,fibre; manufacturer,Used Vintage garment
CONTINUITY,NEW,,,VN-ONLN-13473,Tommy Jeans Sailing Gear Crewneck (M),VN-ONLN-13473,Tommy Jeans Sailing Gear Crewneck (M),CIN7_IMPORT,Vintage,Vintage,1,3,customs desc; fibre; manufacturer,,,,1,,1,,1,,,CIN7,,NONE,,NONE,NO,fibre; manufacturer,Used Vintage garment
CONTINUITY,NEW,,,VN-ONLN-10907,Diesel Polo Tee (M),VN-ONLN-10907,Diesel Polo Tee (M),CIN7_IMPORT,Vintage,Vintage,1,3,customs desc; fibre; manufacturer,,,,1,,1,,1,,,CIN7,,NONE,,NONE,NO,fibre; manufacturer,Used Vintage garment
CONTINUITY,NEW,,,VN-ONLN-10997,Bulgari Sunglasses (OneSize),VN-ONLN-10997,Bulgari Sunglasses (OneSize),CIN7_IMPORT,Vintage,Vintage,1,3,customs desc; fibre; manufacturer,,,,1,,1,,1,,,CIN7,,NONE,,NONE,NO,fibre; manufacturer,Used Vintage garment
CONTINUITY,NEW,,,EXT-RT-MRRS-NVY,Merino Lambs Wool Room Socks Navy,EXT-RT-MRRS-NVY,Merino Lambs Wool Room Socks Navy,CIN7_IMPORT,Rototo,Rototo,1,4,HS code; customs desc; fibre; manufacturer,,,1,1,,1,,1,,CIN7,CIN7,,CIN7,,NONE,NO,manufacturer,Socks - 100% wool
CONTINUITY,NEW,,,EXT-PR-LCT-X10-MC,Laces Michael Marron,EXT-PR-LCT-X10-MC,Laces Michael Marron,CIN7_IMPORT,Paraboot,Paraboot,3,4,HS code; customs desc; fibre; manufacturer,,,1,1,,1,,1,,CIN7,CIN7,,NONE,,NONE,NO,fibre; manufacturer,Men Shoes
CONTINUITY,NEW,,,VN-ONLN-9399,90's Taz Tee (M),VN-ONLN-9399,90's Taz Tee (M),CIN7_IMPORT,Vintage,Vintage,1,3,customs desc; fibre; manufacturer,,,,1,,1,,1,,,CIN7,,NONE,,NONE,NO,fibre; manufacturer,Used Vintage garment
CONTINUITY,NEW,,,LIV-NDL-RVRS-FRST-DBLDY,Needle Reverse Forest Doubledye,LIV-NDL-RVRS-FRST-DBLDY,Needle Reverse Forest Doubledye,CIN7_IMPORT,Livid Unisex,Livid,2,3,customs desc; fibre; manufacturer,,,,1,,1,,1,,,CIN7,,CIN7,,NONE,NO,manufacturer,Men's Sweater - 100% cotton
CONTINUITY,NEW,,,VN-ONLN-13429,2001 Jackson County 150th Anniversary Tee (XL),VN-ONLN-13429,2001 Jackson County 150th Anniversary Tee (XL),CIN7_IMPORT,Vintage,Vintage,1,3,customs desc; fibre; manufacturer,,,,1,,1,,1,,,CIN7,,NONE,,NONE,NO,fibre; manufacturer,Used Vintage garment
CONTINUITY,NEW,,,VN-ONLN-12695,Silk Resort Shirt (M),VN-ONLN-12695,Silk Resort Shirt (M),CIN7_IMPORT,Vintage,Vintage,1,3,customs desc; fibre; manufacturer,,,,1,,1,,1,,,CIN7,,NONE,,NONE,NO,fibre; manufacturer,Used Vintage garment
CONTINUITY,NEW,,,LIV-BLK-BLCK,Blake Black,LIV-BLK-BLCK,Blake Black,CIN7_IMPORT,Livid Unisex,Livid,2,3,customs desc; fibre; manufacturer,,,,1,,1,,1,,,CIN7,,CIN7,,NONE,NO,manufacturer,Men jacket - 100% Wool
CONTINUITY,NEW,,,VN-ONLN-13241,Lee Cargo Shorts (W35),VN-ONLN-13241,Lee Cargo Shorts (W35),CIN7_IMPORT,Vintage,Vintage,1,3,customs desc; fibre; manufacturer,,,,1,,1,,1,,,CIN7,,NONE,,NONE,NO,fibre; manufacturer,Used Vintage garment
CONTINUITY,NEW,,,VN-ONLN-11102,Chaps by Ralph Lauren Shirt (XL),VN-ONLN-11102,Chaps by Ralph Lauren Shirt (XL),CIN7_IMPORT,Vintage,Vintage,1,3,customs desc; fibre; manufacturer,,,,1,,1,,1,,,CIN7,,NONE,,NONE,NO,fibre; manufacturer,Used Vintage garment
CONTINUITY,NEW,,,VN-ONLN-10537,Polo Jeans Ralph Lauren Denim Skirt (W30),VN-ONLN-10537,Polo Jeans Ralph Lauren Denim Skirt (W30),CIN7_IMPORT,Vintage,Vintage,1,3,customs desc; fibre; manufacturer,,,,1,,1,,1,,,CIN7,,NONE,,NONE,NO,fibre; manufacturer,Used Vintage garment
CONTINUITY,NEW,,,VN-ONLN-12964,Disney Mickey & Pluto Tee (M),VN-ONLN-12964,Disney Mickey & Pluto Tee (M),CIN7_IMPORT,Vintage,Vintage,1,3,customs desc; fibre; manufacturer,,,,1,,1,,1,,,CIN7,,NONE,,NONE,NO,fibre; manufacturer,Used Vintage garment
CONTINUITY,NEW,,,VN-ONLN-9482,Italian pattern knit (S),VN-ONLN-9482,Italian pattern knit (S),CIN7_IMPORT,Vintage,Vintage,1,3,customs desc; fibre; manufacturer,,,,1,,1,,1,,,CIN7,,NONE,,NONE,NO,fibre; manufacturer,Used Vintage garment
CONTINUITY,NEW,,,VN-ONLN-13443,Mach Ski-Doo Longsleeve (L),VN-ONLN-13443,Mach Ski-Doo Longsleeve (L),CIN7_IMPORT,Vintage,Vintage,1,3,customs desc; fibre; manufacturer,,,,1,,1,,1,,,CIN7,,NONE,,NONE,NO,fibre; manufacturer,Used Vintage garment
CONTINUITY,NEW,,,VN-ONLN-12639,Kent Crewneck (XL),VN-ONLN-12639,Kent Crewneck (XL),CIN7_IMPORT,Vintage,Vintage,1,3,customs desc; fibre; manufacturer,,,,1,,1,,1,,,CIN7,,NONE,,NONE,NO,fibre; manufacturer,Used Vintage garment
CONTINUITY,NEW,,,VN-ONLN-12258,Classic Cable Knit Sweater (XL),VN-ONLN-12258,Classic Cable Knit Sweater (XL),CIN7_IMPORT,Vintage,Vintage,1,3,customs desc; fibre; manufacturer,,,,1,,1,,1,,,CIN7,,NONE,,NONE,NO,fibre; manufacturer,Used Vintage garment
CONTINUITY,NEW,,,VN-ONLN-11097,Bar-B Western Shirt (M),VN-ONLN-11097,Bar-B Western Shirt (M),CIN7_IMPORT,Vintage,Vintage,1,3,customs desc; fibre; manufacturer,,,,1,,1,,1,,,CIN7,,NONE,,NONE,NO,fibre; manufacturer,Used Vintage garment
CONTINUITY,NEW,,,LSL-YLWM,Leslie Japan Yellow Medallion,LSL-YLWM,Leslie Japan Yellow Medallion,CIN7_IMPORT,Livid Femme,Livid,3,3,customs desc; fibre; manufacturer,,,,1,,1,,1,,,CIN7,,CIN7,,NONE,NO,manufacturer,Women Dress - 100% Cotton
CONTINUITY,NEW,,,LIV-DN-JPN-NW-BL,Dune Japan New Blue,LIV-DN-JPN-NW-BL,Dune Japan New Blue,CIN7_IMPORT,Livid Men,Livid,5,3,customs desc; fibre; manufacturer,,,,1,,1,,1,,,CIN7,,CIN7,,NONE,NO,manufacturer,Men's jeans - 100% cotton
CONTINUITY,NEW,,,VN-ONLN-13332,Valentino Silk Tie (OneSize),VN-ONLN-13332,Valentino Silk Tie (OneSize),CIN7_IMPORT,Vintage,Vintage,1,3,customs desc; fibre; manufacturer,,,,1,,1,,1,,,CIN7,,NONE,,NONE,NO,fibre; manufacturer,Used Vintage garment
CONTINUITY,NEW,,,VN-ONLN-12980,2000 Australia Olympics Sweatshirt (M),VN-ONLN-12980,2000 Australia Olympics Sweatshirt (M),CIN7_IMPORT,Vintage,Vintage,1,3,customs desc; fibre; manufacturer,,,,1,,1,,1,,,CIN7,,NONE,,NONE,NO,fibre; manufacturer,Used Vintage garment
CONTINUITY,NEW,,,VN-ONLN-10888,Y2K Diesel knitted graphic top (L),VN-ONLN-10888,Y2K Diesel knitted graphic top (L),CIN7_IMPORT,Vintage,Vintage,1,3,customs desc; fibre; manufacturer,,,,1,,1,,1,,,CIN7,,NONE,,NONE,NO,fibre; manufacturer,Used Vintage garment
CONTINUITY,NEW,,,VN-ONLN-10160,Tommy Hilfiger Poplin/Corduroy shirt (XL),VN-ONLN-10160,Tommy Hilfiger Poplin/Corduroy shirt (XL),CIN7_IMPORT,Vintage,Vintage,1,3,customs desc; fibre; manufacturer,,,,1,,1,,1,,,CIN7,,NONE,,NONE,NO,fibre; manufacturer,Used Vintage garment
CONTINUITY,NEW,,,B2B-EPL-TEE,Eplehuset T-Shirt,B2B-EPL-TEE,Eplehuset T-Shirt,CIN7_IMPORT,Livid Men,Livid,8,4,price; customs desc; fibre; manufacturer,,1,,1,,1,,1,NONE,,CIN7,,CIN7,,NONE,NO,price; manufacturer,Men's T-Shirt - 100% Cotton
CONTINUITY,NEW,,,VN-ONLN-13490,Tommy Bahama Silk Shirt (S),VN-ONLN-13490,Tommy Bahama Silk Shirt (S),CIN7_IMPORT,Vintage,Vintage,1,3,customs desc; fibre; manufacturer,,,,1,,1,,1,,,CIN7,,NONE,,NONE,NO,fibre; manufacturer,Used Vintage garment
CONTINUITY,NEW,,,VN-ONLN-11796,Pierre Balmain Tie (OneSize),VN-ONLN-11796,Pierre Balmain Tie (OneSize),CIN7_IMPORT,Vintage,Vintage,1,3,customs desc; fibre; manufacturer,,,,1,,1,,1,,,CIN7,,NONE,,NONE,NO,fibre; manufacturer,Used Vintage garment
CONTINUITY,NEW,,,VN-ONLN-12711,Silk Resort Shirt (XL),VN-ONLN-12711,Silk Resort Shirt (XL),CIN7_IMPORT,Vintage,Vintage,1,3,customs desc; fibre; manufacturer,,,,1,,1,,1,,,CIN7,,NONE,,NONE,NO,fibre; manufacturer,Used Vintage garment
CONTINUITY,NEW,,,VN-ONLN-10034,90's Minnesota Golden Gophers Sweat (S),VN-ONLN-10034,90's Minnesota Golden Gophers Sweat (S),CIN7_IMPORT,Vintage,Vintage,1,3,customs desc; fibre; manufacturer,,,,1,,1,,1,,,CIN7,,NONE,,NONE,NO,fibre; manufacturer,Used Vintage garment
CONTINUITY,NEW,,,VN-ONLN-11135,Silk Resort Shirt (M),VN-ONLN-11135,Silk Resort Shirt (M),CIN7_IMPORT,Vintage,Vintage,1,3,customs desc; fibre; manufacturer,,,,1,,1,,1,,,CIN7,,NONE,,NONE,NO,fibre; manufacturer,Used Vintage garment
CONTINUITY,NEW,,,VN-ONLN-13328,Tommy Jeans Hoodie (M),VN-ONLN-13328,Tommy Jeans Hoodie (M),CIN7_IMPORT,Vintage,Vintage,1,3,customs desc; fibre; manufacturer,,,,1,,1,,1,,,CIN7,,NONE,,NONE,NO,fibre; manufacturer,Used Vintage garment
CONTINUITY,NEW,,,VN-ONLN-12603,Carhartt Hooded Insulated Parka (L),VN-ONLN-12603,Carhartt Hooded Insulated Parka (L),CIN7_IMPORT,Vintage,Vintage,1,3,customs desc; fibre; manufacturer,,,,1,,1,,1,,,CIN7,,NONE,,NONE,NO,fibre; manufacturer,Used Vintage garment
CONTINUITY,NEW,,,VN-ONLN-12448,Tommy Hilfiger Shirt (L),VN-ONLN-12448,Tommy Hilfiger Shirt (L),CIN7_IMPORT,Vintage,Vintage,1,3,customs desc; fibre; manufacturer,,,,1,,1,,1,,,CIN7,,NONE,,NONE,NO,fibre; manufacturer,Used Vintage garment
CONTINUITY,NEW,,,LIV-LRK-IVRY,Lerke Ivory,LIV-LRK-IVRY,Lerke Ivory,CIN7_IMPORT,Livid Unisex,Livid,1,3,customs desc; fibre; manufacturer,,,,1,,1,,1,,,CIN7,,CIN7,,NONE,NO,manufacturer,Scarf - 100% Wool
CONTINUITY,NEW,,,VN-ONLN-9996,Tommy Hilfiger cotton sweater (L),VN-ONLN-9996,Tommy Hilfiger cotton sweater (L),CIN7_IMPORT,Vintage,Vintage,1,3,customs desc; fibre; manufacturer,,,,1,,1,,1,,,CIN7,,NONE,,NONE,NO,fibre; manufacturer,Used Vintage garment
CONTINUITY,NEW,,,EXT-VN-KMNO,Kimono,EXT-VN-KMNO,Kimono,CIN7_IMPORT,Vintage,Vintage,1,3,customs desc; fibre; manufacturer,,,,1,,1,,1,,,CIN7,,NONE,,NONE,NO,fibre; manufacturer,Used clothing - Vintage
CONTINUITY,NEW,,,VN-ONLN-13569,Jaquard Cotton Knit Sweater (M),VN-ONLN-13569,Jaquard Cotton Knit Sweater (M),CIN7_IMPORT,Vintage,Vintage,1,3,customs desc; fibre; manufacturer,,,,1,,1,,1,,,CIN7,,NONE,,NONE,NO,fibre; manufacturer,Used Vintage garment
CONTINUITY,NEW,,,VN-ONLN-13188,Barbarian Rugby Wear Shirt (S),VN-ONLN-13188,Barbarian Rugby Wear Shirt (S),CIN7_IMPORT,Vintage,Vintage,1,3,customs desc; fibre; manufacturer,,,,1,,1,,1,,,CIN7,,NONE,,NONE,NO,fibre; manufacturer,Used Vintage garment
CONTINUITY,NEW,,,VN-ONLN-12541,Burberry Shirt (L),VN-ONLN-12541,Burberry Shirt (L),CIN7_IMPORT,Vintage,Vintage,1,3,customs desc; fibre; manufacturer,,,,1,,1,,1,,,CIN7,,NONE,,NONE,NO,fibre; manufacturer,Used Vintage garment
CONTINUITY,NEW,,,LIV-RIA-TP-IND,Ria Top Japan Indigo,LIV-RIA-TP-IND,Ria Top Japan Indigo,CIN7_IMPORT,Livid Femme,Livid,3,3,customs desc; fibre; manufacturer,,,,1,,1,,1,,,CIN7,,NONE,,NONE,NO,fibre; manufacturer,500
CONTINUITY,NEW,,,VN-ONLN-9918,Polo Ralph Lauren Shirt (M),VN-ONLN-9918,Polo Ralph Lauren Shirt (M),CIN7_IMPORT,Vintage,Vintage,1,3,customs desc; fibre; manufacturer,,,,1,,1,,1,,,CIN7,,NONE,,NONE,NO,fibre; manufacturer,Used Vintage garment
CONTINUITY,NEW,,,VN-ONLN-9440,90's pattern knit (L),VN-ONLN-9440,90's pattern knit (L),CIN7_IMPORT,Vintage,Vintage,1,3,customs desc; fibre; manufacturer,,,,1,,1,,1,,,CIN7,,NONE,,NONE,NO,fibre; manufacturer,Used Vintage garment
CONTINUITY,NEW,,,LIV-CNL-SLVMLSK,Connely Silver Moleskin,LIV-CNL-SLVMLSK,Connely Silver Moleskin,CIN7_IMPORT,Livid Men,Livid,4,3,customs desc; fibre; manufacturer,,,,1,,1,,1,,,CIN7,,CIN7,,NONE,NO,manufacturer,Men's Shirt - 100% cotton
CONTINUITY,NEW,,,IMP-LIV-BRLY-JPN-ER,"Burley Japan Era, 3632*",IMP-LIV-BRLY-JPN-ER,"Burley Japan Era, 3632*",CIN7_IMPORT,Livid Men,Livid,1,3,customs desc; fibre; manufacturer,,,,1,,1,,1,,,CIN7,,CIN7,,NONE,NO,manufacturer,Men's jeans - 100% cotton
CONTINUITY,NEW,,,VN-ONLN-10536,Calvin Klein Denim Skirt (W32),VN-ONLN-10536,Calvin Klein Denim Skirt (W32),CIN7_IMPORT,Vintage,Vintage,1,3,customs desc; fibre; manufacturer,,,,1,,1,,1,,,CIN7,,NONE,,NONE,NO,fibre; manufacturer,Used Vintage garment
CONTINUITY,NEW,,,VN-ONLN-13364,Jamaica Jaxx Silk Shirt (M),VN-ONLN-13364,Jamaica Jaxx Silk Shirt (M),CIN7_IMPORT,Vintage,Vintage,1,3,customs desc; fibre; manufacturer,,,,1,,1,,1,,,CIN7,,NONE,,NONE,NO,fibre; manufacturer,Used Vintage garment
CONTINUITY,NEW,,,EXT-VN-WRKSHRT,Worker shirt,EXT-VN-WRKSHRT,Worker shirt,CIN7_IMPORT,Vintage,Vintage,1,3,customs desc; fibre; manufacturer,,,,1,,1,,1,,,CIN7,,NONE,,NONE,NO,fibre; manufacturer,Used clothing - Vintage
CONTINUITY,NEW,,,LIV-RLY-GRN,Riley Green,LIV-RLY-GRN,Riley Green,CIN7_IMPORT,Livid Men,Livid,1,3,customs desc; fibre; manufacturer,,,,1,,1,,1,,,CIN7,,CIN7,,NONE,NO,manufacturer,Men's Sweater - Knitted 100% wiil
CONTINUITY,NEW,,,STORAGE-HANGTAGS,Hangtags,STORAGE-HANGTAGS,Hangtags,CIN7_IMPORT,Storage,Storage,1,5,HS code; customs desc; fibre; origin; manufacturer,,,1,1,,1,1,1,,NONE,CIN7,,NONE,NONE,NONE,NO,HS code; fibre; origin; manufacturer,Lager
CONTINUITY,NEW,,,VN-ONLN-11445,1995 Rock Island Sweat (L),VN-ONLN-11445,1995 Rock Island Sweat (L),CIN7_IMPORT,Vintage,Vintage,1,3,customs desc; fibre; manufacturer,,,,1,,1,,1,,,CIN7,,NONE,,NONE,NO,fibre; manufacturer,Used Vintage garment
CONTINUITY,NEW,,,VN-ONLN-12490,Indiana University Hoosiers Sweatshirt (2XL),VN-ONLN-12490,Indiana University Hoosiers Sweatshirt (2XL),CIN7_IMPORT,Vintage,Vintage,1,3,customs desc; fibre; manufacturer,,,,1,,1,,1,,,CIN7,,NONE,,NONE,NO,fibre; manufacturer,Used Vintage garment
CONTINUITY,NEW,,,VN-ONLN-12454,Pattern Knit Sweater (L),VN-ONLN-12454,Pattern Knit Sweater (L),CIN7_IMPORT,Vintage,Vintage,1,3,customs desc; fibre; manufacturer,,,,1,,1,,1,,,CIN7,,NONE,,NONE,NO,fibre; manufacturer,Used Vintage garment
CONTINUITY,NEW,,,LIV-LRK-CHRCL,Lerke Charcoal,LIV-LRK-CHRCL,Lerke Charcoal,CIN7_IMPORT,Livid Unisex,Livid,1,3,customs desc; fibre; manufacturer,,,,1,,1,,1,,,CIN7,,CIN7,,NONE,NO,manufacturer,Scarf - 100% Wool
CONTINUITY,NEW,,,LIV-DVN-JP-SHD,Devon Japan Shadow,LIV-DVN-JP-SHD,Devon Japan Shadow,CIN7_IMPORT,Livid Femme,Livid,1,3,customs desc; fibre; manufacturer,,,,1,,1,,1,,,CIN7,,CIN7,,NONE,NO,manufacturer,Women Skirt - 100% Cotton
CONTINUITY,NEW,,,LIV-FM-BLI-BKS,Belia Black Satin,LIV-FM-BLI-BKS,Belia Black Satin,CIN7_IMPORT,Livid Femme,Livid,3,3,customs desc; fibre; manufacturer,,,,1,,1,,1,,,CIN7,,CIN7,,NONE,NO,manufacturer,Women Dress - 100% Cotton
CONTINUITY,NEW,,,VN-ONLN-13215,Carhartt Simple Pant Denim Shorts (W28),VN-ONLN-13215,Carhartt Simple Pant Denim Shorts (W28),CIN7_IMPORT,Vintage,Vintage,1,3,customs desc; fibre; manufacturer,,,,1,,1,,1,,,CIN7,,NONE,,NONE,NO,fibre; manufacturer,Used Vintage garment
CONTINUITY,NEW,,,LIV-SMPLS-H-JKT,"Sample jakker, herre",LIV-SMPLS-H-JKT,"Sample jakker, herre",CIN7_IMPORT,Livid Men,Livid,1,5,price; HS code; customs desc; fibre; manufacturer,,1,1,1,,1,,1,NONE,NONE,NONE,,NONE,,NONE,NO,price; HS code; customs desc; fibre; manufacturer,
CONTINUITY,NEW,,,VN-ONLN-13505,Hard Rock Hotel Baseball Jersey (M),VN-ONLN-13505,Hard Rock Hotel Baseball Jersey (M),CIN7_IMPORT,Vintage,Vintage,1,3,customs desc; fibre; manufacturer,,,,1,,1,,1,,,CIN7,,NONE,,NONE,NO,fibre; manufacturer,Used Vintage garment
CONTINUITY,NEW,,,VIN-SLKBLS,Print Blouse,VIN-SLKBLS,Print Blouse,CIN7_IMPORT,Vintage,Vintage,1,5,HS code; customs desc; fibre; origin; manufacturer,,,1,1,,1,1,1,,CIN7,CIN7,,CIN7,NONE,NONE,NO,origin; manufacturer,Women's Blouse - 100% cotton
CONTINUITY,NEW,,,VN-ONLN-13481,Nautica Quarter Zip Knit (XL),VN-ONLN-13481,Nautica Quarter Zip Knit (XL),CIN7_IMPORT,Vintage,Vintage,1,3,customs desc; fibre; manufacturer,,,,1,,1,,1,,,CIN7,,NONE,,NONE,NO,fibre; manufacturer,Used Vintage garment
CONTINUITY,NEW,,,VN-ONLN-10413,Tommy Bahama Silk Shirt (L) (L),VN-ONLN-10413,Tommy Bahama Silk Shirt (L) (L),CIN7_IMPORT,Vintage,Vintage,1,3,customs desc; fibre; manufacturer,,,,1,,1,,1,,,CIN7,,NONE,,NONE,NO,fibre; manufacturer,Used Vintage garment
CONTINUITY,NEW,,,VN-ONLN-11528,Vintage Corduroy Shirt (XL),VN-ONLN-11528,Vintage Corduroy Shirt (XL),CIN7_IMPORT,Vintage,Vintage,1,3,customs desc; fibre; manufacturer,,,,1,,1,,1,,,CIN7,,NONE,,NONE,NO,fibre; manufacturer,Used Vintage garment
CONTINUITY,NEW,,,VN-ONLN-11117,Wrangler Western Shirt (XL),VN-ONLN-11117,Wrangler Western Shirt (XL),CIN7_IMPORT,Vintage,Vintage,1,3,customs desc; fibre; manufacturer,,,,1,,1,,1,,,CIN7,,NONE,,NONE,NO,fibre; manufacturer,Used Vintage garment
CONTINUITY,NEW,,,LIV-PHL-OFWCRD,Philly Dusty Off-White Corduroy,LIV-PHL-OFWCRD,Philly Dusty Off-White Corduroy,CIN7_IMPORT,Livid Men,Livid,1,3,customs desc; fibre; manufacturer,,,,1,,1,,1,,,CIN7,,CIN7,,NONE,NO,manufacturer,Men's Shirt - 100% cotton
CONTINUITY,NEW,,,VN-ONLN-10209,Kenzo Sunglasses (OneSize),VN-ONLN-10209,Kenzo Sunglasses (OneSize),CIN7_IMPORT,Vintage,Vintage,1,3,customs desc; fibre; manufacturer,,,,1,,1,,1,,,CIN7,,NONE,,NONE,NO,fibre; manufacturer,Used Vintage garment
CONTINUITY,NEW,,,VN-ONLN-9474,80's Italian V-neck sweater (2XL),VN-ONLN-9474,80's Italian V-neck sweater (2XL),CIN7_IMPORT,Vintage,Vintage,1,3,customs desc; fibre; manufacturer,,,,1,,1,,1,,,CIN7,,NONE,,NONE,NO,fibre; manufacturer,Used Vintage garment
CONTINUITY,NEW,,,VN-ONLN-11147,Tommy Bahama Silk Shirt (L),VN-ONLN-11147,Tommy Bahama Silk Shirt (L),CIN7_IMPORT,Vintage,Vintage,1,3,customs desc; fibre; manufacturer,,,,1,,1,,1,,,CIN7,,NONE,,NONE,NO,fibre; manufacturer,Used Vintage garment
CONTINUITY,NEW,,,STORAGE-LIVID-REKLAMASJONER,Livid Reklamasjoner,STORAGE-LIVID-REKLAMASJONER,Livid Reklamasjoner,CIN7_IMPORT,LAGER,LAGER,1,6,HS code; customs desc; weight; fibre; origin; manufacturer,,,1,1,1,1,1,1,,NONE,NONE,NONE,NONE,NONE,NONE,NO,HS code; customs desc; weight; fibre; origin; manufacturer,
CONTINUITY,NEW,,,VN-ONLN-9345,90's IAF firefighters jacket (L),VN-ONLN-9345,90's IAF firefighters jacket (L),CIN7_IMPORT,Vintage,Vintage,1,3,customs desc; fibre; manufacturer,,,,1,,1,,1,,,CIN7,,NONE,,NONE,NO,fibre; manufacturer,Used Vintage garment
CONTINUITY,NEW,,,EXT-VN-LNS-SS,Linen shirt Short sleeve,EXT-VN-LNS-SS,Linen shirt Short sleeve,CIN7_IMPORT,Vintage,Vintage,1,3,customs desc; fibre; manufacturer,,,,1,,1,,1,,,CIN7,,NONE,,NONE,NO,fibre; manufacturer,Used clothing - Vintage
CONTINUITY,NEW,,,STORAGE-FABRIC-SWATCHES,Fabric Swatches Diverse,STORAGE-FABRIC-SWATCHES,Fabric Swatches Diverse,CIN7_IMPORT,LAGER,LAGER,1,6,HS code; customs desc; weight; fibre; origin; manufacturer,,,1,1,1,1,1,1,,NONE,NONE,NONE,NONE,NONE,NONE,NO,HS code; customs desc; weight; fibre; origin; manufacturer,
CONTINUITY,NEW,,,VIN-NLN,Nylon Coach Jacket,VIN-NLN,Nylon Coach Jacket,CIN7_IMPORT,Vintage,Vintage,1,5,HS code; customs desc; fibre; origin; manufacturer,,,1,1,,1,1,1,,CIN7,CIN7,,CIN7,NONE,NONE,NO,origin; manufacturer,Men jacket - 100% cotton
CONTINUITY,NEW,,,VN-ONLN-13564,Multi Color Wool Knit Sweater (M),VN-ONLN-13564,Multi Color Wool Knit Sweater (M),CIN7_IMPORT,Vintage,Vintage,1,3,customs desc; fibre; manufacturer,,,,1,,1,,1,,,CIN7,,NONE,,NONE,NO,fibre; manufacturer,Used Vintage garment
CONTINUITY,NEW,,,VN-ONLN-11079,Wrangler Western Shirt (XL),VN-ONLN-11079,Wrangler Western Shirt (XL),CIN7_IMPORT,Vintage,Vintage,1,3,customs desc; fibre; manufacturer,,,,1,,1,,1,,,CIN7,,NONE,,NONE,NO,fibre; manufacturer,Used Vintage garment
CONTINUITY,NEW,,,VN-ONLN-10577,Armani Jeans Denim Skirt  (W28),VN-ONLN-10577,Armani Jeans Denim Skirt  (W28),CIN7_IMPORT,Vintage,Vintage,1,3,customs desc; fibre; manufacturer,,,,1,,1,,1,,,CIN7,,NONE,,NONE,NO,fibre; manufacturer,Used Vintage garment
CONTINUITY,NEW,,,LIV-BRS-BLU-POP,Brass Blue Pop,LIV-BRS-BLU-POP,Brass Blue Pop,CIN7_IMPORT,Livid Men,Livid,5,3,customs desc; fibre; manufacturer,,,,1,,1,,1,,,CIN7,,CIN7,,NONE,NO,manufacturer,Men's Shirt - 100% cotton
CONTINUITY,NEW,,,VN-ONLN-12935,Valentino Silk Tie (OneSize),VN-ONLN-12935,Valentino Silk Tie (OneSize),CIN7_IMPORT,Vintage,Vintage,1,3,customs desc; fibre; manufacturer,,,,1,,1,,1,,,CIN7,,NONE,,NONE,NO,fibre; manufacturer,Used Vintage garment
CONTINUITY,NEW,,,VN-ONLN-10226,Nina Ricci Sunglasses (OneSize),VN-ONLN-10226,Nina Ricci Sunglasses (OneSize),CIN7_IMPORT,Vintage,Vintage,1,3,customs desc; fibre; manufacturer,,,,1,,1,,1,,,CIN7,,NONE,,NONE,NO,fibre; manufacturer,Used Vintage garment
CONTINUITY,NEW,,,VN-ONLN-13126,Women's Grima Top (M),VN-ONLN-13126,Women's Grima Top (M),CIN7_IMPORT,Vintage,Vintage,1,3,customs desc; fibre; manufacturer,,,,1,,1,,1,,,CIN7,,NONE,,NONE,NO,fibre; manufacturer,Used Vintage garment
CONTINUITY,NEW,,,VN-ONLN-12715,Tommy Bahama Silk Shirt (L),VN-ONLN-12715,Tommy Bahama Silk Shirt (L),CIN7_IMPORT,Vintage,Vintage,1,3,customs desc; fibre; manufacturer,,,,1,,1,,1,,,CIN7,,NONE,,NONE,NO,fibre; manufacturer,Used Vintage garment
CONTINUITY,NEW,,,VN-ONLN-13007,Wrangler Western Denim Shirt (XL),VN-ONLN-13007,Wrangler Western Denim Shirt (XL),CIN7_IMPORT,Vintage,Vintage,1,3,customs desc; fibre; manufacturer,,,,1,,1,,1,,,CIN7,,NONE,,NONE,NO,fibre; manufacturer,Used Vintage garment
CONTINUITY,NEW,,,VN-ONLN-10228,Rochas Sunglasses (OneSize),VN-ONLN-10228,Rochas Sunglasses (OneSize),CIN7_IMPORT,Vintage,Vintage,1,3,customs desc; fibre; manufacturer,,,,1,,1,,1,,,CIN7,,NONE,,NONE,NO,fibre; manufacturer,Used Vintage garment
CONTINUITY,NEW,,,VN-ONLN-11010,Chloé Sunglasses (OneSize),VN-ONLN-11010,Chloé Sunglasses (OneSize),CIN7_IMPORT,Vintage,Vintage,1,3,customs desc; fibre; manufacturer,,,,1,,1,,1,,,CIN7,,NONE,,NONE,NO,fibre; manufacturer,Used Vintage garment
CONTINUITY,NEW,,,LIV-Lou-T-BK,Lou Trunk Black,LIV-Lou-T-BK,Lou Trunk Black,CIN7_IMPORT,Livid Men,Livid,2,3,customs desc; fibre; manufacturer,,,,1,,1,,1,,,CIN7,,CIN7,,NONE,NO,manufacturer,Men's Shorts - 100% Cotton
CONTINUITY,NEW,,,VN-ONLN-11758,Eddie Bauer Shirt (L),VN-ONLN-11758,Eddie Bauer Shirt (L),CIN7_IMPORT,Vintage,Vintage,1,3,customs desc; fibre; manufacturer,,,,1,,1,,1,,,CIN7,,NONE,,NONE,NO,fibre; manufacturer,Used Vintage garment
CONTINUITY,NEW,,,VN-ONLN-9954,Y2K Levi's dip dyed denim shirt (XL),VN-ONLN-9954,Y2K Levi's dip dyed denim shirt (XL),CIN7_IMPORT,Vintage,Vintage,1,3,customs desc; fibre; manufacturer,,,,1,,1,,1,,,CIN7,,NONE,,NONE,NO,fibre; manufacturer,Used Vintage garment
CONTINUITY,NEW,,,VN-ONLN-11048,Kappa Shirt (XL),VN-ONLN-11048,Kappa Shirt (XL),CIN7_IMPORT,Vintage,Vintage,1,3,customs desc; fibre; manufacturer,,,,1,,1,,1,,,CIN7,,NONE,,NONE,NO,fibre; manufacturer,Used Vintage garment
CONTINUITY,NEW,,,LIV-KRLN-OLV,Keri Linen Olive,LIV-KRLN-OLV,Keri Linen Olive,CIN7_IMPORT,Livid Unisex,Livid,1,3,customs desc; fibre; manufacturer,,,,1,,1,,1,,,CIN7,,CIN7,,NONE,NO,manufacturer,Men's jeans - 100% cotton
CONTINUITY,NEW,,,VN-ONLN-9619,Wool houndstooth sweater (S),VN-ONLN-9619,Wool houndstooth sweater (S),CIN7_IMPORT,Vintage,Vintage,1,3,customs desc; fibre; manufacturer,,,,1,,1,,1,,,CIN7,,NONE,,NONE,NO,fibre; manufacturer,Used Vintage garment
CONTINUITY,NEW,,,VN-ONLN-12249,Lands' End Knit Sweater (XL),VN-ONLN-12249,Lands' End Knit Sweater (XL),CIN7_IMPORT,Vintage,Vintage,1,3,customs desc; fibre; manufacturer,,,,1,,1,,1,,,CIN7,,NONE,,NONE,NO,fibre; manufacturer,Used Vintage garment
CONTINUITY,NEW,,,VN-ONLN-11082,Wrangler Western Shirt (M),VN-ONLN-11082,Wrangler Western Shirt (M),CIN7_IMPORT,Vintage,Vintage,1,3,customs desc; fibre; manufacturer,,,,1,,1,,1,,,CIN7,,NONE,,NONE,NO,fibre; manufacturer,Used Vintage garment
CONTINUITY,NEW,,,EXT-NV-MRK-ACS,Market accessory,EXT-NV-MRK-ACS,Market accessory,CIN7_IMPORT,Vintage,Vintage,1,3,customs desc; fibre; manufacturer,,,,1,,1,,1,,,CIN7,,NONE,,NONE,NO,fibre; manufacturer,Used clothing - Vintage
CONTINUITY,NEW,,,VN-ONLN-12915,Ralph Lauren Shirt (S),VN-ONLN-12915,Ralph Lauren Shirt (S),CIN7_IMPORT,Vintage,Vintage,1,3,customs desc; fibre; manufacturer,,,,1,,1,,1,,,CIN7,,NONE,,NONE,NO,fibre; manufacturer,Used Vintage garment
CONTINUITY,NEW,,,VN-ONLN-12391,Thick Open Neck Knit Sweater (XL),VN-ONLN-12391,Thick Open Neck Knit Sweater (XL),CIN7_IMPORT,Vintage,Vintage,1,3,customs desc; fibre; manufacturer,,,,1,,1,,1,,,CIN7,,NONE,,NONE,NO,fibre; manufacturer,Used Vintage garment
CONTINUITY,NEW,,,VN-ONLN-11572,90's Plain US Shirt (XL),VN-ONLN-11572,90's Plain US Shirt (XL),CIN7_IMPORT,Vintage,Vintage,1,3,customs desc; fibre; manufacturer,,,,1,,1,,1,,,CIN7,,NONE,,NONE,NO,fibre; manufacturer,Used Vintage garment
CONTINUITY,NEW,,,VN-ONLN-10052,Harley Women's Longsleeve (S),VN-ONLN-10052,Harley Women's Longsleeve (S),CIN7_IMPORT,Vintage,Vintage,1,3,customs desc; fibre; manufacturer,,,,1,,1,,1,,,CIN7,,NONE,,NONE,NO,fibre; manufacturer,Used Vintage garment
CONTINUITY,NEW,,,VN-ONLN-10865,Silk Resort Shirt (XL),VN-ONLN-10865,Silk Resort Shirt (XL),CIN7_IMPORT,Vintage,Vintage,1,3,customs desc; fibre; manufacturer,,,,1,,1,,1,,,CIN7,,NONE,,NONE,NO,fibre; manufacturer,Used Vintage garment
CONTINUITY,NEW,,,VN-ONLN-12036,Diesel Denim Jacket (M),VN-ONLN-12036,Diesel Denim Jacket (M),CIN7_IMPORT,Vintage,Vintage,1,3,customs desc; fibre; manufacturer,,,,1,,1,,1,,,CIN7,,NONE,,NONE,NO,fibre; manufacturer,Used Vintage garment
CONTINUITY,NEW,,,EXT-PNT-w750-BK,Tabitha Cashmere Black,EXT-PNT-w750-BK,Tabitha Cashmere Black,CIN7_IMPORT,Pantherella,Pantherella,1,4,HS code; customs desc; fibre; manufacturer,,,1,1,,1,,1,,CIN7,CIN7,,CIN7,,NONE,NO,manufacturer,Socks - 100% wool
CONTINUITY,NEW,,,VN-ONLN-13064,FUBU Varsity Jersey (2XL),VN-ONLN-13064,FUBU Varsity Jersey (2XL),CIN7_IMPORT,Vintage,Vintage,1,3,customs desc; fibre; manufacturer,,,,1,,1,,1,,,CIN7,,NONE,,NONE,NO,fibre; manufacturer,Used Vintage garment
CONTINUITY,NEW,,,VN-ONLN-12632,Mizuno Worker Jacket (L),VN-ONLN-12632,Mizuno Worker Jacket (L),CIN7_IMPORT,Vintage,Vintage,1,3,customs desc; fibre; manufacturer,,,,1,,1,,1,,,CIN7,,NONE,,NONE,NO,fibre; manufacturer,Used Vintage garment
CONTINUITY,NEW,,,VN-ONLN-13115,Women's Diesel Tunic Dress (XS),VN-ONLN-13115,Women's Diesel Tunic Dress (XS),CIN7_IMPORT,Vintage,Vintage,1,3,customs desc; fibre; manufacturer,,,,1,,1,,1,,,CIN7,,NONE,,NONE,NO,fibre; manufacturer,Used Vintage garment
CONTINUITY,NEW,,,LIV-MIL-CAR-STR,Mila Carma String,LIV-MIL-CAR-STR,Mila Carma String,CIN7_IMPORT,Livid Femme,Livid,5,3,customs desc; fibre; manufacturer,,,,1,,1,,1,,,CIN7,,CIN7,,NONE,NO,manufacturer,Men's Sweater - 100% cotton
CONTINUITY,NEW,,,VN-ONLN-12775,Varsity Denim Jacket (L),VN-ONLN-12775,Varsity Denim Jacket (L),CIN7_IMPORT,Vintage,Vintage,1,3,customs desc; fibre; manufacturer,,,,1,,1,,1,,,CIN7,,NONE,,NONE,NO,fibre; manufacturer,Used Vintage garment
CONTINUITY,NEW,,,VN-ONLN-10327,Tommy Hilfiger windbreaker bomber jacket (M),VN-ONLN-10327,Tommy Hilfiger windbreaker bomber jacket (M),CIN7_IMPORT,Vintage,Vintage,1,3,customs desc; fibre; manufacturer,,,,1,,1,,1,,,CIN7,,NONE,,NONE,NO,fibre; manufacturer,Used Vintage garment
CONTINUITY,NEW,,,VN-ONLN-13377,Ralph Lauren Sport Shirt (M),VN-ONLN-13377,Ralph Lauren Sport Shirt (M),CIN7_IMPORT,Vintage,Vintage,1,3,customs desc; fibre; manufacturer,,,,1,,1,,1,,,CIN7,,NONE,,NONE,NO,fibre; manufacturer,Used Vintage garment
CONTINUITY,NEW,,,VN-ONLN-10517,Hugo Boss Pima Cotton Pique (XL) (XL),VN-ONLN-10517,Hugo Boss Pima Cotton Pique (XL) (XL),CIN7_IMPORT,Vintage,Vintage,1,3,customs desc; fibre; manufacturer,,,,1,,1,,1,,,CIN7,,NONE,,NONE,NO,fibre; manufacturer,Used Vintage garment
CONTINUITY,NEW,,,VN-ONLN-13125,Women's Claudio Anelli Linen Shirt (M),VN-ONLN-13125,Women's Claudio Anelli Linen Shirt (M),CIN7_IMPORT,Vintage,Vintage,1,3,customs desc; fibre; manufacturer,,,,1,,1,,1,,,CIN7,,NONE,,NONE,NO,fibre; manufacturer,Used Vintage garment
CONTINUITY,NEW,,,VN-ONLN-12256,Traditional Cable Knit Sweater (L),VN-ONLN-12256,Traditional Cable Knit Sweater (L),CIN7_IMPORT,Vintage,Vintage,1,3,customs desc; fibre; manufacturer,,,,1,,1,,1,,,CIN7,,NONE,,NONE,NO,fibre; manufacturer,Used Vintage garment
CONTINUITY,NEW,,,VN-ONLN-12272,Jaquard Knit Sweater (L),VN-ONLN-12272,Jaquard Knit Sweater (L),CIN7_IMPORT,Vintage,Vintage,1,3,customs desc; fibre; manufacturer,,,,1,,1,,1,,,CIN7,,NONE,,NONE,NO,fibre; manufacturer,Used Vintage garment
CONTINUITY,NEW,,,VN-ONLN-12977,Carhartt Flannel Shirt (L),VN-ONLN-12977,Carhartt Flannel Shirt (L),CIN7_IMPORT,Vintage,Vintage,1,3,customs desc; fibre; manufacturer,,,,1,,1,,1,,,CIN7,,NONE,,NONE,NO,fibre; manufacturer,Used Vintage garment
CONTINUITY,NEW,,,VN-ONLN-11606,Ralph Lauren Shirt (M),VN-ONLN-11606,Ralph Lauren Shirt (M),CIN7_IMPORT,Vintage,Vintage,1,3,customs desc; fibre; manufacturer,,,,1,,1,,1,,,CIN7,,NONE,,NONE,NO,fibre; manufacturer,Used Vintage garment
CONTINUITY,NEW,,,VN-ONLN-13596,2017 Harley-Davidson Mid-America Tee (L),VN-ONLN-13596,2017 Harley-Davidson Mid-America Tee (L),CIN7_IMPORT,Vintage,Vintage,1,3,customs desc; fibre; manufacturer,,,,1,,1,,1,,,CIN7,,NONE,,NONE,NO,fibre; manufacturer,Used Vintage garment
CONTINUITY,NEW,,,VN-ONLN-11794,Zegna Tie (OneSize),VN-ONLN-11794,Zegna Tie (OneSize),CIN7_IMPORT,Vintage,Vintage,1,3,customs desc; fibre; manufacturer,,,,1,,1,,1,,,CIN7,,NONE,,NONE,NO,fibre; manufacturer,Used Vintage garment
CONTINUITY,NEW,,,LIV-JNE-JP-LGHTSTN,Jone Japan Light Stone,LIV-JNE-JP-LGHTSTN,Jone Japan Light Stone,CIN7_IMPORT,Livid Men,Livid,1,3,customs desc; fibre; manufacturer,,,,1,,1,,1,,,CIN7,,CIN7,,NONE,NO,manufacturer,Men's jeans - 100% cotton
CONTINUITY,NEW,,,EXT-BS-AMS-CRF,Amsterdam Wrapped Suede Carafe,EXT-BS-AMS-CRF,Amsterdam Wrapped Suede Carafe,CIN7_IMPORT,Birkenstock,Birkenstock,9,3,customs desc; fibre; manufacturer,,,,1,,1,,1,,,CIN7,,CIN7,,NONE,NO,manufacturer,Unisex sandals - 100% leather
CONTINUITY,NEW,,,VN-ONLN-9425,80's Adidas The Legendary Inca rollneck (M),VN-ONLN-9425,80's Adidas The Legendary Inca rollneck (M),CIN7_IMPORT,Vintage,Vintage,1,3,customs desc; fibre; manufacturer,,,,1,,1,,1,,,CIN7,,NONE,,NONE,NO,fibre; manufacturer,Used Vintage garment
CONTINUITY,NEW,,,VN-ONLN-11928,Boss by Hugo Boss Polo Shirt (L),VN-ONLN-11928,Boss by Hugo Boss Polo Shirt (L),CIN7_IMPORT,Vintage,Vintage,1,3,customs desc; fibre; manufacturer,,,,1,,1,,1,,,CIN7,,NONE,,NONE,NO,fibre; manufacturer,Used Vintage garment
CONTINUITY,NEW,,,VN-ONLN-10196,80's Chevrolet Sweat (XL),VN-ONLN-10196,80's Chevrolet Sweat (XL),CIN7_IMPORT,Vintage,Vintage,1,3,customs desc; fibre; manufacturer,,,,1,,1,,1,,,CIN7,,NONE,,NONE,NO,fibre; manufacturer,Used Vintage garment
CONTINUITY,NEW,,,VN-ONLN-10736,Tommy Bahama Silk Shirt (L),VN-ONLN-10736,Tommy Bahama Silk Shirt (L),CIN7_IMPORT,Vintage,Vintage,1,3,customs desc; fibre; manufacturer,,,,1,,1,,1,,,CIN7,,NONE,,NONE,NO,fibre; manufacturer,Used Vintage garment
CONTINUITY,NEW,,,STORAGE-KLESPOSER-PLAST,Klesposer Plast,STORAGE-KLESPOSER-PLAST,Klesposer Plast,CIN7_IMPORT,Vintage,Vintage,1,4,price; customs desc; fibre; manufacturer,,1,,1,,1,,1,NONE,,CIN7,,NONE,,NONE,NO,price; fibre; manufacturer,Used clothing - Vintage
CONTINUITY,NEW,,,VN-ONLN-13074,Mercer County Championship Tee (L),VN-ONLN-13074,Mercer County Championship Tee (L),CIN7_IMPORT,Vintage,Vintage,1,3,customs desc; fibre; manufacturer,,,,1,,1,,1,,,CIN7,,NONE,,NONE,NO,fibre; manufacturer,Used Vintage garment
CONTINUITY,NEW,,,VN-ONLN-10925,Diesel Zatiny Bootcut Jeans (W32),VN-ONLN-10925,Diesel Zatiny Bootcut Jeans (W32),CIN7_IMPORT,Vintage,Vintage,1,3,customs desc; fibre; manufacturer,,,,1,,1,,1,,,CIN7,,NONE,,NONE,NO,fibre; manufacturer,Used Vintage garment
CONTINUITY,NEW,,,LIV-ATO-BLK,Atohi Black,LIV-ATO-BLK,Atohi Black,CIN7_IMPORT,Livid Men,Livid,3,3,customs desc; fibre; manufacturer,,,,1,,1,,1,,,CIN7,,CIN7,,NONE,NO,manufacturer,Men's Sweater - 100% cotton
CONTINUITY,NEW,,,LIV-T-JPN-NW-BL,Tia Japan New Blue,LIV-T-JPN-NW-BL,Tia Japan New Blue,CIN7_IMPORT,Livid Femme,Livid,18,3,customs desc; fibre; manufacturer,,,,1,,1,,1,,,CIN7,,CIN7,,NONE,NO,manufacturer,Men's jeans - 100% cotton
CONTINUITY,NEW,,,EXT-RT-DFW-ARG,Double Face Merino Wool ＆ Cotton Army Green,EXT-RT-DFW-ARG,Double Face Merino Wool ＆ Cotton Army Green,CIN7_IMPORT,Rototo,Rototo,1,4,HS code; customs desc; fibre; manufacturer,,,1,1,,1,,1,,CIN7,CIN7,,CIN7,,NONE,NO,manufacturer,Socks - 100% wool
CONTINUITY,NEW,,,VN-ONLN-13428,The Marquette Hotel Tee (XL),VN-ONLN-13428,The Marquette Hotel Tee (XL),CIN7_IMPORT,Vintage,Vintage,1,3,customs desc; fibre; manufacturer,,,,1,,1,,1,,,CIN7,,NONE,,NONE,NO,fibre; manufacturer,Used Vintage garment
CONTINUITY,NEW,,,VN-ONLN-9351,Tommy Jeans Sailing Sweat (L),VN-ONLN-9351,Tommy Jeans Sailing Sweat (L),CIN7_IMPORT,Vintage,Vintage,1,3,customs desc; fibre; manufacturer,,,,1,,1,,1,,,CIN7,,NONE,,NONE,NO,fibre; manufacturer,Used Vintage garment
CONTINUITY,NEW,,,VN-ONLN-11106,Boss by Hugo Boss Shirt (L),VN-ONLN-11106,Boss by Hugo Boss Shirt (L),CIN7_IMPORT,Vintage,Vintage,1,3,customs desc; fibre; manufacturer,,,,1,,1,,1,,,CIN7,,NONE,,NONE,NO,fibre; manufacturer,Used Vintage garment
CONTINUITY,NEW,,,EXT-DM-RCC-BLKSD,ROCCIA VET BLACK SUEDE,EXT-DM-RCC-BLKSD,ROCCIA VET BLACK SUEDE,CIN7_IMPORT,Diemme,Diemme,1,4,HS code; customs desc; fibre; manufacturer,,,1,1,,1,,1,,CIN7,CIN7,,NONE,,NONE,NO,fibre; manufacturer,Men Shoes
CONTINUITY,NEW,,,LIV-DPHN-CRM,Daphne Cream,LIV-DPHN-CRM,Daphne Cream,CIN7_IMPORT,Livid Femme,Livid,3,4,customs desc; fibre; origin; manufacturer,,,,1,,1,1,1,,,CIN7,,CIN7,CIN7,NONE,NO,manufacturer,Men's Sweater - Knitted 100% wiil
CONTINUITY,NEW,,,VN-ONLN-9049,80's California Dept. of Forestry tee (S),VN-ONLN-9049,80's California Dept. of Forestry tee (S),CIN7_IMPORT,Vintage,Vintage,1,3,customs desc; fibre; manufacturer,,,,1,,1,,1,,,CIN7,,NONE,,NONE,NO,fibre; manufacturer,Used Vintage garment
CONTINUITY,NEW,,,VN-ONLN-12423,V-Neck Jaqaurd Knit Sweater (L),VN-ONLN-12423,V-Neck Jaqaurd Knit Sweater (L),CIN7_IMPORT,Vintage,Vintage,1,3,customs desc; fibre; manufacturer,,,,1,,1,,1,,,CIN7,,NONE,,NONE,NO,fibre; manufacturer,Used Vintage garment
CONTINUITY,NEW,,,EXT-VN-FSTTOR,Festival - Tons,EXT-VN-FSTTOR,Festival - Tons,CIN7_IMPORT,Vintage,Vintage,1,4,price; customs desc; fibre; manufacturer,,1,,1,,1,,1,NONE,,CIN7,,NONE,,NONE,NO,price; fibre; manufacturer,Used clothing - Vintage
CONTINUITY,NEW,,,LIV-SLGSV-F-SHRT-SMR,"Salgsskjorte Sommer, dame",LIV-SLGSV-F-SHRT-SMR,"Salgsskjorte Sommer, dame",CIN7_IMPORT,Livid Femme,Livid,1,4,HS code; customs desc; fibre; manufacturer,,,1,1,,1,,1,,NONE,NONE,,NONE,,NONE,NO,HS code; customs desc; fibre; manufacturer,
CONTINUITY,NEW,,,VN-ONLN-11513,Vintage Corduroy Shirt (M),VN-ONLN-11513,Vintage Corduroy Shirt (M),CIN7_IMPORT,Vintage,Vintage,1,3,customs desc; fibre; manufacturer,,,,1,,1,,1,,,CIN7,,NONE,,NONE,NO,fibre; manufacturer,Used Vintage garment
CONTINUITY,NEW,,,STORAGE-JENS,Jens,STORAGE-JENS,Jens,CIN7_IMPORT,LAGER,LAGER,1,6,HS code; customs desc; weight; fibre; origin; manufacturer,,,1,1,1,1,1,1,,NONE,NONE,NONE,NONE,NONE,NONE,NO,HS code; customs desc; weight; fibre; origin; manufacturer,
CONTINUITY,NEW,,,LIV-SLGSV-F-JKT,"Salgsjakker, dame",LIV-SLGSV-F-JKT,"Salgsjakker, dame",CIN7_IMPORT,Livid Femme,Livid,1,4,price; customs desc; fibre; manufacturer,,1,,1,,1,,1,NONE,,CIN7,,CIN7,,NONE,NO,price; manufacturer,Men jacket - 100% cotton
CONTINUITY,NEW,,,VN-ONLN-10540,Tommy Hilfilger denim Skirt (W27),VN-ONLN-10540,Tommy Hilfilger denim Skirt (W27),CIN7_IMPORT,Vintage,Vintage,1,3,customs desc; fibre; manufacturer,,,,1,,1,,1,,,CIN7,,NONE,,NONE,NO,fibre; manufacturer,Used Vintage garment
CONTINUITY,NEW,,,EXT-DM-LC-BLC,Licata Black,EXT-DM-LC-BLC,Licata Black,CIN7_IMPORT,Diemme,Diemme,5,3,customs desc; fibre; manufacturer,,,,1,,1,,1,,,CIN7,,NONE,,NONE,NO,fibre; manufacturer,Men Shoes
CONTINUITY,NEW,,,VN-ONLN-13237,Timberland Cargo Shorts (W36),VN-ONLN-13237,Timberland Cargo Shorts (W36),CIN7_IMPORT,Vintage,Vintage,1,3,customs desc; fibre; manufacturer,,,,1,,1,,1,,,CIN7,,NONE,,NONE,NO,fibre; manufacturer,Used Vintage garment
CONTINUITY,NEW,,,LIV-Henrey-P,Henrey Pure Linen Check,LIV-Henrey-P,Henrey Pure Linen Check,CIN7_IMPORT,Livid Men,Livid,6,3,customs desc; fibre; manufacturer,,,,1,,1,,1,,,CIN7,,CIN7,,NONE,NO,manufacturer,Men's Shirt - 100% cotton
CONTINUITY,NEW,,,VN-ONLN-13338,90's Burberry Shirt (L),VN-ONLN-13338,90's Burberry Shirt (L),CIN7_IMPORT,Vintage,Vintage,1,3,customs desc; fibre; manufacturer,,,,1,,1,,1,,,CIN7,,NONE,,NONE,NO,fibre; manufacturer,Used Vintage garment
CONTINUITY,NEW,,,VN-ONLN-12889,Buttonup Knit Cardigan (L),VN-ONLN-12889,Buttonup Knit Cardigan (L),CIN7_IMPORT,Vintage,Vintage,1,3,customs desc; fibre; manufacturer,,,,1,,1,,1,,,CIN7,,NONE,,NONE,NO,fibre; manufacturer,Used Vintage garment
CONTINUITY,NEW,,,VN-ONLN-10578,90's Disney Plus Striped Dungaree (46),VN-ONLN-10578,90's Disney Plus Striped Dungaree (46),CIN7_IMPORT,Vintage,Vintage,1,3,customs desc; fibre; manufacturer,,,,1,,1,,1,,,CIN7,,NONE,,NONE,NO,fibre; manufacturer,Used Vintage garment
CONTINUITY,NEW,,,EXT-NV-MRK-BG,Market bag,EXT-NV-MRK-BG,Market bag,CIN7_IMPORT,Vintage,Vintage,1,3,customs desc; fibre; manufacturer,,,,1,,1,,1,,,CIN7,,NONE,,NONE,NO,fibre; manufacturer,Used clothing - Vintage
CONTINUITY,NEW,,,LIV-SMPLS-H-SHRT,"Sample skjorter, herre",LIV-SMPLS-H-SHRT,"Sample skjorter, herre",CIN7_IMPORT,Livid Men,Livid,1,4,HS code; customs desc; fibre; manufacturer,,,1,1,,1,,1,,NONE,NONE,,NONE,,NONE,NO,HS code; customs desc; fibre; manufacturer,
CONTINUITY,NEW,,,VN-ONLN-13239,Napapjiri Cargo Shorts (W33),VN-ONLN-13239,Napapjiri Cargo Shorts (W33),CIN7_IMPORT,Vintage,Vintage,1,3,customs desc; fibre; manufacturer,,,,1,,1,,1,,,CIN7,,NONE,,NONE,NO,fibre; manufacturer,Used Vintage garment
CONTINUITY,NEW,,,VN-ONLN-10492,Fila Pique (XS) (XS),VN-ONLN-10492,Fila Pique (XS) (XS),CIN7_IMPORT,Vintage,Vintage,1,3,customs desc; fibre; manufacturer,,,,1,,1,,1,,,CIN7,,NONE,,NONE,NO,fibre; manufacturer,Used Vintage garment
CONTINUITY,NEW,,,LIV-TIKI-BLU-POP,Tiki Blue Pop,LIV-TIKI-BLU-POP,Tiki Blue Pop,CIN7_IMPORT,Livid Femme,Livid,3,4,customs desc; fibre; origin; manufacturer,,,,1,,1,1,1,,,CIN7,,CIN7,CIN7,NONE,NO,manufacturer,Men's Shirt - 100% cotton
CONTINUITY,NEW,,,EXT-VN-SLCTDR,Selected dress,EXT-VN-SLCTDR,Selected dress,CIN7_IMPORT,Vintage,Vintage,1,3,customs desc; fibre; manufacturer,,,,1,,1,,1,,,CIN7,,NONE,,NONE,NO,fibre; manufacturer,Used clothing - Vintage
CONTINUITY,NEW,,,EXT-CMP-DNN-OAT,Donna Oat,EXT-CMP-DNN-OAT,Donna Oat,CIN7_IMPORT,Camper,Camper,1,3,customs desc; fibre; manufacturer,,,,1,,1,,1,,,CIN7,,NONE,,NONE,NO,fibre; manufacturer,Men Shoes
CONTINUITY,NEW,,,EXT-VN-FSTVL,Festival mix,EXT-VN-FSTVL,Festival mix,CIN7_IMPORT,Vintage,Vintage,1,3,customs desc; fibre; manufacturer,,,,1,,1,,1,,,CIN7,,NONE,,NONE,NO,fibre; manufacturer,Used clothing - Vintage
CONTINUITY,NEW,,,VN-ONLN-12913,Ralph Lauren Shirt (M),VN-ONLN-12913,Ralph Lauren Shirt (M),CIN7_IMPORT,Vintage,Vintage,1,3,customs desc; fibre; manufacturer,,,,1,,1,,1,,,CIN7,,NONE,,NONE,NO,fibre; manufacturer,Used Vintage garment
CONTINUITY,NEW,,1,LIV-KAV-WHT,Kavon White,LIV-KAV-WHT,Kavon White,CIN7_IMPORT,Livid Men,Livid,6,4,customs desc; fibre; origin; manufacturer,,,,1,,1,1,1,,,CIN7,,CIN7,CIN7,NONE,NO,manufacturer,Men's Sweater - 100% cotton
CONTINUITY,NEW,,,EXT-RTTO-HMP-ORGNC-CTTN-STRP-WHT-SND,Hemp Organic Cotton Stripe White Sand,EXT-RTTO-HMP-ORGNC-CTTN-STRP-WHT-SND,Hemp Organic Cotton Stripe White Sand,CIN7_IMPORT,Rototo,Rototo,2,3,customs desc; fibre; manufacturer,,,,1,,1,,1,,,CIN7,,CIN7,,NONE,NO,manufacturer,Socks - 100% wool
CONTINUITY,NEW,,,LIV-EBL-BLCK,Ebela Black,LIV-EBL-BLCK,Ebela Black,CIN7_IMPORT,Livid Femme,Livid,1,3,customs desc; fibre; manufacturer,,,,1,,1,,1,,,CIN7,,CIN7,,NONE,NO,manufacturer,Men's Sweater - Knitted 100% wiil
CONTINUITY,NEW,,,EXT-PR-AVRFM-LSNR,Avoriaz Femme Lisse Noir,EXT-PR-AVRFM-LSNR,Avoriaz Femme Lisse Noir,CIN7_IMPORT,Paraboot,Paraboot,1,4,HS code; customs desc; fibre; manufacturer,,,1,1,,1,,1,,CIN7,CIN7,,NONE,,NONE,NO,fibre; manufacturer,Men Shoes
CONTINUITY,NEW,,,LIV-JAY-GRN-TWL,Jaylin Green Twill,LIV-JAY-GRN-TWL,Jaylin Green Twill,CIN7_IMPORT,Livid Men,Livid,4,4,customs desc; fibre; origin; manufacturer,,,,1,,1,1,1,,,CIN7,,CIN7,CIN7,NONE,NO,manufacturer,Men jacket - 100% cotton
CONTINUITY,NEW,,,EXT-PF-29,Pinon Reed Diffuser,EXT-PF-29,Pinon Reed Diffuser,CIN7_IMPORT,P.F. Candle,P.F. Candles,1,4,HS code; customs desc; fibre; manufacturer,,,1,1,,1,,1,,CIN7,CIN7,,NONE,,NONE,NO,fibre; manufacturer,Scent candles
CONTINUITY,NEW,,,LIV-NICHLS-BK,Nichols Black Tech,LIV-NICHLS-BK,Nichols Black Tech,CIN7_IMPORT,Livid Men,Livid,1,3,customs desc; fibre; manufacturer,,,,1,,1,,1,,,CIN7,,CIN7,,NONE,NO,manufacturer,Men jacket - 100% cotton
CONTINUITY,NEW,,,VN-ONLN-10917,Diesel Denim Skirt (W34),VN-ONLN-10917,Diesel Denim Skirt (W34),CIN7_IMPORT,Vintage,Vintage,1,3,customs desc; fibre; manufacturer,,,,1,,1,,1,,,CIN7,,NONE,,NONE,NO,fibre; manufacturer,Used Vintage garment
CONTINUITY,NEW,,,VN-COSKT,Cord Skirt,VN-COSKT,Cord Skirt,CIN7_IMPORT,Vintage,Vintage,1,4,HS code; customs desc; fibre; manufacturer,,,1,1,,1,,1,,CIN7,CIN7,,NONE,,NONE,NO,fibre; manufacturer,Used clothing - Vintage
CONTINUITY,NEW,,,LIV-DPHN-BLCK,Daphne Black,LIV-DPHN-BLCK,Daphne Black,CIN7_IMPORT,Livid Femme,Livid,1,4,customs desc; fibre; origin; manufacturer,,,,1,,1,1,1,,,CIN7,,CIN7,CIN7,NONE,NO,manufacturer,Men's Sweater - Knitted 100% wiil
CONTINUITY,NEW,,,VN-ONLN-13517,1999 Peace Works Inc Tee (M),VN-ONLN-13517,1999 Peace Works Inc Tee (M),CIN7_IMPORT,Vintage,Vintage,1,3,customs desc; fibre; manufacturer,,,,1,,1,,1,,,CIN7,,NONE,,NONE,NO,fibre; manufacturer,Used Vintage garment
CONTINUITY,NEW,,,LIV-PLTH-YW,Plath Yellow Mohair Mix,LIV-PLTH-YW,Plath Yellow Mohair Mix,CIN7_IMPORT,Livid Unisex,Livid,1,3,customs desc; fibre; manufacturer,,,,1,,1,,1,,,CIN7,,CIN7,,NONE,NO,manufacturer,Cap men - 100% Cotton
CONTINUITY,NEW,,,VN-ONLN-13599,Kappa Logo Tee (M),VN-ONLN-13599,Kappa Logo Tee (M),CIN7_IMPORT,Vintage,Vintage,1,3,customs desc; fibre; manufacturer,,,,1,,1,,1,,,CIN7,,NONE,,NONE,NO,fibre; manufacturer,Used Vintage garment
CONTINUITY,NEW,,,VN-ONLN-12308,Fila Crewneck Sweatshirt (M),VN-ONLN-12308,Fila Crewneck Sweatshirt (M),CIN7_IMPORT,Vintage,Vintage,1,3,customs desc; fibre; manufacturer,,,,1,,1,,1,,,CIN7,,NONE,,NONE,NO,fibre; manufacturer,Used Vintage garment
CONTINUITY,NEW,,,LIV-ALSS-BLCK,Alesis Black,LIV-ALSS-BLCK,Alesis Black,CIN7_IMPORT,Livid Men,Livid,4,3,customs desc; fibre; manufacturer,,,,1,,1,,1,,,CIN7,,CIN7,,NONE,NO,manufacturer,Men jacket - 100% cotton
CONTINUITY,NEW,,,VN-ONLN-12496,Tommy Hilfiger Shirt (L),VN-ONLN-12496,Tommy Hilfiger Shirt (L),CIN7_IMPORT,Vintage,Vintage,1,3,customs desc; fibre; manufacturer,,,,1,,1,,1,,,CIN7,,NONE,,NONE,NO,fibre; manufacturer,Used Vintage garment
CONTINUITY,NEW,,,EXT-RTTO-RCTS-ECBL,Recycled Cotton Stripe Ecru/Blue,EXT-RTTO-RCTS-ECBL,Recycled Cotton Stripe Ecru/Blue,CIN7_IMPORT,Rototo,Rototo,2,3,customs desc; fibre; manufacturer,,,,1,,1,,1,,,CIN7,,CIN7,,NONE,NO,manufacturer,Socks - 100% wool
CONTINUITY,NEW,,,VN-ONLN-12962,Looney Tunes Cast Denim Shirt (L),VN-ONLN-12962,Looney Tunes Cast Denim Shirt (L),CIN7_IMPORT,Vintage,Vintage,1,3,customs desc; fibre; manufacturer,,,,1,,1,,1,,,CIN7,,NONE,,NONE,NO,fibre; manufacturer,Used Vintage garment
CONTINUITY,NEW,,,VN-ONLN-12275,Jaquard Wool Knit Sweater (L),VN-ONLN-12275,Jaquard Wool Knit Sweater (L),CIN7_IMPORT,Vintage,Vintage,1,3,customs desc; fibre; manufacturer,,,,1,,1,,1,,,CIN7,,NONE,,NONE,NO,fibre; manufacturer,Used Vintage garment
CONTINUITY,NEW,,,VN-ONLN-10481,Print Tee (L) (L),VN-ONLN-10481,Print Tee (L) (L),CIN7_IMPORT,Vintage,Vintage,1,3,customs desc; fibre; manufacturer,,,,1,,1,,1,,,CIN7,,NONE,,NONE,NO,fibre; manufacturer,Used Vintage garment
CONTINUITY,NEW,,,VN-ONLN-12705,Silk Resort Shirt (XL),VN-ONLN-12705,Silk Resort Shirt (XL),CIN7_IMPORT,Vintage,Vintage,1,3,customs desc; fibre; manufacturer,,,,1,,1,,1,,,CIN7,,NONE,,NONE,NO,fibre; manufacturer,Used Vintage garment
CONTINUITY,NEW,,,VN-ONLN-12740,Ralph Lauren Shirt (S),VN-ONLN-12740,Ralph Lauren Shirt (S),CIN7_IMPORT,Vintage,Vintage,1,3,customs desc; fibre; manufacturer,,,,1,,1,,1,,,CIN7,,NONE,,NONE,NO,fibre; manufacturer,Used Vintage garment
CONTINUITY,NEW,,,LIV-NEIL-2PK-WH,Neil Trunk 2-pack White,LIV-NEIL-2PK-WH,Neil Trunk 2-pack White,CIN7_IMPORT,Livid Men,Livid,1,3,customs desc; fibre; manufacturer,,,,1,,1,,1,,,CIN7,,NONE,,NONE,NO,fibre; manufacturer,500
CONTINUITY,NEW,,,VN-ONLN-13248,Silk Resort Shirt (2XL),VN-ONLN-13248,Silk Resort Shirt (2XL),CIN7_IMPORT,Vintage,Vintage,1,3,customs desc; fibre; manufacturer,,,,1,,1,,1,,,CIN7,,NONE,,NONE,NO,fibre; manufacturer,Used Vintage garment
CONTINUITY,NEW,,,VIN-JK-BMBR,Bomber jacket,VIN-JK-BMBR,Bomber jacket,CIN7_IMPORT,Vintage,Vintage,1,4,HS code; customs desc; fibre; manufacturer,,,1,1,,1,,1,,CIN7,CIN7,,NONE,,NONE,NO,fibre; manufacturer,Used clothing - Vintage
CONTINUITY,NEW,,,VN-ONLN-12070,Brooks Brothers Regent Shirt (L),VN-ONLN-12070,Brooks Brothers Regent Shirt (L),CIN7_IMPORT,Vintage,Vintage,1,3,customs desc; fibre; manufacturer,,,,1,,1,,1,,,CIN7,,NONE,,NONE,NO,fibre; manufacturer,Used Vintage garment
CONTINUITY,NEW,,,LIV-FM-EVERL-BKFLW,Everly Black Flower,LIV-FM-EVERL-BKFLW,Everly Black Flower,CIN7_IMPORT,Livid Femme,Livid,4,3,customs desc; fibre; manufacturer,,,,1,,1,,1,,,CIN7,,NONE,,NONE,NO,fibre; manufacturer,500
CONTINUITY,NEW,,,VN-ONLN-12382,Traditional Wool Cable Knit Cardigan (XL),VN-ONLN-12382,Traditional Wool Cable Knit Cardigan (XL),CIN7_IMPORT,Vintage,Vintage,1,3,customs desc; fibre; manufacturer,,,,1,,1,,1,,,CIN7,,NONE,,NONE,NO,fibre; manufacturer,Used Vintage garment
CONTINUITY,NEW,,,VN-ONLN-12647,Reebok Mockneck Sweater (M),VN-ONLN-12647,Reebok Mockneck Sweater (M),CIN7_IMPORT,Vintage,Vintage,1,3,customs desc; fibre; manufacturer,,,,1,,1,,1,,,CIN7,,NONE,,NONE,NO,fibre; manufacturer,Used Vintage garment
CONTINUITY,NEW,,,LIV-IWA-JP-BLKCMF,Iwa Japan Black Comfort,LIV-IWA-JP-BLKCMF,Iwa Japan Black Comfort,CIN7_IMPORT,Livid Femme,Livid,9,3,customs desc; fibre; manufacturer,,,,1,,1,,1,,,CIN7,,CIN7,,NONE,NO,manufacturer,Men's jeans - 100% cotton
CONTINUITY,NEW,,,EXT-PNT-5796-n-L,Laburnum Navy,EXT-PNT-5796-n-L,Laburnum Navy,CIN7_IMPORT,Pantherella,Pantherella,1,4,HS code; customs desc; fibre; manufacturer,,,1,1,,1,,1,,CIN7,CIN7,,CIN7,,NONE,NO,manufacturer,Socks - 100% wool
CONTINUITY,NEW,,,LIV-SMPLS-F-JKW,"Sample jakke vinter, dame",LIV-SMPLS-F-JKW,"Sample jakke vinter, dame",CIN7_IMPORT,Livid Femme,Livid,1,5,price; HS code; customs desc; fibre; manufacturer,,1,1,1,,1,,1,NONE,NONE,NONE,,NONE,,NONE,NO,price; HS code; customs desc; fibre; manufacturer,
CONTINUITY,NEW,,,VN-ONLN-11295,Polo by Ralph Lauren Blaire Shirt (M),VN-ONLN-11295,Polo by Ralph Lauren Blaire Shirt (M),CIN7_IMPORT,Vintage,Vintage,1,3,customs desc; fibre; manufacturer,,,,1,,1,,1,,,CIN7,,NONE,,NONE,NO,fibre; manufacturer,Used Vintage garment
CONTINUITY,NEW,,,VN-ONLN-13539,Nike Clemson Tigers Football Quarter Zip Knit (M),VN-ONLN-13539,Nike Clemson Tigers Football Quarter Zip Knit (M),CIN7_IMPORT,Vintage,Vintage,1,3,customs desc; fibre; manufacturer,,,,1,,1,,1,,,CIN7,,NONE,,NONE,NO,fibre; manufacturer,Used Vintage garment
CONTINUITY,NEW,,,VN-ONLN-10373,1996 Packers sweat (XS),VN-ONLN-10373,1996 Packers sweat (XS),CIN7_IMPORT,Vintage,Vintage,1,3,customs desc; fibre; manufacturer,,,,1,,1,,1,,,CIN7,,NONE,,NONE,NO,fibre; manufacturer,Used Vintage garment
CONTINUITY,NEW,,,VN-ONLN-11132,Silk Resort Shirt (M),VN-ONLN-11132,Silk Resort Shirt (M),CIN7_IMPORT,Vintage,Vintage,1,3,customs desc; fibre; manufacturer,,,,1,,1,,1,,,CIN7,,NONE,,NONE,NO,fibre; manufacturer,Used Vintage garment
CONTINUITY,NEW,,,EXT-DM-GRPHK-ECRSD,GRAPPA HIKER ECRU SUEDE,EXT-DM-GRPHK-ECRSD,GRAPPA HIKER ECRU SUEDE,CIN7_IMPORT,Diemme,Diemme,2,3,customs desc; fibre; manufacturer,,,,1,,1,,1,,,CIN7,,NONE,,NONE,NO,fibre; manufacturer,Men Shoes
CONTINUITY,NEW,,,EXT-PF-26,Copal 7.2 Oz Candle,EXT-PF-26,Copal 7.2 Oz Candle,CIN7_IMPORT,P.F. Candle,P.F. Candles,1,4,HS code; customs desc; fibre; manufacturer,,,1,1,,1,,1,,CIN7,CIN7,,NONE,,NONE,NO,fibre; manufacturer,Scent candles
CONTINUITY,NEW,,,STORAGE-STYLING-SKO,Styling Sko,STORAGE-STYLING-SKO,Styling Sko,CIN7_IMPORT,LAGER,LAGER,1,6,HS code; customs desc; weight; fibre; origin; manufacturer,,,1,1,1,1,1,1,,NONE,NONE,NONE,NONE,NONE,NONE,NO,HS code; customs desc; weight; fibre; origin; manufacturer,
CONTINUITY,NEW,,,LIV-SLGSV-H-STRKW,"Salgsstrikk vinter, herre",LIV-SLGSV-H-STRKW,"Salgsstrikk vinter, herre",CIN7_IMPORT,Livid Men,Livid,1,3,customs desc; fibre; manufacturer,,,,1,,1,,1,,,CIN7,,CIN7,,NONE,NO,manufacturer,Men's Sweater - Knitted 100% wiil
CONTINUITY,NEW,,,LIV-LRK-BLCK,Lerke Black,LIV-LRK-BLCK,Lerke Black,CIN7_IMPORT,Livid Unisex,Livid,1,3,customs desc; fibre; manufacturer,,,,1,,1,,1,,,CIN7,,CIN7,,NONE,NO,manufacturer,Scarf - 100% Wool
CONTINUITY,NEW,,,VN-ONLN-13602,1983 Washington Redskins Super Bowls Champions Tee (M),VN-ONLN-13602,1983 Washington Redskins Super Bowls Champions Tee (M),CIN7_IMPORT,Vintage,Vintage,1,3,customs desc; fibre; manufacturer,,,,1,,1,,1,,,CIN7,,NONE,,NONE,NO,fibre; manufacturer,Used Vintage garment
CONTINUITY,NEW,,,VN-ONLN-12694,Jamaica Jaxx Silk Shirt (M),VN-ONLN-12694,Jamaica Jaxx Silk Shirt (M),CIN7_IMPORT,Vintage,Vintage,1,3,customs desc; fibre; manufacturer,,,,1,,1,,1,,,CIN7,,NONE,,NONE,NO,fibre; manufacturer,Used Vintage garment
CONTINUITY,NEW,,,VN-ONLN-11065,Max&Co Shirt (M),VN-ONLN-11065,Max&Co Shirt (M),CIN7_IMPORT,Vintage,Vintage,1,3,customs desc; fibre; manufacturer,,,,1,,1,,1,,,CIN7,,NONE,,NONE,NO,fibre; manufacturer,Used Vintage garment
CONTINUITY,NEW,,,VN-ONLN-10802,Moschino Teen Tee (S),VN-ONLN-10802,Moschino Teen Tee (S),CIN7_IMPORT,Vintage,Vintage,1,3,customs desc; fibre; manufacturer,,,,1,,1,,1,,,CIN7,,NONE,,NONE,NO,fibre; manufacturer,Used Vintage garment
CONTINUITY,NEW,,,VN-ONLN-9653,Woolrich chamois shirt (L),VN-ONLN-9653,Woolrich chamois shirt (L),CIN7_IMPORT,Vintage,Vintage,1,3,customs desc; fibre; manufacturer,,,,1,,1,,1,,,CIN7,,NONE,,NONE,NO,fibre; manufacturer,Used Vintage garment
CONTINUITY,NEW,,,VN-ONLN-11123,Silk Resort Shirt (M),VN-ONLN-11123,Silk Resort Shirt (M),CIN7_IMPORT,Vintage,Vintage,1,3,customs desc; fibre; manufacturer,,,,1,,1,,1,,,CIN7,,NONE,,NONE,NO,fibre; manufacturer,Used Vintage garment
CONTINUITY,NEW,,,VN-ONLN-9830,Harley Tee (XL),VN-ONLN-9830,Harley Tee (XL),CIN7_IMPORT,Vintage,Vintage,1,3,customs desc; fibre; manufacturer,,,,1,,1,,1,,,CIN7,,NONE,,NONE,NO,fibre; manufacturer,Used Vintage garment
CONTINUITY,NEW,,,LIV-KR-BSCT-JPN-SHDW/GRVL,Keri Bisect Japan Shadow/Gravel,LIV-KR-BSCT-JPN-SHDW/GRVL,Keri Bisect Japan Shadow/Gravel,CIN7_IMPORT,Livid Unisex,Livid,1,3,customs desc; fibre; manufacturer,,,,1,,1,,1,,,CIN7,,CIN7,,NONE,NO,manufacturer,Men's jeans - 100% cotton
CONTINUITY,NEW,,,VN-ONLN-10949,Jamaica Jaxx Silk Shirt (2XL),VN-ONLN-10949,Jamaica Jaxx Silk Shirt (2XL),CIN7_IMPORT,Vintage,Vintage,1,3,customs desc; fibre; manufacturer,,,,1,,1,,1,,,CIN7,,NONE,,NONE,NO,fibre; manufacturer,Used Vintage garment
CONTINUITY,NEW,,,LIV-JNE-SHRTS-NVY,"Jone Shorts Navy, 3030",LIV-JNE-SHRTS-NVY,"Jone Shorts Navy, 3030",CIN7_IMPORT,Livid Men,Livid,2,3,customs desc; fibre; manufacturer,,,,1,,1,,1,,,CIN7,,CIN7,,NONE,NO,manufacturer,Men's Shorts - 100% Cotton
CONTINUITY,NEW,,,LIV-IMP-AV,Imperfect Ava,LIV-IMP-AV,Imperfect Ava,CIN7_IMPORT,Livid Men,Livid,1,4,price; customs desc; fibre; manufacturer,,1,,1,,1,,1,NONE,,CIN7,,CIN7,,NONE,NO,price; manufacturer,Men's jeans - 100% cotton
CONTINUITY,NEW,,,VN-ONLN-13180,Women's Champion Tennis Dress (M),VN-ONLN-13180,Women's Champion Tennis Dress (M),CIN7_IMPORT,Vintage,Vintage,1,3,customs desc; fibre; manufacturer,,,,1,,1,,1,,,CIN7,,NONE,,NONE,NO,fibre; manufacturer,Used Vintage garment
CONTINUITY,NEW,,,VN-ONLN-9115,Carhartt Carpenters (w29),VN-ONLN-9115,Carhartt Carpenters (w29),CIN7_IMPORT,Vintage,Vintage,1,3,customs desc; fibre; manufacturer,,,,1,,1,,1,,,CIN7,,NONE,,NONE,NO,fibre; manufacturer,Used Vintage garment
CONTINUITY,NEW,,,VN-ONLN-10850,Silk Resort Shirt (M),VN-ONLN-10850,Silk Resort Shirt (M),CIN7_IMPORT,Vintage,Vintage,1,3,customs desc; fibre; manufacturer,,,,1,,1,,1,,,CIN7,,NONE,,NONE,NO,fibre; manufacturer,Used Vintage garment
CONTINUITY,NEW,,,VN-ONLN-11225,Silk Resort Shirt (L),VN-ONLN-11225,Silk Resort Shirt (L),CIN7_IMPORT,Vintage,Vintage,1,3,customs desc; fibre; manufacturer,,,,1,,1,,1,,,CIN7,,NONE,,NONE,NO,fibre; manufacturer,Used Vintage garment
CONTINUITY,NEW,,,LIV-NEL-CAR-STR,Nelson Carma String,LIV-NEL-CAR-STR,Nelson Carma String,CIN7_IMPORT,Livid Men,Livid,5,4,customs desc; fibre; origin; manufacturer,,,,1,,1,1,1,,,CIN7,,CIN7,CIN7,NONE,NO,manufacturer,Men's T-Shirt - 100% Cotton
CONTINUITY,NEW,,,EXT-KNT-TT500ml,Travel Tumbler 500ml Black,EXT-KNT-TT500ml,Travel Tumbler 500ml Black,CIN7_IMPORT,Kinto,Kinto,1,5,HS code; customs desc; fibre; origin; manufacturer,,,1,1,,1,1,1,,NONE,CIN7,,NONE,NONE,NONE,NO,HS code; fibre; origin; manufacturer,
CONTINUITY,NEW,,,STORAGE-KOWA-SWATCHES,Kowa Swatches,STORAGE-KOWA-SWATCHES,Kowa Swatches,CIN7_IMPORT,LAGER,LAGER,1,6,HS code; customs desc; weight; fibre; origin; manufacturer,,,1,1,1,1,1,1,,NONE,NONE,NONE,NONE,NONE,NONE,NO,HS code; customs desc; weight; fibre; origin; manufacturer,
CONTINUITY,NEW,,,STORAGE-CHRISTOPHER-VASKE,Lappestoff / Kast,STORAGE-CHRISTOPHER-VASKE,Lappestoff / Kast,CIN7_IMPORT,Storage,Storage,1,5,HS code; customs desc; fibre; origin; manufacturer,,,1,1,,1,1,1,,NONE,CIN7,,NONE,NONE,NONE,NO,HS code; fibre; origin; manufacturer,Lager
CONTINUITY,NEW,,,OLD-LIV-AVA-JP-INGCMF,1st ed - Ava Japan Indigo Comfort,OLD-LIV-AVA-JP-INGCMF,1st ed - Ava Japan Indigo Comfort,CIN7_IMPORT,Livid Femme,Livid,1,3,customs desc; fibre; manufacturer,,,,1,,1,,1,,,CIN7,,CIN7,,NONE,NO,manufacturer,Men's jeans - 100% cotton
CONTINUITY,NEW,,,VN-ONLN-12257,Traditional Cable Knit Cardigan (S),VN-ONLN-12257,Traditional Cable Knit Cardigan (S),CIN7_IMPORT,Vintage,Vintage,1,3,customs desc; fibre; manufacturer,,,,1,,1,,1,,,CIN7,,NONE,,NONE,NO,fibre; manufacturer,Used Vintage garment
CONTINUITY,NEW,,,VN-ONLN-13386,Nautica Rugby Shirt (XL),VN-ONLN-13386,Nautica Rugby Shirt (XL),CIN7_IMPORT,Vintage,Vintage,1,3,customs desc; fibre; manufacturer,,,,1,,1,,1,,,CIN7,,NONE,,NONE,NO,fibre; manufacturer,Used Vintage garment
CONTINUITY,NEW,,,VN-ONLN-9101,Carhartt Doubleknee carpenters (w35),VN-ONLN-9101,Carhartt Doubleknee carpenters (w35),CIN7_IMPORT,Vintage,Vintage,1,3,customs desc; fibre; manufacturer,,,,1,,1,,1,,,CIN7,,NONE,,NONE,NO,fibre; manufacturer,Used Vintage garment
CONTINUITY,NEW,,,STORAGE-KLESHENGER-EIK,Kleshenger Eik,STORAGE-KLESHENGER-EIK,Kleshenger Eik,CIN7_IMPORT,Storage,Storage,1,5,price; customs desc; fibre; origin; manufacturer,,1,,1,,1,1,1,NONE,,CIN7,,NONE,NONE,NONE,NO,price; fibre; origin; manufacturer,Lager
CONTINUITY,NEW,,,STORAGE-STRIKK-SWATCHES,Strikk Swatches,STORAGE-STRIKK-SWATCHES,Strikk Swatches,CIN7_IMPORT,LAGER,LAGER,1,6,HS code; customs desc; weight; fibre; origin; manufacturer,,,1,1,1,1,1,1,,NONE,NONE,NONE,NONE,NONE,NONE,NO,HS code; customs desc; weight; fibre; origin; manufacturer,
CONTINUITY,NEW,,,STORAGE-LISAMA-DEFECTS,Lisama Defects,STORAGE-LISAMA-DEFECTS,Lisama Defects,CIN7_IMPORT,LAGER,LAGER,1,6,HS code; customs desc; weight; fibre; origin; manufacturer,,,1,1,1,1,1,1,,NONE,NONE,NONE,NONE,NONE,NONE,NO,HS code; customs desc; weight; fibre; origin; manufacturer,
CONTINUITY,NEW,,,LIV-BDN-WHT-RB,Boden White Rib,LIV-BDN-WHT-RB,Boden White Rib,CIN7_IMPORT,Livid Men,Livid,2,3,customs desc; fibre; manufacturer,,,,1,,1,,1,,,CIN7,,CIN7,,NONE,NO,manufacturer,Men's Sweater - 100% cotton
CONTINUITY,NEW,,,LIV-BWSR-BLCK,Bowser Black,LIV-BWSR-BLCK,Bowser Black,CIN7_IMPORT,Livid Femme,Livid,3,3,customs desc; fibre; manufacturer,,,,1,,1,,1,,,CIN7,,CIN7,,NONE,NO,manufacturer,Women's Skirt - 100% Cotton
CONTINUITY,NEW,,,VN-ONLN-13450,Carhartt Heavyweight Worker Shirt (XL),VN-ONLN-13450,Carhartt Heavyweight Worker Shirt (XL),CIN7_IMPORT,Vintage,Vintage,1,3,customs desc; fibre; manufacturer,,,,1,,1,,1,,,CIN7,,NONE,,NONE,NO,fibre; manufacturer,Used Vintage garment
CONTINUITY,NEW,,,VN-ONLN-13279,Universal Studios Terminator 2 Tee (XL),VN-ONLN-13279,Universal Studios Terminator 2 Tee (XL),CIN7_IMPORT,Vintage,Vintage,1,3,customs desc; fibre; manufacturer,,,,1,,1,,1,,,CIN7,,NONE,,NONE,NO,fibre; manufacturer,Used Vintage garment
CONTINUITY,NEW,,,LIV-PNN-JP-BL,Penn Japan New Blue,LIV-PNN-JP-BL,Penn Japan New Blue,CIN7_IMPORT,Livid Femme,Livid,4,3,customs desc; fibre; manufacturer,,,,1,,1,,1,,,CIN7,,CIN7,,NONE,NO,manufacturer,Men Vest - 100% Cotton
CONTINUITY,NEW,,,VN-ONLN-12571,Cotton Knit Sweater (L),VN-ONLN-12571,Cotton Knit Sweater (L),CIN7_IMPORT,Vintage,Vintage,1,3,customs desc; fibre; manufacturer,,,,1,,1,,1,,,CIN7,,NONE,,NONE,NO,fibre; manufacturer,Used Vintage garment
CONTINUITY,NEW,,,VN-ONLN-11259,Silk Resort Shirt (L),VN-ONLN-11259,Silk Resort Shirt (L),CIN7_IMPORT,Vintage,Vintage,1,3,customs desc; fibre; manufacturer,,,,1,,1,,1,,,CIN7,,NONE,,NONE,NO,fibre; manufacturer,Used Vintage garment
CONTINUITY,NEW,,,VN-ONLN-9665,L.L. Bean Chamois Hoody (M),VN-ONLN-9665,L.L. Bean Chamois Hoody (M),CIN7_IMPORT,Vintage,Vintage,1,3,customs desc; fibre; manufacturer,,,,1,,1,,1,,,CIN7,,NONE,,NONE,NO,fibre; manufacturer,Used Vintage garment
CONTINUITY,NEW,,,STORAGE-UTSTILLINGSDUKKE-ARMER,Utstillingsdukke - Armer,STORAGE-UTSTILLINGSDUKKE-ARMER,Utstillingsdukke - Armer,CIN7_IMPORT,LAGER,LAGER,1,6,HS code; customs desc; weight; fibre; origin; manufacturer,,,1,1,1,1,1,1,,NONE,NONE,NONE,NONE,NONE,NONE,NO,HS code; customs desc; weight; fibre; origin; manufacturer,
CONTINUITY,NEW,,,EXT-VN-SLK,Silk Print Shirt,EXT-VN-SLK,Silk Print Shirt,CIN7_IMPORT,Vintage,Vintage,1,5,HS code; customs desc; fibre; origin; manufacturer,,,1,1,,1,1,1,,CIN7,CIN7,,CIN7,NONE,NONE,NO,origin; manufacturer,Men's Shirt - 100% cotton
CONTINUITY,NEW,,,EXT-VN-AQSCT,Aquascutum coat,EXT-VN-AQSCT,Aquascutum coat,CIN7_IMPORT,Vintage,Vintage,1,3,customs desc; fibre; manufacturer,,,,1,,1,,1,,,CIN7,,NONE,,NONE,NO,fibre; manufacturer,Used clothing - Vintage
CONTINUITY,NEW,,,LIV-SMPLS-F-KJL,"Sample kjole, dame",LIV-SMPLS-F-KJL,"Sample kjole, dame",CIN7_IMPORT,Livid Femme,Livid,1,5,price; HS code; customs desc; fibre; manufacturer,,1,1,1,,1,,1,NONE,NONE,NONE,,NONE,,NONE,NO,price; HS code; customs desc; fibre; manufacturer,
CONTINUITY,NEW,,,VN-ONLN-9959,80's Levi's hoodie denim jacket (L),VN-ONLN-9959,80's Levi's hoodie denim jacket (L),CIN7_IMPORT,Vintage,Vintage,1,3,customs desc; fibre; manufacturer,,,,1,,1,,1,,,CIN7,,NONE,,NONE,NO,fibre; manufacturer,Used Vintage garment
CONTINUITY,NEW,,,LIV-DLRB-WH,Dal White,LIV-DLRB-WH,Dal White,CIN7_IMPORT,Livid Men,Livid,1,3,customs desc; fibre; manufacturer,,,,1,,1,,1,,,CIN7,,CIN7,,NONE,NO,manufacturer,Men's T-Shirt - 100% Cotton
CONTINUITY,NEW,,,VN-ONLN-10944,Tommy Bahama Silk Shirt (L),VN-ONLN-10944,Tommy Bahama Silk Shirt (L),CIN7_IMPORT,Vintage,Vintage,1,3,customs desc; fibre; manufacturer,,,,1,,1,,1,,,CIN7,,NONE,,NONE,NO,fibre; manufacturer,Used Vintage garment
CONTINUITY,NEW,,,VN-ONLN-11160,Silk Resort Shirt (L),VN-ONLN-11160,Silk Resort Shirt (L),CIN7_IMPORT,Vintage,Vintage,1,3,customs desc; fibre; manufacturer,,,,1,,1,,1,,,CIN7,,NONE,,NONE,NO,fibre; manufacturer,Used Vintage garment
CONTINUITY,NEW,,,VN-ONLN-10942,Tommy Bahama Silk Shirt (L),VN-ONLN-10942,Tommy Bahama Silk Shirt (L),CIN7_IMPORT,Vintage,Vintage,1,3,customs desc; fibre; manufacturer,,,,1,,1,,1,,,CIN7,,NONE,,NONE,NO,fibre; manufacturer,Used Vintage garment
CONTINUITY,NEW,,,VN-ONLN-9917,Polo Ralph Lauren Oxford Shirt (L),VN-ONLN-9917,Polo Ralph Lauren Oxford Shirt (L),CIN7_IMPORT,Vintage,Vintage,1,3,customs desc; fibre; manufacturer,,,,1,,1,,1,,,CIN7,,NONE,,NONE,NO,fibre; manufacturer,Used Vintage garment
CONTINUITY,NEW,,,VN-ONLN-13218,Levi's Engineered Jeans 10th Anniversary Denim Shorts (W31),VN-ONLN-13218,Levi's Engineered Jeans 10th Anniversary Denim Shorts (W31),CIN7_IMPORT,Vintage,Vintage,1,3,customs desc; fibre; manufacturer,,,,1,,1,,1,,,CIN7,,NONE,,NONE,NO,fibre; manufacturer,Used Vintage garment
CONTINUITY,NEW,,,VN-ONLN-10218,Moschino Sunglasses (OneSize),VN-ONLN-10218,Moschino Sunglasses (OneSize),CIN7_IMPORT,Vintage,Vintage,1,3,customs desc; fibre; manufacturer,,,,1,,1,,1,,,CIN7,,NONE,,NONE,NO,fibre; manufacturer,Used Vintage garment
CONTINUITY,NEW,,,LIV-JNE-SHRTS-GRN,"Jone Shorts Green, 3030",LIV-JNE-SHRTS-GRN,"Jone Shorts Green, 3030",CIN7_IMPORT,Livid Men,Livid,2,3,customs desc; fibre; manufacturer,,,,1,,1,,1,,,CIN7,,CIN7,,NONE,NO,manufacturer,Men's Shorts - 100% Cotton
CONTINUITY,NEW,,,VN-ONLN-11229,Silk Resort Shirt (XL),VN-ONLN-11229,Silk Resort Shirt (XL),CIN7_IMPORT,Vintage,Vintage,1,3,customs desc; fibre; manufacturer,,,,1,,1,,1,,,CIN7,,NONE,,NONE,NO,fibre; manufacturer,Used Vintage garment
CONTINUITY,NEW,,,LIV-BLY-JP-BKCMF,Bailey Japan Black Comfort,LIV-BLY-JP-BKCMF,Bailey Japan Black Comfort,CIN7_IMPORT,Livid Men,Livid,3,3,customs desc; fibre; manufacturer,,,,1,,1,,1,,,CIN7,,CIN7,,NONE,NO,manufacturer,Men's jeans - 100% cotton
CONTINUITY,NEW,,,EXT-VN-CRD-BSPR,Print Cord Busy Print,EXT-VN-CRD-BSPR,Print Cord Busy Print,CIN7_IMPORT,Vintage,Vintage,1,5,HS code; customs desc; fibre; origin; manufacturer,,,1,1,,1,1,1,,CIN7,CIN7,,NONE,CIN7,NONE,NO,fibre; manufacturer,Used clothing - Vintage
CONTINUITY,NEW,,,LIV-PN-ECLPS-TCH,Pen Eclipse Tech,LIV-PN-ECLPS-TCH,Pen Eclipse Tech,CIN7_IMPORT,Livid Unisex,Livid,2,4,customs desc; fibre; origin; manufacturer,,,,1,,1,1,1,,,CIN7,,CIN7,CIN7,NONE,NO,manufacturer,Men jacket - 100% cotton
CONTINUITY,NEW,,,VN-ONLN-10238,Tom Ford Sunglasses (OneSize),VN-ONLN-10238,Tom Ford Sunglasses (OneSize),CIN7_IMPORT,Vintage,Vintage,1,3,customs desc; fibre; manufacturer,,,,1,,1,,1,,,CIN7,,NONE,,NONE,NO,fibre; manufacturer,Used Vintage garment
CONTINUITY,NEW,,,VN-ONLN-13387,Cantebury Rugby Shirt (XL),VN-ONLN-13387,Cantebury Rugby Shirt (XL),CIN7_IMPORT,Vintage,Vintage,1,3,customs desc; fibre; manufacturer,,,,1,,1,,1,,,CIN7,,NONE,,NONE,NO,fibre; manufacturer,Used Vintage garment
CONTINUITY,NEW,,,VN-ONLN-12456,Jaquard Wool Knit Sweater (L),VN-ONLN-12456,Jaquard Wool Knit Sweater (L),CIN7_IMPORT,Vintage,Vintage,1,3,customs desc; fibre; manufacturer,,,,1,,1,,1,,,CIN7,,NONE,,NONE,NO,fibre; manufacturer,Used Vintage garment
CONTINUITY,NEW,,,VN-ONLN-11309,Vintage Knitted Sweater (L),VN-ONLN-11309,Vintage Knitted Sweater (L),CIN7_IMPORT,Vintage,Vintage,1,3,customs desc; fibre; manufacturer,,,,1,,1,,1,,,CIN7,,NONE,,NONE,NO,fibre; manufacturer,Used Vintage garment
CONTINUITY,NEW,,,VN-ONLN-13504,WFAN Radio Tee (XL),VN-ONLN-13504,WFAN Radio Tee (XL),CIN7_IMPORT,Vintage,Vintage,1,3,customs desc; fibre; manufacturer,,,,1,,1,,1,,,CIN7,,NONE,,NONE,NO,fibre; manufacturer,Used Vintage garment
CONTINUITY,NEW,,,LIV-FLMN-WTSP,Flemning White Stripe Poplin,LIV-FLMN-WTSP,Flemning White Stripe Poplin,CIN7_IMPORT,Livid Men,Livid,3,3,customs desc; fibre; manufacturer,,,,1,,1,,1,,,CIN7,,CIN7,,NONE,NO,manufacturer,Men's Shirt - 100% cotton
CONTINUITY,NEW,,,2526-1208-516,M.O.P button 516 White White,2526-1208-516,M.O.P button 516 White White,CIN7_IMPORT,Livid,Livid,2,3,customs desc; fibre; manufacturer,,,,1,,1,,1,,,CIN7,,NONE,,NONE,NO,fibre; manufacturer,Mother of pearl buttons
CONTINUITY,NEW,,,VN-ONLN-11177,Silk Resort Shirt (L),VN-ONLN-11177,Silk Resort Shirt (L),CIN7_IMPORT,Vintage,Vintage,1,3,customs desc; fibre; manufacturer,,,,1,,1,,1,,,CIN7,,NONE,,NONE,NO,fibre; manufacturer,Used Vintage garment
CONTINUITY,NEW,,,LIV-KRSRF-JP-GRVL,Keri Surf Japan Gravel,LIV-KRSRF-JP-GRVL,Keri Surf Japan Gravel,CIN7_IMPORT,Livid Unisex,Livid,5,3,customs desc; fibre; manufacturer,,,,1,,1,,1,,,CIN7,,CIN7,,NONE,NO,manufacturer,Men's Shorts - 100% Cotton
CONTINUITY,NEW,,,VN-ONLN-10075,Polo Ralph Lauren Shirt (M),VN-ONLN-10075,Polo Ralph Lauren Shirt (M),CIN7_IMPORT,Vintage,Vintage,1,3,customs desc; fibre; manufacturer,,,,1,,1,,1,,,CIN7,,NONE,,NONE,NO,fibre; manufacturer,Used Vintage garment
CONTINUITY,NEW,,,LIV-STN-DVLN,Stone Dove Linen,LIV-STN-DVLN,Stone Dove Linen,CIN7_IMPORT,Livid Men,Livid,2,3,customs desc; fibre; manufacturer,,,,1,,1,,1,,,CIN7,,CIN7,,NONE,NO,manufacturer,Men's Shirt - 100% cotton
CONTINUITY,NEW,,,VN-ONLN-13542,Chaps by Ralph Lauren Quarter Zip Knit (XL),VN-ONLN-13542,Chaps by Ralph Lauren Quarter Zip Knit (XL),CIN7_IMPORT,Vintage,Vintage,1,3,customs desc; fibre; manufacturer,,,,1,,1,,1,,,CIN7,,NONE,,NONE,NO,fibre; manufacturer,Used Vintage garment
CONTINUITY,NEW,,,STORAGE-BLEKK,Blekk,STORAGE-BLEKK,Blekk,CIN7_IMPORT,Storage,Storage,1,5,HS code; customs desc; fibre; origin; manufacturer,,,1,1,,1,1,1,,NONE,CIN7,,NONE,NONE,NONE,NO,HS code; fibre; origin; manufacturer,Lager
CONTINUITY,NEW,,,EXT-VN-BCKHT,Bucket hat,EXT-VN-BCKHT,Bucket hat,CIN7_IMPORT,Vintage,Vintage,1,3,customs desc; fibre; manufacturer,,,,1,,1,,1,,,CIN7,,NONE,,NONE,NO,fibre; manufacturer,Used clothing - Vintage
CONTINUITY,NEW,,,VN-ONLN-11821,Levi's Orange Tab Western Denim Shirt (M),VN-ONLN-11821,Levi's Orange Tab Western Denim Shirt (M),CIN7_IMPORT,Vintage,Vintage,1,3,customs desc; fibre; manufacturer,,,,1,,1,,1,,,CIN7,,NONE,,NONE,NO,fibre; manufacturer,Used Vintage garment
CONTINUITY,NEW,,,VN-ONLN-13197,HSG Wetzlar Handball Scarf (OneSize),VN-ONLN-13197,HSG Wetzlar Handball Scarf (OneSize),CIN7_IMPORT,Vintage,Vintage,1,3,customs desc; fibre; manufacturer,,,,1,,1,,1,,,CIN7,,NONE,,NONE,NO,fibre; manufacturer,Used Vintage garment
CONTINUITY,NEW,,,EXT-VN-PLBL-LNGSL,Plain Blouse Long Sleeve,EXT-VN-PLBL-LNGSL,Plain Blouse Long Sleeve,CIN7_IMPORT,Vintage,Vintage,1,5,HS code; customs desc; fibre; origin; manufacturer,,,1,1,,1,1,1,,CIN7,CIN7,,NONE,CIN7,NONE,NO,fibre; manufacturer,Used clothing - Vintage
CONTINUITY,NEW,,,IMP-LIV-FUL-NEW-BLU,"Fuller Japan New Blue, 3334*",IMP-LIV-FUL-NEW-BLU,"Fuller Japan New Blue, 3334*",CIN7_IMPORT,Livid Men,Livid,3,3,customs desc; fibre; manufacturer,,,,1,,1,,1,,,CIN7,,CIN7,,NONE,NO,manufacturer,Men's jeans - 100% cotton
CONTINUITY,NEW,,1,LIV-HNRY-JPN-INDG-DSK,Henrey Japan Indigo Dusk,LIV-HNRY-JPN-INDG-DSK,Henrey Japan Indigo Dusk,CIN7_IMPORT,Livid Men,Livid,6,4,customs desc; fibre; origin; manufacturer,,,,1,,1,1,1,,,CIN7,,CIN7,CIN7,NONE,NO,manufacturer,Men's Shirt - 100% cotton
CONTINUITY,NEW,,,VN-ONLN-11817,70's Selvage Denim Shirt (S),VN-ONLN-11817,70's Selvage Denim Shirt (S),CIN7_IMPORT,Vintage,Vintage,1,3,customs desc; fibre; manufacturer,,,,1,,1,,1,,,CIN7,,NONE,,NONE,NO,fibre; manufacturer,Used Vintage garment
CONTINUITY,NEW,,,VN-ONLN-12870,Ralph Lauren Shirt (S),VN-ONLN-12870,Ralph Lauren Shirt (S),CIN7_IMPORT,Vintage,Vintage,1,3,customs desc; fibre; manufacturer,,,,1,,1,,1,,,CIN7,,NONE,,NONE,NO,fibre; manufacturer,Used Vintage garment
CONTINUITY,NEW,,,VN-ONLN-11339,Tommy Hilfilger Shirt (M),VN-ONLN-11339,Tommy Hilfilger Shirt (M),CIN7_IMPORT,Vintage,Vintage,1,3,customs desc; fibre; manufacturer,,,,1,,1,,1,,,CIN7,,NONE,,NONE,NO,fibre; manufacturer,Used Vintage garment
CONTINUITY,NEW,,,VN-ONLN-12687,Tommy Hilfiger 2-Ply Striped Shirt  (XL),VN-ONLN-12687,Tommy Hilfiger 2-Ply Striped Shirt  (XL),CIN7_IMPORT,Vintage,Vintage,1,3,customs desc; fibre; manufacturer,,,,1,,1,,1,,,CIN7,,NONE,,NONE,NO,fibre; manufacturer,Used Vintage garment
CONTINUITY,NEW,,,VN-ONLN-10939,Tommy Bahama Silk Shirt (L),VN-ONLN-10939,Tommy Bahama Silk Shirt (L),CIN7_IMPORT,Vintage,Vintage,1,3,customs desc; fibre; manufacturer,,,,1,,1,,1,,,CIN7,,NONE,,NONE,NO,fibre; manufacturer,Used Vintage garment
CONTINUITY,NEW,,,VN-ONLN-11236,Silk Resort Shirt (L),VN-ONLN-11236,Silk Resort Shirt (L),CIN7_IMPORT,Vintage,Vintage,1,3,customs desc; fibre; manufacturer,,,,1,,1,,1,,,CIN7,,NONE,,NONE,NO,fibre; manufacturer,Used Vintage garment
CONTINUITY,NEW,,,LIV-SKRD-LPSTF-STR-BL,Lappestoff Stretch Blue,LIV-SKRD-LPSTF-STR-BL,Lappestoff Stretch Blue,CIN7_IMPORT,Livid,Livid,1,5,HS code; customs desc; fibre; origin; manufacturer,,,1,1,,1,1,1,,NONE,NONE,,NONE,NONE,NONE,NO,HS code; customs desc; fibre; origin; manufacturer,
CONTINUITY,NEW,,,EXT-VN-FXCT,Faux Fur Coat,EXT-VN-FXCT,Faux Fur Coat,CIN7_IMPORT,Vintage,Vintage,1,3,customs desc; fibre; manufacturer,,,,1,,1,,1,,,CIN7,,NONE,,NONE,NO,fibre; manufacturer,Used clothing - Vintage
CONTINUITY,NEW,,,VN-VESKT,Velour Skirt,VN-VESKT,Velour Skirt,CIN7_IMPORT,Vintage,Vintage,1,5,HS code; customs desc; fibre; origin; manufacturer,,,1,1,,1,1,1,,CIN7,CIN7,,NONE,CIN7,NONE,NO,fibre; manufacturer,Used clothing - Vintage
CONTINUITY,NEW,,,VN-ONLN-10349,Polo Ralph Lauren Shirt (XL),VN-ONLN-10349,Polo Ralph Lauren Shirt (XL),CIN7_IMPORT,Vintage,Vintage,1,3,customs desc; fibre; manufacturer,,,,1,,1,,1,,,CIN7,,NONE,,NONE,NO,fibre; manufacturer,Used Vintage garment
CONTINUITY,NEW,,,VN-ONLN-13093,Levi's Denim Shirt (M),VN-ONLN-13093,Levi's Denim Shirt (M),CIN7_IMPORT,Vintage,Vintage,1,3,customs desc; fibre; manufacturer,,,,1,,1,,1,,,CIN7,,NONE,,NONE,NO,fibre; manufacturer,Used Vintage garment
CONTINUITY,NEW,,,VN-ONLN-12372,Tommy Hilfiger Flannel Shirt (M),VN-ONLN-12372,Tommy Hilfiger Flannel Shirt (M),CIN7_IMPORT,Vintage,Vintage,1,3,customs desc; fibre; manufacturer,,,,1,,1,,1,,,CIN7,,NONE,,NONE,NO,fibre; manufacturer,Used Vintage garment
CONTINUITY,NEW,,,VN-ONLN-12873,Kids Polo Ralph Lauren Shirt (L),VN-ONLN-12873,Kids Polo Ralph Lauren Shirt (L),CIN7_IMPORT,Vintage,Vintage,1,3,customs desc; fibre; manufacturer,,,,1,,1,,1,,,CIN7,,NONE,,NONE,NO,fibre; manufacturer,Used Vintage garment
CONTINUITY,NEW,,,VN-ONLN-11255,Silk Resort Shirt (L),VN-ONLN-11255,Silk Resort Shirt (L),CIN7_IMPORT,Vintage,Vintage,1,3,customs desc; fibre; manufacturer,,,,1,,1,,1,,,CIN7,,NONE,,NONE,NO,fibre; manufacturer,Used Vintage garment
CONTINUITY,NEW,,,VN-ONLN-10001,Tommy Hilfiger cotton/silk sweater (XL),VN-ONLN-10001,Tommy Hilfiger cotton/silk sweater (XL),CIN7_IMPORT,Vintage,Vintage,1,3,customs desc; fibre; manufacturer,,,,1,,1,,1,,,CIN7,,NONE,,NONE,NO,fibre; manufacturer,Used Vintage garment
CONTINUITY,NEW,,,LIV-FM-SLSCR-BK,Sile wool scarf Black,LIV-FM-SLSCR-BK,Sile wool scarf Black,CIN7_IMPORT,Livid Femme,Livid,1,3,customs desc; fibre; manufacturer,,,,1,,1,,1,,,CIN7,,CIN7,,NONE,NO,manufacturer,Scarf - 100% Wool
CONTINUITY,NEW,,,IMP-LIV-SRN-JPN-ER,"Siren Japan Era, 2632*",IMP-LIV-SRN-JPN-ER,"Siren Japan Era, 2632*",CIN7_IMPORT,Livid Femme,Livid,6,3,customs desc; fibre; manufacturer,,,,1,,1,,1,,,CIN7,,CIN7,,NONE,NO,manufacturer,Men's jeans - 100% cotton
CONTINUITY,NEW,,,VN-ONLN-10973,Levi's 550 Denim Shorts (W33),VN-ONLN-10973,Levi's 550 Denim Shorts (W33),CIN7_IMPORT,Vintage,Vintage,1,3,customs desc; fibre; manufacturer,,,,1,,1,,1,,,CIN7,,NONE,,NONE,NO,fibre; manufacturer,Used Vintage garment
CONTINUITY,NEW,,,LIV-JNE-JP-WRNINDG,Jone Japan Worn Indigo,LIV-JNE-JP-WRNINDG,Jone Japan Worn Indigo,CIN7_IMPORT,Livid Men,Livid,1,3,customs desc; fibre; manufacturer,,,,1,,1,,1,,,CIN7,,CIN7,,NONE,NO,manufacturer,Men's jeans - 100% cotton
CONTINUITY,NEW,,,VN-ONLN-9576,1950's Woolrich wool shirt jacket (S),VN-ONLN-9576,1950's Woolrich wool shirt jacket (S),CIN7_IMPORT,Vintage,Vintage,1,3,customs desc; fibre; manufacturer,,,,1,,1,,1,,,CIN7,,NONE,,NONE,NO,fibre; manufacturer,Used Vintage garment
CONTINUITY,NEW,,,EXT-PB-MCH-FM-POI,Michael Femme Poils Vache,EXT-PB-MCH-FM-POI,Michael Femme Poils Vache,CIN7_IMPORT,Paraboot,Paraboot,1,3,customs desc; fibre; manufacturer,,,,1,,1,,1,,,CIN7,,NONE,,NONE,NO,fibre; manufacturer,Men Shoes
CONTINUITY,NEW,,,VN-ONLN-11234,Silk Resort Shirt (2XL),VN-ONLN-11234,Silk Resort Shirt (2XL),CIN7_IMPORT,Vintage,Vintage,1,3,customs desc; fibre; manufacturer,,,,1,,1,,1,,,CIN7,,NONE,,NONE,NO,fibre; manufacturer,Used Vintage garment
CONTINUITY,NEW,,,VN-ONLN-11182,Silk Resort Shirt (L),VN-ONLN-11182,Silk Resort Shirt (L),CIN7_IMPORT,Vintage,Vintage,1,3,customs desc; fibre; manufacturer,,,,1,,1,,1,,,CIN7,,NONE,,NONE,NO,fibre; manufacturer,Used Vintage garment
CONTINUITY,NEW,,,LIV-GLLSH-BLCK-WX,Gillish Black Wax,LIV-GLLSH-BLCK-WX,Gillish Black Wax,CIN7_IMPORT,Livid Men,Livid,4,4,customs desc; fibre; origin; manufacturer,,,,1,,1,1,1,,,CIN7,,CIN7,CIN7,NONE,NO,manufacturer,Men jacket - 100% cotton
CONTINUITY,NEW,,1,LIV-INTL-WHT-OX,Initial White Ox,LIV-INTL-WHT-OX,Initial White Ox,CIN7_IMPORT,Livid Men,Livid,6,3,customs desc; fibre; manufacturer,,,,1,,1,,1,,,CIN7,,CIN7,,NONE,NO,manufacturer,Men's Shirt - 100% cotton
CONTINUITY,NEW,,,LIV-BRS-JAP-BON,Brass Japan Bone Coi,LIV-BRS-JAP-BON,Brass Japan Bone Coi,CIN7_IMPORT,Livid Men,Livid,5,3,customs desc; fibre; manufacturer,,,,1,,1,,1,,,CIN7,,CIN7,,NONE,NO,manufacturer,Men's Shirt - 100% cotton
CONTINUITY,NEW,,,EXT-NV-MRK-JKT,Market jacket,EXT-NV-MRK-JKT,Market jacket,CIN7_IMPORT,Vintage,Vintage,1,3,customs desc; fibre; manufacturer,,,,1,,1,,1,,,CIN7,,NONE,,NONE,NO,fibre; manufacturer,Used clothing - Vintage
CONTINUITY,NEW,,,VN-ONLN-9598,Polo Ralph Lauren Oxford shirt (L),VN-ONLN-9598,Polo Ralph Lauren Oxford shirt (L),CIN7_IMPORT,Vintage,Vintage,1,3,customs desc; fibre; manufacturer,,,,1,,1,,1,,,CIN7,,NONE,,NONE,NO,fibre; manufacturer,Used Vintage garment
CONTINUITY,NEW,,,LIV-SLGSV-H-TSNGLL,"Salgs-Tee-Singlet-Longsleeve, herre",LIV-SLGSV-H-TSNGLL,"Salgs-Tee-Singlet-Longsleeve, herre",CIN7_IMPORT,Livid Men,Livid,1,3,customs desc; fibre; manufacturer,,,,1,,1,,1,,,CIN7,,CIN7,,NONE,NO,manufacturer,Men's T-Shirt - 100% Cotton
CONTINUITY,NEW,,,EXT-NOV-GAT-WHT,GAT White / Transparent,EXT-NOV-GAT-WHT,GAT White / Transparent,CIN7_IMPORT,Novesta,Novesta,7,3,customs desc; fibre; manufacturer,,,,1,,1,,1,,,CIN7,,NONE,,NONE,NO,fibre; manufacturer,Men Shoes
CONTINUITY,NEW,,,VN-ONLN-10858,Tommy Bahama Silk Shirt (L),VN-ONLN-10858,Tommy Bahama Silk Shirt (L),CIN7_IMPORT,Vintage,Vintage,1,3,customs desc; fibre; manufacturer,,,,1,,1,,1,,,CIN7,,NONE,,NONE,NO,fibre; manufacturer,Used Vintage garment
CONTINUITY,NEW,,,VN-ONLN-10990,Dolce & Gabbana Sunglasses (OneSize),VN-ONLN-10990,Dolce & Gabbana Sunglasses (OneSize),CIN7_IMPORT,Vintage,Vintage,1,3,customs desc; fibre; manufacturer,,,,1,,1,,1,,,CIN7,,NONE,,NONE,NO,fibre; manufacturer,Used Vintage garment
CONTINUITY,NEW,,1,LIV-KLLR-WHT,Keller White,LIV-KLLR-WHT,Keller White,CIN7_IMPORT,Livid Men,Livid,5,4,customs desc; fibre; origin; manufacturer,,,,1,,1,1,1,,,CIN7,,CIN7,CIN7,NONE,NO,manufacturer,Men's T-Shirt - 100% Cotton
CONTINUITY,NEW,,,LIV-HNR-WH,Henrey White,LIV-HNR-WH,Henrey White,CIN7_IMPORT,Livid Men,Livid,1,3,customs desc; fibre; manufacturer,,,,1,,1,,1,,,CIN7,,CIN7,,NONE,NO,manufacturer,Men's Shirt - 100% cotton
CONTINUITY,NEW,,,LIV-KVN-SHDW,Kavon Shadow,LIV-KVN-SHDW,Kavon Shadow,CIN7_IMPORT,Livid Men,Livid,3,4,customs desc; fibre; origin; manufacturer,,,,1,,1,1,1,,,CIN7,,CIN7,CIN7,NONE,NO,manufacturer,Men's T-Shirt - 100% Cotton
CONTINUITY,NEW,,,LIV-NEL-GRN-STR,Nelson Green Stripe,LIV-NEL-GRN-STR,Nelson Green Stripe,CIN7_IMPORT,Livid Men,Livid,2,4,customs desc; fibre; origin; manufacturer,,,,1,,1,1,1,,,CIN7,,CIN7,CIN7,NONE,NO,manufacturer,Men's T-Shirt - 100% Cotton
CONTINUITY,NEW,,,LIV-BRL-JPSHDW,Burley Japan Shadow,LIV-BRL-JPSHDW,Burley Japan Shadow,CIN7_IMPORT,Livid Men,Livid,8,3,customs desc; fibre; manufacturer,,,,1,,1,,1,,,CIN7,,CIN7,,NONE,NO,manufacturer,Men's jeans - 100% cotton
CONTINUITY,NEW,,,LIV-ELM-GRY-MEL,Elmer Grey Melange,LIV-ELM-GRY-MEL,Elmer Grey Melange,CIN7_IMPORT,Livid Men,Livid,5,4,customs desc; fibre; origin; manufacturer,,,,1,,1,1,1,,,CIN7,,CIN7,CIN7,NONE,NO,manufacturer,Men's singlet - 100% cotton
CONTINUITY,NEW,,1,LIV-RCKN-WHT,Rickon White,LIV-RCKN-WHT,Rickon White,CIN7_IMPORT,Livid Men,Livid,6,4,customs desc; fibre; origin; manufacturer,,,,1,,1,1,1,,,CIN7,,CIN7,CIN7,NONE,NO,manufacturer,Men's T-Shirt - 100% Cotton
CONTINUITY,NEW,,,LIV-WST-SKBL,West Deep Teal,LIV-WST-SKBL,West Deep Teal,CIN7_IMPORT,Livid Men,Livid,1,3,customs desc; fibre; manufacturer,,,,1,,1,,1,,,CIN7,,CIN7,,NONE,NO,manufacturer,Men's Shirt - 100% cotton
CONTINUITY,NEW,,,LIV-DNN-GRSLL,Dunn Grisalle,LIV-DNN-GRSLL,Dunn Grisalle,CIN7_IMPORT,Livid Unisex,Livid,1,3,customs desc; fibre; manufacturer,,,,1,,1,,1,,,CIN7,,CIN7,,NONE,NO,manufacturer,Cap - 100% cotton
CONTINUITY,NEW,,,VN-ONLN-12577,Nike Air Sweatshirt (M),VN-ONLN-12577,Nike Air Sweatshirt (M),CIN7_IMPORT,Vintage,Vintage,1,3,customs desc; fibre; manufacturer,,,,1,,1,,1,,,CIN7,,NONE,,NONE,NO,fibre; manufacturer,Used Vintage garment
CONTINUITY,NEW,,,VN-ONLN-12123,Dickies Shirt (2XL),VN-ONLN-12123,Dickies Shirt (2XL),CIN7_IMPORT,Vintage,Vintage,1,3,customs desc; fibre; manufacturer,,,,1,,1,,1,,,CIN7,,NONE,,NONE,NO,fibre; manufacturer,Used Vintage garment
CONTINUITY,NEW,,,EXT-NRD-002-SG-W,002 Sage W,EXT-NRD-002-SG-W,002 Sage W,CIN7_IMPORT,Norda,Norda,3,3,customs desc; fibre; manufacturer,,,,1,,1,,1,,,CIN7,,NONE,,NONE,NO,fibre; manufacturer,Men Shoes
CONTINUITY,NEW,,,LIV-HLD-BLCK,Hilda Black,LIV-HLD-BLCK,Hilda Black,CIN7_IMPORT,Livid Unisex,Livid,1,3,customs desc; fibre; manufacturer,,,,1,,1,,1,,,CIN7,,CIN7,,NONE,NO,manufacturer,Scarf - 100% Wool
CONTINUITY,NEW,,,VN-ONLN-12651,Fair Law HS Crewneck (L),VN-ONLN-12651,Fair Law HS Crewneck (L),CIN7_IMPORT,Vintage,Vintage,1,3,customs desc; fibre; manufacturer,,,,1,,1,,1,,,CIN7,,NONE,,NONE,NO,fibre; manufacturer,Used Vintage garment
CONTINUITY,NEW,,,VN-ONLN-12780,Polo Ralph Lauren Denim Jacket (2XL),VN-ONLN-12780,Polo Ralph Lauren Denim Jacket (2XL),CIN7_IMPORT,Vintage,Vintage,1,3,customs desc; fibre; manufacturer,,,,1,,1,,1,,,CIN7,,NONE,,NONE,NO,fibre; manufacturer,Used Vintage garment
CONTINUITY,NEW,,,VN-ONLN-12875,Kids Polo Ralph Lauren Shirt (XL),VN-ONLN-12875,Kids Polo Ralph Lauren Shirt (XL),CIN7_IMPORT,Vintage,Vintage,1,3,customs desc; fibre; manufacturer,,,,1,,1,,1,,,CIN7,,NONE,,NONE,NO,fibre; manufacturer,Used Vintage garment
CONTINUITY,NEW,,,IMP-LIV-BTH-JPN-BLCK-DSK,"Beth Japan Black Dusk, 2932*",IMP-LIV-BTH-JPN-BLCK-DSK,"Beth Japan Black Dusk, 2932*",CIN7_IMPORT,Livid Unisex,Livid,4,3,customs desc; fibre; manufacturer,,,,1,,1,,1,,,CIN7,,CIN7,,NONE,NO,manufacturer,Men's jeans - 100% cotton
CONTINUITY,NEW,,,LIV-K-JPN-SHDW,Kai Japan Shadow,LIV-K-JPN-SHDW,Kai Japan Shadow,CIN7_IMPORT,Livid Men,Livid,13,3,customs desc; fibre; manufacturer,,,,1,,1,,1,,,CIN7,,CIN7,,NONE,NO,manufacturer,Men's jeans - 100% cotton
CONTINUITY,NEW,,,LIV-LFTY-BLCK-LTTC,Lefty Black Lattice,LIV-LFTY-BLCK-LTTC,Lefty Black Lattice,CIN7_IMPORT,Livid Men,Livid,2,4,customs desc; fibre; origin; manufacturer,,,,1,,1,1,1,,,CIN7,,CIN7,CIN7,NONE,NO,manufacturer,Men's Shirt - 100% cotton
CONTINUITY,NEW,,,LIV-DNN-BLCK,Dunn Black,LIV-DNN-BLCK,Dunn Black,CIN7_IMPORT,Livid Unisex,Livid,1,3,customs desc; fibre; manufacturer,,,,1,,1,,1,,,CIN7,,CIN7,,NONE,NO,manufacturer,Cap - 100% cotton
CONTINUITY,NEW,,,VN-ONLN-11578,90's Plain US Shirt (M),VN-ONLN-11578,90's Plain US Shirt (M),CIN7_IMPORT,Vintage,Vintage,1,3,customs desc; fibre; manufacturer,,,,1,,1,,1,,,CIN7,,NONE,,NONE,NO,fibre; manufacturer,Used Vintage garment
CONTINUITY,NEW,,,VN-ONLN-13553,Striped Rugby Shirt (S),VN-ONLN-13553,Striped Rugby Shirt (S),CIN7_IMPORT,Vintage,Vintage,1,3,customs desc; fibre; manufacturer,,,,1,,1,,1,,,CIN7,,NONE,,NONE,NO,fibre; manufacturer,Used Vintage garment
CONTINUITY,NEW,,,VN-ONLN-11341,Tommy Hilfilger Shirt (XL),VN-ONLN-11341,Tommy Hilfilger Shirt (XL),CIN7_IMPORT,Vintage,Vintage,1,3,customs desc; fibre; manufacturer,,,,1,,1,,1,,,CIN7,,NONE,,NONE,NO,fibre; manufacturer,Used Vintage garment
CONTINUITY,NEW,,,VN-ONLN-11688,L.L. Bean Shirt (M),VN-ONLN-11688,L.L. Bean Shirt (M),CIN7_IMPORT,Vintage,Vintage,1,3,customs desc; fibre; manufacturer,,,,1,,1,,1,,,CIN7,,NONE,,NONE,NO,fibre; manufacturer,Used Vintage garment
CONTINUITY,NEW,,,VN-ONLN-13059,FUBU Baseball Jersey (S),VN-ONLN-13059,FUBU Baseball Jersey (S),CIN7_IMPORT,Vintage,Vintage,1,3,customs desc; fibre; manufacturer,,,,1,,1,,1,,,CIN7,,NONE,,NONE,NO,fibre; manufacturer,Used Vintage garment
CONTINUITY,NEW,,,VN-ONLN-12550,Barbour Light Quilted Jacket (S),VN-ONLN-12550,Barbour Light Quilted Jacket (S),CIN7_IMPORT,Vintage,Vintage,1,3,customs desc; fibre; manufacturer,,,,1,,1,,1,,,CIN7,,NONE,,NONE,NO,fibre; manufacturer,Used Vintage garment
CONTINUITY,NEW,,,LIV-KAL-JAP-SLA,Kalum Japan Slate,LIV-KAL-JAP-SLA,Kalum Japan Slate,CIN7_IMPORT,Livid Men,Livid,6,4,customs desc; fibre; origin; manufacturer,,,,1,,1,1,1,,,CIN7,,CIN7,CIN7,NONE,NO,manufacturer,Men's Shirt - 100% cotton
CONTINUITY,NEW,,,LIV-LFTY-BRWN-CHCK,Lefty Brown Check,LIV-LFTY-BRWN-CHCK,Lefty Brown Check,CIN7_IMPORT,Livid Men,Livid,2,4,customs desc; fibre; origin; manufacturer,,,,1,,1,1,1,,,CIN7,,CIN7,CIN7,NONE,NO,manufacturer,Men's Shirt - 100% cotton
CONTINUITY,NEW,,,LIV-STCK-BLCK,Stack Black,LIV-STCK-BLCK,Stack Black,CIN7_IMPORT,Livid Men,Livid,3,4,customs desc; fibre; origin; manufacturer,,,,1,,1,1,1,,,CIN7,,CIN7,CIN7,NONE,NO,manufacturer,Men's Sweater - Knitted 100% wiil
CONTINUITY,NEW,,,VN-ONLN-11084,Polo by Ralph Lauren Shirt (2XL),VN-ONLN-11084,Polo by Ralph Lauren Shirt (2XL),CIN7_IMPORT,Vintage,Vintage,1,3,customs desc; fibre; manufacturer,,,,1,,1,,1,,,CIN7,,NONE,,NONE,NO,fibre; manufacturer,Used Vintage garment
CONTINUITY,NEW,,,VN-ONLN-13352,"Carhartt ""Nolan Pant"" Denim Shorts (W31)",VN-ONLN-13352,"Carhartt ""Nolan Pant"" Denim Shorts (W31)",CIN7_IMPORT,Vintage,Vintage,1,3,customs desc; fibre; manufacturer,,,,1,,1,,1,,,CIN7,,NONE,,NONE,NO,fibre; manufacturer,Used Vintage garment
CONTINUITY,NEW,,,LIV-ELMR-MLK-RB,Elmer Milk Rib,LIV-ELMR-MLK-RB,Elmer Milk Rib,CIN7_IMPORT,Livid Men,Livid,2,3,customs desc; fibre; manufacturer,,,,1,,1,,1,,,CIN7,,CIN7,,NONE,NO,manufacturer,Men's T-Shirt - 100% Cotton
CONTINUITY,NEW,,,LIV-KR-JPN-DWN,Keri Japan Dawn,LIV-KR-JPN-DWN,Keri Japan Dawn,CIN7_IMPORT,Livid Men,Livid,19,3,customs desc; fibre; manufacturer,,,,1,,1,,1,,,CIN7,,CIN7,,NONE,NO,manufacturer,Men's jeans - 100% cotton
CONTINUITY,NEW,,,LIV-KEE-TEE-STR,Keen Tee Shirt String Loose,LIV-KEE-TEE-STR,Keen Tee Shirt String Loose,CIN7_IMPORT,Livid Men,Livid,5,4,customs desc; fibre; origin; manufacturer,,,,1,,1,1,1,,,CIN7,,CIN7,CIN7,NONE,NO,manufacturer,Men's Shirt - 100% cotton
CONTINUITY,NEW,,1,LIV-Needle-W,Needle White,LIV-Needle-W,Needle White,CIN7_IMPORT,Livid Men,Livid,6,3,customs desc; fibre; manufacturer,,,,1,,1,,1,,,CIN7,,CIN7,,NONE,NO,manufacturer,Men's Sweater - 100% cotton
CONTINUITY,NEW,,,VN-ONLN-10302,Heavy silk twill shirt (XL),VN-ONLN-10302,Heavy silk twill shirt (XL),CIN7_IMPORT,Vintage,Vintage,1,3,customs desc; fibre; manufacturer,,,,1,,1,,1,,,CIN7,,NONE,,NONE,NO,fibre; manufacturer,Used Vintage garment
CONTINUITY,NEW,,,EXT-VN-CRCTNT,Crochet knit,EXT-VN-CRCTNT,Crochet knit,CIN7_IMPORT,Vintage,Vintage,1,3,customs desc; fibre; manufacturer,,,,1,,1,,1,,,CIN7,,NONE,,NONE,NO,fibre; manufacturer,Used clothing - Vintage
CONTINUITY,NEW,,,VN-ONLN-12688,Tommy Hilfiger The Flex Striped Shirt  (L),VN-ONLN-12688,Tommy Hilfiger The Flex Striped Shirt  (L),CIN7_IMPORT,Vintage,Vintage,1,3,customs desc; fibre; manufacturer,,,,1,,1,,1,,,CIN7,,NONE,,NONE,NO,fibre; manufacturer,Used Vintage garment
CONTINUITY,NEW,,,VN-ONLN-13261,Tommy Bahama Silk Shirt (XL),VN-ONLN-13261,Tommy Bahama Silk Shirt (XL),CIN7_IMPORT,Vintage,Vintage,1,3,customs desc; fibre; manufacturer,,,,1,,1,,1,,,CIN7,,NONE,,NONE,NO,fibre; manufacturer,Used Vintage garment
CONTINUITY,NEW,,,IMP-LIV-KERI-LIN-PEAT,"Keri Linen Peat, 2632*",IMP-LIV-KERI-LIN-PEAT,"Keri Linen Peat, 2632*",CIN7_IMPORT,Livid Femme,Livid,2,3,customs desc; fibre; manufacturer,,,,1,,1,,1,,,CIN7,,CIN7,,NONE,NO,manufacturer,Men's trouser - 100% cotton
CONTINUITY,NEW,,,LIV-ELM-WHT,Elmer White,LIV-ELM-WHT,Elmer White,CIN7_IMPORT,Livid Men,Livid,5,4,customs desc; fibre; origin; manufacturer,,,,1,,1,1,1,,,CIN7,,CIN7,CIN7,NONE,NO,manufacturer,Men's singlet - 100% cotton
CONTINUITY,NEW,,,LIV-KN-GRSLL-FN-SLK,Keen Grisalle Fine Silk,LIV-KN-GRSLL-FN-SLK,Keen Grisalle Fine Silk,CIN7_IMPORT,Livid Men,Livid,3,4,customs desc; fibre; origin; manufacturer,,,,1,,1,1,1,,,CIN7,,CIN7,CIN7,NONE,NO,manufacturer,Men's Shirt - 100% cotton
CONTINUITY,NEW,,,LIV-NEL-FOG-FAD,Nelson Fog Fadeout,LIV-NEL-FOG-FAD,Nelson Fog Fadeout,CIN7_IMPORT,Livid Men,Livid,4,4,customs desc; fibre; origin; manufacturer,,,,1,,1,1,1,,,CIN7,,CIN7,CIN7,NONE,NO,manufacturer,Men's T-Shirt - 100% Cotton
CONTINUITY,NEW,,,LIV-AID-JP-BRK,Aiden Japan Broken,LIV-AID-JP-BRK,Aiden Japan Broken,CIN7_IMPORT,Livid Men,Livid,4,3,customs desc; fibre; manufacturer,,,,1,,1,,1,,,CIN7,,CIN7,,NONE,NO,manufacturer,Men's Shirt - 100% cotton
CONTINUITY,NEW,,,EXT-VN-BRJN,Branded jeans,EXT-VN-BRJN,Branded jeans,CIN7_IMPORT,Vintage,Vintage,1,3,customs desc; fibre; manufacturer,,,,1,,1,,1,,,CIN7,,NONE,,NONE,NO,fibre; manufacturer,Used clothing - Vintage
CONTINUITY,NEW,,,LIV-PN-BLCK-TCH,Pen Black Tech,LIV-PN-BLCK-TCH,Pen Black Tech,CIN7_IMPORT,Livid Unisex,Livid,3,4,customs desc; fibre; origin; manufacturer,,,,1,,1,1,1,,,CIN7,,CIN7,CIN7,NONE,NO,manufacturer,Men jacket - 100% cotton
CONTINUITY,NEW,,,VN-ONLN-11948,Italian Turtleneck Knit Sweater (M),VN-ONLN-11948,Italian Turtleneck Knit Sweater (M),CIN7_IMPORT,Vintage,Vintage,1,3,customs desc; fibre; manufacturer,,,,1,,1,,1,,,CIN7,,NONE,,NONE,NO,fibre; manufacturer,Used Vintage garment
CONTINUITY,NEW,,,VN-ONLN-9757,Tommy Hilfiger pima cotton cashmere sweater (M),VN-ONLN-9757,Tommy Hilfiger pima cotton cashmere sweater (M),CIN7_IMPORT,Vintage,Vintage,1,3,customs desc; fibre; manufacturer,,,,1,,1,,1,,,CIN7,,NONE,,NONE,NO,fibre; manufacturer,Used Vintage garment
CONTINUITY,NEW,,,VN-ONLN-10182,Chaps Ralph Lauren Quarter zip (L),VN-ONLN-10182,Chaps Ralph Lauren Quarter zip (L),CIN7_IMPORT,Vintage,Vintage,1,3,customs desc; fibre; manufacturer,,,,1,,1,,1,,,CIN7,,NONE,,NONE,NO,fibre; manufacturer,Used Vintage garment
CONTINUITY,NEW,,,IMP-LIV-FLLR-JPN-BLCK-DSK,"Fuller Japan Black Dusk, 3432*",IMP-LIV-FLLR-JPN-BLCK-DSK,"Fuller Japan Black Dusk, 3432*",CIN7_IMPORT,Livid Men,Livid,4,3,customs desc; fibre; manufacturer,,,,1,,1,,1,,,CIN7,,CIN7,,NONE,NO,manufacturer,Men's jeans - 100% cotton
CONTINUITY,NEW,,,VN-ONLN-12987,1994 Champion Cleveland Browns Sweatshirt (2XL),VN-ONLN-12987,1994 Champion Cleveland Browns Sweatshirt (2XL),CIN7_IMPORT,Vintage,Vintage,1,3,customs desc; fibre; manufacturer,,,,1,,1,,1,,,CIN7,,NONE,,NONE,NO,fibre; manufacturer,Used Vintage garment
CONTINUITY,NEW,,,VN-ONLN-11005,Roberto Cavalli Sunglasses (OneSize),VN-ONLN-11005,Roberto Cavalli Sunglasses (OneSize),CIN7_IMPORT,Vintage,Vintage,1,3,customs desc; fibre; manufacturer,,,,1,,1,,1,,,CIN7,,NONE,,NONE,NO,fibre; manufacturer,Used Vintage garment
CONTINUITY,NEW,,,VN-ONLN-10265,Tommy Hilfiger Yachting twill shirt (XL),VN-ONLN-10265,Tommy Hilfiger Yachting twill shirt (XL),CIN7_IMPORT,Vintage,Vintage,1,3,customs desc; fibre; manufacturer,,,,1,,1,,1,,,CIN7,,NONE,,NONE,NO,fibre; manufacturer,Used Vintage garment
CONTINUITY,NEW,,,VN-ONLN-11108,Polo by Ralph Lauren Shirt (S),VN-ONLN-11108,Polo by Ralph Lauren Shirt (S),CIN7_IMPORT,Vintage,Vintage,1,3,customs desc; fibre; manufacturer,,,,1,,1,,1,,,CIN7,,NONE,,NONE,NO,fibre; manufacturer,Used Vintage garment
CONTINUITY,NEW,,,VN-ONLN-11580,Woolrich Shirt (L),VN-ONLN-11580,Woolrich Shirt (L),CIN7_IMPORT,Vintage,Vintage,1,3,customs desc; fibre; manufacturer,,,,1,,1,,1,,,CIN7,,NONE,,NONE,NO,fibre; manufacturer,Used Vintage garment
CONTINUITY,NEW,,,VN-ONLN-10330,Chaps Ralph Lauren Striped Oxford shirt (L),VN-ONLN-10330,Chaps Ralph Lauren Striped Oxford shirt (L),CIN7_IMPORT,Vintage,Vintage,1,3,customs desc; fibre; manufacturer,,,,1,,1,,1,,,CIN7,,NONE,,NONE,NO,fibre; manufacturer,Used Vintage garment
CONTINUITY,NEW,,,EXT-VN-RCJKT,Racing Jacket,EXT-VN-RCJKT,Racing Jacket,CIN7_IMPORT,Vintage,Vintage,1,3,customs desc; fibre; manufacturer,,,,1,,1,,1,,,CIN7,,NONE,,NONE,NO,fibre; manufacturer,Used clothing - Vintage
CONTINUITY,NEW,,,STORAGE-KLESPOSER,Klesposer,STORAGE-KLESPOSER,Klesposer,CIN7_IMPORT,Vintage,Vintage,1,4,price; customs desc; fibre; manufacturer,,1,,1,,1,,1,NONE,,CIN7,,NONE,,NONE,NO,price; fibre; manufacturer,Used clothing - Vintage
CONTINUITY,NEW,,,VN-ONLN-10000,Tommy Hilfiger check shirt (XL),VN-ONLN-10000,Tommy Hilfiger check shirt (XL),CIN7_IMPORT,Vintage,Vintage,1,3,customs desc; fibre; manufacturer,,,,1,,1,,1,,,CIN7,,NONE,,NONE,NO,fibre; manufacturer,Used Vintage garment
CONTINUITY,NEW,,,LIV-IMP-KER-NBL,Imperfect Keri Surf Japan New Blue,LIV-IMP-KER-NBL,Imperfect Keri Surf Japan New Blue,CIN7_IMPORT,Livid Femme,Livid,4,3,customs desc; fibre; manufacturer,,,,1,,1,,1,,,CIN7,,CIN7,,NONE,NO,manufacturer,Men's Shorts - 100% Cotton
CONTINUITY,NEW,,,VN-ONLN-9545,1970's Buffalo Bill Corduroy Western Shirt (M),VN-ONLN-9545,1970's Buffalo Bill Corduroy Western Shirt (M),CIN7_IMPORT,Vintage,Vintage,1,3,customs desc; fibre; manufacturer,,,,1,,1,,1,,,CIN7,,NONE,,NONE,NO,fibre; manufacturer,Used Vintage garment
CONTINUITY,NEW,,,LIV-JNE-JP-DZTBLK,Jone Japan Daze to Black,LIV-JNE-JP-DZTBLK,Jone Japan Daze to Black,CIN7_IMPORT,Livid Men,Livid,1,3,customs desc; fibre; manufacturer,,,,1,,1,,1,,,CIN7,,CIN7,,NONE,NO,manufacturer,Men's jeans - 100% cotton
CONTINUITY,NEW,,,EXT-VN-NW-LLW-DN-SLCT,Selected denim shirt,EXT-VN-NW-LLW-DN-SLCT,Selected denim shirt,CIN7_IMPORT,Vintage,Vintage,1,3,customs desc; fibre; manufacturer,,,,1,,1,,1,,,CIN7,,NONE,,NONE,NO,fibre; manufacturer,Used clothing - Vintage
CONTINUITY,NEW,,,VN-ONLN-9591,80's Pendleton Fireside shirt (XL),VN-ONLN-9591,80's Pendleton Fireside shirt (XL),CIN7_IMPORT,Vintage,Vintage,1,3,customs desc; fibre; manufacturer,,,,1,,1,,1,,,CIN7,,NONE,,NONE,NO,fibre; manufacturer,Used Vintage garment
CONTINUITY,NEW,,,VN-ONLN-12720,Silk Resort Shirt (2XL),VN-ONLN-12720,Silk Resort Shirt (2XL),CIN7_IMPORT,Vintage,Vintage,1,3,customs desc; fibre; manufacturer,,,,1,,1,,1,,,CIN7,,NONE,,NONE,NO,fibre; manufacturer,Used Vintage garment
CONTINUITY,NEW,,,VN-ONLN-12479,Heavyweight Wool Knit Cardigan  (M),VN-ONLN-12479,Heavyweight Wool Knit Cardigan  (M),CIN7_IMPORT,Vintage,Vintage,1,3,customs desc; fibre; manufacturer,,,,1,,1,,1,,,CIN7,,NONE,,NONE,NO,fibre; manufacturer,Used Vintage garment
CONTINUITY,NEW,,,VN-ONLN-9343,80's knitted cheerleader varsity jacket (M),VN-ONLN-9343,80's knitted cheerleader varsity jacket (M),CIN7_IMPORT,Vintage,Vintage,1,3,customs desc; fibre; manufacturer,,,,1,,1,,1,,,CIN7,,NONE,,NONE,NO,fibre; manufacturer,Used Vintage garment
CONTINUITY,NEW,,,LIV-SMPLS-H-JRS,"Sample jersey, herre",LIV-SMPLS-H-JRS,"Sample jersey, herre",CIN7_IMPORT,Livid Men,Livid,1,5,price; HS code; customs desc; fibre; manufacturer,,1,1,1,,1,,1,NONE,NONE,NONE,,NONE,,NONE,NO,price; HS code; customs desc; fibre; manufacturer,
CONTINUITY,NEW,,,VN-ONLN-10285,Tommy Hilfiger shirt (L),VN-ONLN-10285,Tommy Hilfiger shirt (L),CIN7_IMPORT,Vintage,Vintage,1,3,customs desc; fibre; manufacturer,,,,1,,1,,1,,,CIN7,,NONE,,NONE,NO,fibre; manufacturer,Used Vintage garment
CONTINUITY,NEW,,,EXT-PB-LCT-FN-CF,Fine Laces Cafe,EXT-PB-LCT-FN-CF,Fine Laces Cafe,CIN7_IMPORT,Paraboot,Paraboot,1,3,customs desc; fibre; manufacturer,,,,1,,1,,1,,,CIN7,,NONE,,NONE,NO,fibre; manufacturer,Men Shoes
CONTINUITY,NEW,,,VN-ONLN-13454,Timberland Flannel Shirt (L),VN-ONLN-13454,Timberland Flannel Shirt (L),CIN7_IMPORT,Vintage,Vintage,1,3,customs desc; fibre; manufacturer,,,,1,,1,,1,,,CIN7,,NONE,,NONE,NO,fibre; manufacturer,Used Vintage garment
CONTINUITY,NEW,,,VN-ONLN-13294,Caribbean Cotton Shirt (L),VN-ONLN-13294,Caribbean Cotton Shirt (L),CIN7_IMPORT,Vintage,Vintage,1,3,customs desc; fibre; manufacturer,,,,1,,1,,1,,,CIN7,,NONE,,NONE,NO,fibre; manufacturer,Used Vintage garment
CONTINUITY,NEW,,,VN-ONLN-10014,Tommy Hilfiger Twill shirt (L),VN-ONLN-10014,Tommy Hilfiger Twill shirt (L),CIN7_IMPORT,Vintage,Vintage,1,3,customs desc; fibre; manufacturer,,,,1,,1,,1,,,CIN7,,NONE,,NONE,NO,fibre; manufacturer,Used Vintage garment
CONTINUITY,NEW,,,VN-ONLN-10499,Adidas Pique (XL) (XL),VN-ONLN-10499,Adidas Pique (XL) (XL),CIN7_IMPORT,Vintage,Vintage,1,3,customs desc; fibre; manufacturer,,,,1,,1,,1,,,CIN7,,NONE,,NONE,NO,fibre; manufacturer,Used Vintage garment
CONTINUITY,NEW,,,IMP-LIV-BRNS-JPN-RNS,"Barnes Japan Rinse, 3332*",IMP-LIV-BRNS-JPN-RNS,"Barnes Japan Rinse, 3332*",CIN7_IMPORT,Livid Men,Livid,5,3,customs desc; fibre; manufacturer,,,,1,,1,,1,,,CIN7,,CIN7,,NONE,NO,manufacturer,Men's jeans - 100% cotton
CONTINUITY,NEW,,,VN-ONLN-10717,Tommy Bahama Silk Shirt (L),VN-ONLN-10717,Tommy Bahama Silk Shirt (L),CIN7_IMPORT,Vintage,Vintage,1,3,customs desc; fibre; manufacturer,,,,1,,1,,1,,,CIN7,,NONE,,NONE,NO,fibre; manufacturer,Used Vintage garment
CONTINUITY,NEW,,,VIN-STRK,90s Branded Knit,VIN-STRK,90s Branded Knit,CIN7_IMPORT,Vintage,Vintage,1,4,HS code; customs desc; fibre; manufacturer,,,1,1,,1,,1,,CIN7,CIN7,,NONE,,NONE,NO,fibre; manufacturer,Used clothing - Vintage
CONTINUITY,NEW,,,LIV-IMP-JNOTHR,Imperfect Jeans Other,LIV-IMP-JNOTHR,Imperfect Jeans Other,CIN7_IMPORT,Livid Men,Livid,1,4,price; customs desc; fibre; manufacturer,,1,,1,,1,,1,NONE,,CIN7,,CIN7,,NONE,NO,price; manufacturer,Men's jeans - 100% cotton
CONTINUITY,NEW,,,EXT-BS-BST-HBN,Boston Oiled Leather Habana,EXT-BS-BST-HBN,Boston Oiled Leather Habana,CIN7_IMPORT,Birkenstock,Birkenstock,1,3,customs desc; fibre; manufacturer,,,,1,,1,,1,,,CIN7,,CIN7,,NONE,NO,manufacturer,Unisex sandals - 100% leather
CONTINUITY,NEW,,,VN-ONLN-12983,1996 Green Bay Packers Sweatshirt (M),VN-ONLN-12983,1996 Green Bay Packers Sweatshirt (M),CIN7_IMPORT,Vintage,Vintage,1,3,customs desc; fibre; manufacturer,,,,1,,1,,1,,,CIN7,,NONE,,NONE,NO,fibre; manufacturer,Used Vintage garment
CONTINUITY,NEW,,,VN-ONLN-11238,Silk Resort Shirt (XL),VN-ONLN-11238,Silk Resort Shirt (XL),CIN7_IMPORT,Vintage,Vintage,1,3,customs desc; fibre; manufacturer,,,,1,,1,,1,,,CIN7,,NONE,,NONE,NO,fibre; manufacturer,Used Vintage garment
CONTINUITY,NEW,,,VN-ONLN-11224,Silk Resort Shirt (L),VN-ONLN-11224,Silk Resort Shirt (L),CIN7_IMPORT,Vintage,Vintage,1,3,customs desc; fibre; manufacturer,,,,1,,1,,1,,,CIN7,,NONE,,NONE,NO,fibre; manufacturer,Used Vintage garment
CONTINUITY,NEW,,,LIV-IMP-FYE,Imperfect Faye,LIV-IMP-FYE,Imperfect Faye,CIN7_IMPORT,Livid Men,Livid,1,4,price; customs desc; fibre; manufacturer,,1,,1,,1,,1,NONE,,CIN7,,CIN7,,NONE,NO,price; manufacturer,Men's jeans - 100% cotton
CONTINUITY,NEW,,,LIV-IMP-AN,Imperfect Ann,LIV-IMP-AN,Imperfect Ann,CIN7_IMPORT,Livid Men,Livid,1,4,price; customs desc; fibre; manufacturer,,1,,1,,1,,1,NONE,,CIN7,,CIN7,,NONE,NO,price; manufacturer,Men's jeans - 100% cotton
CONTINUITY,NEW,,,VN-ONLN-12664,80's Turtleneck Sweater  (M),VN-ONLN-12664,80's Turtleneck Sweater  (M),CIN7_IMPORT,Vintage,Vintage,1,3,customs desc; fibre; manufacturer,,,,1,,1,,1,,,CIN7,,NONE,,NONE,NO,fibre; manufacturer,Used Vintage garment
CONTINUITY,NEW,,,VN-ONLN-10777,Valentino Tee (M),VN-ONLN-10777,Valentino Tee (M),CIN7_IMPORT,Vintage,Vintage,1,3,customs desc; fibre; manufacturer,,,,1,,1,,1,,,CIN7,,NONE,,NONE,NO,fibre; manufacturer,Used Vintage garment
CONTINUITY,NEW,,,LIV-FM-JS-BN,Jess Banana Tech,LIV-FM-JS-BN,Jess Banana Tech,CIN7_IMPORT,Livid Femme,Livid,2,3,customs desc; fibre; manufacturer,,,,1,,1,,1,,,CIN7,,CIN7,,NONE,NO,manufacturer,Men jacket - 100% cotton
CONTINUITY,NEW,,,VN-ONLN-12408,Tommy Hilfiger Crewneck Sweatshirt (M),VN-ONLN-12408,Tommy Hilfiger Crewneck Sweatshirt (M),CIN7_IMPORT,Vintage,Vintage,1,3,customs desc; fibre; manufacturer,,,,1,,1,,1,,,CIN7,,NONE,,NONE,NO,fibre; manufacturer,Used Vintage garment
CONTINUITY,NEW,,,VN-ONLN-11906,Dickies Worker Shirt (XL),VN-ONLN-11906,Dickies Worker Shirt (XL),CIN7_IMPORT,Vintage,Vintage,1,3,customs desc; fibre; manufacturer,,,,1,,1,,1,,,CIN7,,NONE,,NONE,NO,fibre; manufacturer,Used Vintage garment
CONTINUITY,NEW,,,VN-ONLN-11440,80's Sweat (M),VN-ONLN-11440,80's Sweat (M),CIN7_IMPORT,Vintage,Vintage,1,3,customs desc; fibre; manufacturer,,,,1,,1,,1,,,CIN7,,NONE,,NONE,NO,fibre; manufacturer,Used Vintage garment
CONTINUITY,NEW,,,STORAGE-OLE-EIVIND-SORTERING,Ole Eivind Sortering,STORAGE-OLE-EIVIND-SORTERING,Ole Eivind Sortering,CIN7_IMPORT,Vintage,Vintage,1,4,price; customs desc; fibre; manufacturer,,1,,1,,1,,1,NONE,,CIN7,,NONE,,NONE,NO,price; fibre; manufacturer,Used clothing - Vintage
CONTINUITY,NEW,,,LIV-IMP-LVE,Imperfect Live,LIV-IMP-LVE,Imperfect Live,CIN7_IMPORT,Livid Men,Livid,1,4,price; customs desc; fibre; manufacturer,,1,,1,,1,,1,NONE,,CIN7,,CIN7,,NONE,NO,price; manufacturer,Men's jeans - 100% cotton
CONTINUITY,NEW,,,EXT-KNT-ACT-NVY,Active Bottle 600 mL Navy,EXT-KNT-ACT-NVY,Active Bottle 600 mL Navy,CIN7_IMPORT,Kinto,Kinto,1,4,HS code; customs desc; fibre; manufacturer,,,1,1,,1,,1,,NONE,NONE,,NONE,,NONE,NO,HS code; customs desc; fibre; manufacturer,
CONTINUITY,NEW,,,VN-ONLN-9685,Homeknit chunky knit (M),VN-ONLN-9685,Homeknit chunky knit (M),CIN7_IMPORT,Vintage,Vintage,1,3,customs desc; fibre; manufacturer,,,,1,,1,,1,,,CIN7,,NONE,,NONE,NO,fibre; manufacturer,Used Vintage garment
CONTINUITY,NEW,,,VN-ONLN-9766,Tommy Hilfiger light lambswool sweater (XL),VN-ONLN-9766,Tommy Hilfiger light lambswool sweater (XL),CIN7_IMPORT,Vintage,Vintage,1,3,customs desc; fibre; manufacturer,,,,1,,1,,1,,,CIN7,,NONE,,NONE,NO,fibre; manufacturer,Used Vintage garment
CONTINUITY,NEW,,,VN-ONLN-12094,Carven Tie (OneSize),VN-ONLN-12094,Carven Tie (OneSize),CIN7_IMPORT,Vintage,Vintage,1,3,customs desc; fibre; manufacturer,,,,1,,1,,1,,,CIN7,,NONE,,NONE,NO,fibre; manufacturer,Used Vintage garment
CONTINUITY,NEW,,,EXT-PNT-w750-WTWH,Tabitha Cashmere Winter White,EXT-PNT-w750-WTWH,Tabitha Cashmere Winter White,CIN7_IMPORT,Pantherella,Pantherella,1,4,HS code; customs desc; fibre; manufacturer,,,1,1,,1,,1,,CIN7,CIN7,,CIN7,,NONE,NO,manufacturer,Socks - 100% wool
CONTINUITY,NEW,,,VN-ONLN-11597,Vintage US Military Shirt (L),VN-ONLN-11597,Vintage US Military Shirt (L),CIN7_IMPORT,Vintage,Vintage,1,3,customs desc; fibre; manufacturer,,,,1,,1,,1,,,CIN7,,NONE,,NONE,NO,fibre; manufacturer,Used Vintage garment
CONTINUITY,NEW,,,VN-ONLN-9420,90's Diamond Dawgs baseball tee (XL),VN-ONLN-9420,90's Diamond Dawgs baseball tee (XL),CIN7_IMPORT,Vintage,Vintage,1,3,customs desc; fibre; manufacturer,,,,1,,1,,1,,,CIN7,,NONE,,NONE,NO,fibre; manufacturer,Used Vintage garment
CONTINUITY,NEW,,,VN-ONLN-13598,WSU Cougars Tee (S),VN-ONLN-13598,WSU Cougars Tee (S),CIN7_IMPORT,Vintage,Vintage,1,3,customs desc; fibre; manufacturer,,,,1,,1,,1,,,CIN7,,NONE,,NONE,NO,fibre; manufacturer,Used Vintage garment
CONTINUITY,NEW,,,VN-ONLN-11094,JC Penny Western Shirt (M),VN-ONLN-11094,JC Penny Western Shirt (M),CIN7_IMPORT,Vintage,Vintage,1,3,customs desc; fibre; manufacturer,,,,1,,1,,1,,,CIN7,,NONE,,NONE,NO,fibre; manufacturer,Used Vintage garment
CONTINUITY,NEW,,,VN-ONLN-12366,Tommy Hilfiger Shirt (L),VN-ONLN-12366,Tommy Hilfiger Shirt (L),CIN7_IMPORT,Vintage,Vintage,1,3,customs desc; fibre; manufacturer,,,,1,,1,,1,,,CIN7,,NONE,,NONE,NO,fibre; manufacturer,Used Vintage garment
CONTINUITY,NEW,,,VN-ONLN-11240,Silk Resort Shirt (L),VN-ONLN-11240,Silk Resort Shirt (L),CIN7_IMPORT,Vintage,Vintage,1,3,customs desc; fibre; manufacturer,,,,1,,1,,1,,,CIN7,,NONE,,NONE,NO,fibre; manufacturer,Used Vintage garment
CONTINUITY,NEW,,,EXT-NV-MRK-TEE,Market tee,EXT-NV-MRK-TEE,Market tee,CIN7_IMPORT,Vintage,Vintage,1,3,customs desc; fibre; manufacturer,,,,1,,1,,1,,,CIN7,,NONE,,NONE,NO,fibre; manufacturer,Used clothing - Vintage
CONTINUITY,NEW,,,LIV-SLGSV-F-TESNGL,"Salgs-Tee-Singlet-Longsleeve, dame",LIV-SLGSV-F-TESNGL,"Salgs-Tee-Singlet-Longsleeve, dame",CIN7_IMPORT,Livid Femme,Livid,1,3,customs desc; fibre; manufacturer,,,,1,,1,,1,,,CIN7,,CIN7,,NONE,NO,manufacturer,Men's T-Shirt - 100% Cotton
CONTINUITY,NEW,,,VN-ONLN-9509,Brooks Brothers print flannel shirt (XL),VN-ONLN-9509,Brooks Brothers print flannel shirt (XL),CIN7_IMPORT,Vintage,Vintage,1,3,customs desc; fibre; manufacturer,,,,1,,1,,1,,,CIN7,,NONE,,NONE,NO,fibre; manufacturer,Used Vintage garment
CONTINUITY,NEW,,,LIV-KNPOP-RW-BRWN-STRP,Keen Raw Brown Stripe Pop,LIV-KNPOP-RW-BRWN-STRP,Keen Raw Brown Stripe Pop,CIN7_IMPORT,Livid Men,Livid,1,3,customs desc; fibre; manufacturer,,,,1,,1,,1,,,CIN7,,CIN7,,NONE,NO,manufacturer,Men's Shirt - 100% cotton
CONTINUITY,NEW,,,VN-ONLN-12325,Jaquard Wool Knit Sweater (XL),VN-ONLN-12325,Jaquard Wool Knit Sweater (XL),CIN7_IMPORT,Vintage,Vintage,1,3,customs desc; fibre; manufacturer,,,,1,,1,,1,,,CIN7,,NONE,,NONE,NO,fibre; manufacturer,Used Vintage garment
CONTINUITY,NEW,,,VN-ONLN-10740,Silk Resort Shirt (L),VN-ONLN-10740,Silk Resort Shirt (L),CIN7_IMPORT,Vintage,Vintage,1,3,customs desc; fibre; manufacturer,,,,1,,1,,1,,,CIN7,,NONE,,NONE,NO,fibre; manufacturer,Used Vintage garment
CONTINUITY,NEW,,,VN-ONLN-10204,Cacharel Sunglasses (OneSize),VN-ONLN-10204,Cacharel Sunglasses (OneSize),CIN7_IMPORT,Vintage,Vintage,1,3,customs desc; fibre; manufacturer,,,,1,,1,,1,,,CIN7,,NONE,,NONE,NO,fibre; manufacturer,Used Vintage garment
CONTINUITY,NEW,,,STORAGE-EPLEHUSET-REKLAMASJONER,Eplehuset Reklamasjoner,STORAGE-EPLEHUSET-REKLAMASJONER,Eplehuset Reklamasjoner,CIN7_IMPORT,LAGER,LAGER,1,6,HS code; customs desc; weight; fibre; origin; manufacturer,,,1,1,1,1,1,1,,NONE,NONE,NONE,NONE,NONE,NONE,NO,HS code; customs desc; weight; fibre; origin; manufacturer,
CONTINUITY,NEW,,,STORAGE-ELEKTRONIKK,Elektronikk,STORAGE-ELEKTRONIKK,Elektronikk,CIN7_IMPORT,LAGER,LAGER,1,6,HS code; customs desc; weight; fibre; origin; manufacturer,,,1,1,1,1,1,1,,NONE,NONE,NONE,NONE,NONE,NONE,NO,HS code; customs desc; weight; fibre; origin; manufacturer,
CONTINUITY,NEW,,,EXT-VN-LTHVST,Leather vest,EXT-VN-LTHVST,Leather vest,CIN7_IMPORT,Vintage,Vintage,1,3,customs desc; fibre; manufacturer,,,,1,,1,,1,,,CIN7,,NONE,,NONE,NO,fibre; manufacturer,Used clothing - Vintage
CONTINUITY,NEW,,,VN-ONLN-10057,Harley Tee (L),VN-ONLN-10057,Harley Tee (L),CIN7_IMPORT,Vintage,Vintage,1,3,customs desc; fibre; manufacturer,,,,1,,1,,1,,,CIN7,,NONE,,NONE,NO,fibre; manufacturer,Used Vintage garment
CONTINUITY,NEW,,,VN-ONLN-12701,Jamaica Jaxx Silk Shirt (M),VN-ONLN-12701,Jamaica Jaxx Silk Shirt (M),CIN7_IMPORT,Vintage,Vintage,1,3,customs desc; fibre; manufacturer,,,,1,,1,,1,,,CIN7,,NONE,,NONE,NO,fibre; manufacturer,Used Vintage garment
CONTINUITY,NEW,,,VN-ONLN-12761,Champion Sweatshirt (L),VN-ONLN-12761,Champion Sweatshirt (L),CIN7_IMPORT,Vintage,Vintage,1,3,customs desc; fibre; manufacturer,,,,1,,1,,1,,,CIN7,,NONE,,NONE,NO,fibre; manufacturer,Used Vintage garment
CONTINUITY,NEW,,,VN-ONLN-9186,Boy Scouts of America Jac-Shirt (XL),VN-ONLN-9186,Boy Scouts of America Jac-Shirt (XL),CIN7_IMPORT,Vintage,Vintage,1,3,customs desc; fibre; manufacturer,,,,1,,1,,1,,,CIN7,,NONE,,NONE,NO,fibre; manufacturer,Used Vintage garment
CONTINUITY,NEW,,,IMP-LIV-KRLN-OLV,"Keri Linen Olive, 3034*",IMP-LIV-KRLN-OLV,"Keri Linen Olive, 3034*",CIN7_IMPORT,Livid Unisex,Livid,2,3,customs desc; fibre; manufacturer,,,,1,,1,,1,,,CIN7,,CIN7,,NONE,NO,manufacturer,Men's jeans - 100% cotton
CONTINUITY,NEW,,,EXT-VN-WOJK,Wool Jacket,EXT-VN-WOJK,Wool Jacket,CIN7_IMPORT,Vintage,Vintage,1,3,customs desc; fibre; manufacturer,,,,1,,1,,1,,,CIN7,,NONE,,NONE,NO,fibre; manufacturer,Used clothing - Vintage
CONTINUITY,NEW,,,IMP-LIV-K-JPN-BLCK,Kai Japan Black 33/32*,IMP-LIV-K-JPN-BLCK,Kai Japan Black 33/32*,CIN7_IMPORT,Livid Men,Livid,6,3,customs desc; fibre; manufacturer,,,,1,,1,,1,,,CIN7,,CIN7,,NONE,NO,manufacturer,Men's jeans - 100% cotton
CONTINUITY,NEW,,,LIV-FM-PPR-BKFW,Piper Black Flower,LIV-FM-PPR-BKFW,Piper Black Flower,CIN7_IMPORT,Livid Femme,Livid,1,3,customs desc; fibre; manufacturer,,,,1,,1,,1,,,CIN7,,CIN7,,NONE,NO,manufacturer,Women Skirt - 100% Cotton
CONTINUITY,NEW,,,VN-ONLN-11181,Silk Resort Shirt (XL),VN-ONLN-11181,Silk Resort Shirt (XL),CIN7_IMPORT,Vintage,Vintage,1,3,customs desc; fibre; manufacturer,,,,1,,1,,1,,,CIN7,,NONE,,NONE,NO,fibre; manufacturer,Used Vintage garment
CONTINUITY,NEW,,,VN-ONLN-11210,Tommy Bahama Silk Shirt (XL),VN-ONLN-11210,Tommy Bahama Silk Shirt (XL),CIN7_IMPORT,Vintage,Vintage,1,3,customs desc; fibre; manufacturer,,,,1,,1,,1,,,CIN7,,NONE,,NONE,NO,fibre; manufacturer,Used Vintage garment
CONTINUITY,NEW,,,LIV-KVN-MYSTRS-VLT-STRP,Kavon Mysterioso Violet Stripe,LIV-KVN-MYSTRS-VLT-STRP,Kavon Mysterioso Violet Stripe,CIN7_IMPORT,Livid Men,Livid,1,4,customs desc; fibre; origin; manufacturer,,,,1,,1,1,1,,,CIN7,,CIN7,CIN7,NONE,NO,manufacturer,Men's T-Shirt - 100% Cotton
CONTINUITY,NEW,,,VN-ONLN-10474,Nike Print Longsleeve (XL) (XL),VN-ONLN-10474,Nike Print Longsleeve (XL) (XL),CIN7_IMPORT,Vintage,Vintage,1,3,customs desc; fibre; manufacturer,,,,1,,1,,1,,,CIN7,,NONE,,NONE,NO,fibre; manufacturer,Used Vintage garment
CONTINUITY,NEW,,,EXT-PB-BRC-AM,Briac Lisse America,EXT-PB-BRC-AM,Briac Lisse America,CIN7_IMPORT,Paraboot,Paraboot,4,3,customs desc; fibre; manufacturer,,,,1,,1,,1,,,CIN7,,NONE,,NONE,NO,fibre; manufacturer,Men Shoes
CONTINUITY,NEW,,,VN-ONLN-13258,Silk Resort Shirt (S),VN-ONLN-13258,Silk Resort Shirt (S),CIN7_IMPORT,Vintage,Vintage,1,3,customs desc; fibre; manufacturer,,,,1,,1,,1,,,CIN7,,NONE,,NONE,NO,fibre; manufacturer,Used Vintage garment
CONTINUITY,NEW,,,VN-ONLN-12227,2010 Tommy Hilfiger Windbreaker Jacket (L),VN-ONLN-12227,2010 Tommy Hilfiger Windbreaker Jacket (L),CIN7_IMPORT,Vintage,Vintage,1,3,customs desc; fibre; manufacturer,,,,1,,1,,1,,,CIN7,,NONE,,NONE,NO,fibre; manufacturer,Used Vintage garment
CONTINUITY,NEW,,,VN-ONLN-10900,Diesel Denim Dress (S),VN-ONLN-10900,Diesel Denim Dress (S),CIN7_IMPORT,Vintage,Vintage,1,3,customs desc; fibre; manufacturer,,,,1,,1,,1,,,CIN7,,NONE,,NONE,NO,fibre; manufacturer,Used Vintage garment
CONTINUITY,NEW,,,VN-ONLN-10246,Burberry Sunglasses (OneSize),VN-ONLN-10246,Burberry Sunglasses (OneSize),CIN7_IMPORT,Vintage,Vintage,1,3,customs desc; fibre; manufacturer,,,,1,,1,,1,,,CIN7,,NONE,,NONE,NO,fibre; manufacturer,Used Vintage garment
CONTINUITY,NEW,,,VN-ONLN-13546,Levi's Western Denim Shirt (M),VN-ONLN-13546,Levi's Western Denim Shirt (M),CIN7_IMPORT,Vintage,Vintage,1,3,customs desc; fibre; manufacturer,,,,1,,1,,1,,,CIN7,,NONE,,NONE,NO,fibre; manufacturer,Used Vintage garment
CONTINUITY,NEW,,,STORAGE-STAND-TEPPE,Stand - Teppe,STORAGE-STAND-TEPPE,Stand - Teppe,CIN7_IMPORT,LAGER,LAGER,1,6,HS code; customs desc; weight; fibre; origin; manufacturer,,,1,1,1,1,1,1,,NONE,NONE,NONE,NONE,NONE,NONE,NO,HS code; customs desc; weight; fibre; origin; manufacturer,
CONTINUITY,NEW,,,VN-ONLN-9998,Tommy Hilfiger cotton/cashmere sweater (2XL),VN-ONLN-9998,Tommy Hilfiger cotton/cashmere sweater (2XL),CIN7_IMPORT,Vintage,Vintage,1,3,customs desc; fibre; manufacturer,,,,1,,1,,1,,,CIN7,,NONE,,NONE,NO,fibre; manufacturer,Used Vintage garment
CONTINUITY,NEW,,,VN-ONLN-10856,Quicksilver Silk Resort Shirt (L),VN-ONLN-10856,Quicksilver Silk Resort Shirt (L),CIN7_IMPORT,Vintage,Vintage,1,3,customs desc; fibre; manufacturer,,,,1,,1,,1,,,CIN7,,NONE,,NONE,NO,fibre; manufacturer,Used Vintage garment
CONTINUITY,NEW,,,VN-ONLN-13391,R.M. Williams Rugby Shirt (L),VN-ONLN-13391,R.M. Williams Rugby Shirt (L),CIN7_IMPORT,Vintage,Vintage,1,3,customs desc; fibre; manufacturer,,,,1,,1,,1,,,CIN7,,NONE,,NONE,NO,fibre; manufacturer,Used Vintage garment
CONTINUITY,NEW,,,VN-ONLN-12963,Disney Sorcerer Mickey Tank Top (L),VN-ONLN-12963,Disney Sorcerer Mickey Tank Top (L),CIN7_IMPORT,Vintage,Vintage,1,3,customs desc; fibre; manufacturer,,,,1,,1,,1,,,CIN7,,NONE,,NONE,NO,fibre; manufacturer,Used Vintage garment
CONTINUITY,NEW,,,VN-ONLN-13414,The North Mayfair Improvement Association Tee (M),VN-ONLN-13414,The North Mayfair Improvement Association Tee (M),CIN7_IMPORT,Vintage,Vintage,1,3,customs desc; fibre; manufacturer,,,,1,,1,,1,,,CIN7,,NONE,,NONE,NO,fibre; manufacturer,Used Vintage garment
CONTINUITY,NEW,,,VN-ONLN-12735,Hilfiger Denim Shirt (2XL),VN-ONLN-12735,Hilfiger Denim Shirt (2XL),CIN7_IMPORT,Vintage,Vintage,1,3,customs desc; fibre; manufacturer,,,,1,,1,,1,,,CIN7,,NONE,,NONE,NO,fibre; manufacturer,Used Vintage garment
CONTINUITY,NEW,,,LIV-CRYSTL-BLCK,Crystal Black,LIV-CRYSTL-BLCK,Crystal Black,CIN7_IMPORT,Livid Femme,Livid,3,4,customs desc; fibre; origin; manufacturer,,,,1,,1,1,1,,,CIN7,,CIN7,CIN7,NONE,NO,manufacturer,Men's Sweater - Knitted 100% wiil
CONTINUITY,NEW,,,VN-ONLN-10723,Jamaica Jaxx Silk Shirt (XL),VN-ONLN-10723,Jamaica Jaxx Silk Shirt (XL),CIN7_IMPORT,Vintage,Vintage,1,3,customs desc; fibre; manufacturer,,,,1,,1,,1,,,CIN7,,NONE,,NONE,NO,fibre; manufacturer,Used Vintage garment
CONTINUITY,NEW,,,VN-ONLN-10913,Diesel Denim Dungarees  (W35),VN-ONLN-10913,Diesel Denim Dungarees  (W35),CIN7_IMPORT,Vintage,Vintage,1,3,customs desc; fibre; manufacturer,,,,1,,1,,1,,,CIN7,,NONE,,NONE,NO,fibre; manufacturer,Used Vintage garment
CONTINUITY,NEW,,,VN-ONLN-11931,Carhartt Bomber Jacket (S),VN-ONLN-11931,Carhartt Bomber Jacket (S),CIN7_IMPORT,Vintage,Vintage,1,3,customs desc; fibre; manufacturer,,,,1,,1,,1,,,CIN7,,NONE,,NONE,NO,fibre; manufacturer,Used Vintage garment
CONTINUITY,NEW,,,LIV-GLL-BRWN-WX,Gill Brown Wax,LIV-GLL-BRWN-WX,Gill Brown Wax,CIN7_IMPORT,Livid Men,Livid,4,4,customs desc; fibre; origin; manufacturer,,,,1,,1,1,1,,,CIN7,,CIN7,CIN7,NONE,NO,manufacturer,Men jacket - 100% cotton
CONTINUITY,NEW,,,LIV-FLY-BSCT-JPN-VD,Fealy Bisect Japan Void,LIV-FLY-BSCT-JPN-VD,Fealy Bisect Japan Void,CIN7_IMPORT,Livid Men,Livid,13,3,customs desc; fibre; manufacturer,,,,1,,1,,1,,,CIN7,,CIN7,,NONE,NO,manufacturer,Men's jeans - 100% cotton
CONTINUITY,NEW,,,LIV-PLL-GRPHT-FLFF,Pull Graphite Fluff,LIV-PLL-GRPHT-FLFF,Pull Graphite Fluff,CIN7_IMPORT,Livid Men,Livid,4,4,customs desc; fibre; origin; manufacturer,,,,1,,1,1,1,,,CIN7,,CIN7,CIN7,NONE,NO,manufacturer,Men's Sweater - Knitted 100% wiil
CONTINUITY,NEW,,,LIV-BRS-VOI-STR,Brass Voile Stripe,LIV-BRS-VOI-STR,Brass Voile Stripe,CIN7_IMPORT,Livid Men,Livid,5,3,customs desc; fibre; manufacturer,,,,1,,1,,1,,,CIN7,,CIN7,,NONE,NO,manufacturer,Men's Shirt - 100% cotton
CONTINUITY,NEW,,,LIV-KN-STN-NL-SLK,Keen Stone Noil Silk,LIV-KN-STN-NL-SLK,Keen Stone Noil Silk,CIN7_IMPORT,Livid Men,Livid,4,3,customs desc; fibre; manufacturer,,,,1,,1,,1,,,CIN7,,CIN7,,NONE,NO,manufacturer,Men's Shirt - 100% Silk
CONTINUITY,NEW,,,LIV-IMP-JNE-WRND,Jone Japan Worn Indigo (Imperfect),LIV-IMP-JNE-WRND,Jone Japan Worn Indigo (Imperfect),CIN7_IMPORT,Livid Imperfect,Livid,1,6,HS code; customs desc; weight; fibre; origin; manufacturer,,,1,1,1,1,1,1,,NONE,CIN7,NONE,NONE,CIN7,NONE,NO,HS code; weight; fibre; manufacturer,
CONTINUITY,NEW,,1,LIV-AYO-BLK,Ayon Black,LIV-AYO-BLK,Ayon Black,CIN7_IMPORT,Livid Men,Livid,6,4,customs desc; fibre; origin; manufacturer,,,,1,,1,1,1,,,CIN7,,CIN7,CIN7,NONE,NO,manufacturer,Men's T-Shirt - 100% Cotton
CONTINUITY,NEW,,,VN-ONLN-11635,Hugo Boss Shirt (XL),VN-ONLN-11635,Hugo Boss Shirt (XL),CIN7_IMPORT,Vintage,Vintage,1,3,customs desc; fibre; manufacturer,,,,1,,1,,1,,,CIN7,,NONE,,NONE,NO,fibre; manufacturer,Used Vintage garment
CONTINUITY,NEW,,,VN-ONLN-12969,1993 Looney Tunes Taz Tee (L),VN-ONLN-12969,1993 Looney Tunes Taz Tee (L),CIN7_IMPORT,Vintage,Vintage,1,3,customs desc; fibre; manufacturer,,,,1,,1,,1,,,CIN7,,NONE,,NONE,NO,fibre; manufacturer,Used Vintage garment
CONTINUITY,NEW,,,VN-ONLN-11153,Silk Resort Shirt (XL),VN-ONLN-11153,Silk Resort Shirt (XL),CIN7_IMPORT,Vintage,Vintage,1,3,customs desc; fibre; manufacturer,,,,1,,1,,1,,,CIN7,,NONE,,NONE,NO,fibre; manufacturer,Used Vintage garment
CONTINUITY,NEW,,,VN-ONLN-9677,8's Lightweight cotton multiknit (M),VN-ONLN-9677,8's Lightweight cotton multiknit (M),CIN7_IMPORT,Vintage,Vintage,1,3,customs desc; fibre; manufacturer,,,,1,,1,,1,,,CIN7,,NONE,,NONE,NO,fibre; manufacturer,Used Vintage garment
CONTINUITY,NEW,,,LIV-DUNN-GRN,Dunn Green,LIV-DUNN-GRN,Dunn Green,CIN7_IMPORT,Livid Men,Livid,1,3,customs desc; fibre; manufacturer,,,,1,,1,,1,,,CIN7,,CIN7,,NONE,NO,manufacturer,Men's Cap 100% cotton
CONTINUITY,NEW,,,LIV-CHRS-SLDNVY,Christopher Japan Solid Navy,LIV-CHRS-SLDNVY,Christopher Japan Solid Navy,CIN7_IMPORT,Livid Men,Livid,2,3,customs desc; fibre; manufacturer,,,,1,,1,,1,,,CIN7,,CIN7,,NONE,NO,manufacturer,Men jacket - 100% cotton
CONTINUITY,NEW,,1,LIV-KVN-NVY,Kevin Navy,LIV-KVN-NVY,Kevin Navy,CIN7_IMPORT,Livid Men,Livid,5,4,customs desc; fibre; origin; manufacturer,,,,1,,1,1,1,,,CIN7,,CIN7,CIN7,NONE,NO,manufacturer,Men's Sweater - Knitted 100% wiil
CONTINUITY,NEW,,,STORAGE-PAST-VINTAGE-TAG,PAST Vintage Tag,STORAGE-PAST-VINTAGE-TAG,PAST Vintage Tag,CIN7_IMPORT,Unknown,Unknown,1,7,price; HS code; customs desc; weight; fibre; origin; manufacturer,,1,1,1,1,1,1,1,NONE,NONE,CIN7,NONE,NONE,NONE,NONE,NO,price; HS code; weight; fibre; origin; manufacturer,#N/A
CONTINUITY,NEW,,,S,SAMPLES LABELS,S,SAMPLES LABELS,CIN7_IMPORT,Livid Men,Livid,2,3,customs desc; fibre; manufacturer,,,,1,,1,,1,,,CIN7,,CIN7,,NONE,NO,manufacturer,SAMPLE fabric cutting - 100% Cotton
CONTINUITY,NEW,,,EXT-VIN-LTRSH,Leather Shoes,EXT-VIN-LTRSH,Leather Shoes,CIN7_IMPORT,Vintage,Vintage,1,3,customs desc; fibre; manufacturer,,,,1,,1,,1,,,CIN7,,NONE,,NONE,NO,fibre; manufacturer,Used clothing - Vintage
CONTINUITY,NEW,,,LIV-RTH-PGM,Roth Bloody Pigment Dye,LIV-RTH-PGM,Roth Bloody Pigment Dye,CIN7_IMPORT,Livid Femme,Livid,1,3,customs desc; fibre; manufacturer,,,,1,,1,,1,,,CIN7,,CIN7,,NONE,NO,manufacturer,Men's Sweater - 100% cotton
CONTINUITY,NEW,,,VN-ONLN-12586,90s Tommy Hilfiger Checked Denim Shirt (L),VN-ONLN-12586,90s Tommy Hilfiger Checked Denim Shirt (L),CIN7_IMPORT,Vintage,Vintage,1,3,customs desc; fibre; manufacturer,,,,1,,1,,1,,,CIN7,,NONE,,NONE,NO,fibre; manufacturer,Used Vintage garment
CONTINUITY,NEW,,,VN-ONLN-10336,Polo Ralph Lauren Shirt (XL),VN-ONLN-10336,Polo Ralph Lauren Shirt (XL),CIN7_IMPORT,Vintage,Vintage,1,3,customs desc; fibre; manufacturer,,,,1,,1,,1,,,CIN7,,NONE,,NONE,NO,fibre; manufacturer,Used Vintage garment
CONTINUITY,NEW,,,VN-ONLN-12929,Ralph Lauren Blake Shirt (M),VN-ONLN-12929,Ralph Lauren Blake Shirt (M),CIN7_IMPORT,Vintage,Vintage,1,3,customs desc; fibre; manufacturer,,,,1,,1,,1,,,CIN7,,NONE,,NONE,NO,fibre; manufacturer,Used Vintage garment
CONTINUITY,NEW,,,VN-ONLN-12369,Tommy Hilfiger Shirt (2XL),VN-ONLN-12369,Tommy Hilfiger Shirt (2XL),CIN7_IMPORT,Vintage,Vintage,1,3,customs desc; fibre; manufacturer,,,,1,,1,,1,,,CIN7,,NONE,,NONE,NO,fibre; manufacturer,Used Vintage garment
CONTINUITY,NEW,,,VN-ONLN-9404,Tommy Hilfiger Jacket (L),VN-ONLN-9404,Tommy Hilfiger Jacket (L),CIN7_IMPORT,Vintage,Vintage,1,3,customs desc; fibre; manufacturer,,,,1,,1,,1,,,CIN7,,NONE,,NONE,NO,fibre; manufacturer,Used Vintage garment
CONTINUITY,NEW,,,LIV-STN-BLK,Stanton Black,LIV-STN-BLK,Stanton Black,CIN7_IMPORT,Livid Men,Livid,4,3,customs desc; fibre; manufacturer,,,,1,,1,,1,,,CIN7,,CIN7,,NONE,NO,manufacturer,Men's Sweater - Knitted 100% wiil
CONTINUITY,NEW,,,LIV-PAC-BIL-FAD,Paco Bile Fadeout,LIV-PAC-BIL-FAD,Paco Bile Fadeout,CIN7_IMPORT,Livid Men,Livid,4,3,customs desc; fibre; manufacturer,,,,1,,1,,1,,,CIN7,,CIN7,,NONE,NO,manufacturer,Men's singlet - 100% cotton
CONTINUITY,NEW,,,LIV-IMP-TUE-SKS,Tue Straight Japan Sky Selvage (Imperfect),LIV-IMP-TUE-SKS,Tue Straight Japan Sky Selvage (Imperfect),CIN7_IMPORT,Livid Imperfect,Livid,1,6,HS code; customs desc; weight; fibre; origin; manufacturer,,,1,1,1,1,1,1,,NONE,CIN7,NONE,NONE,CIN7,NONE,NO,HS code; weight; fibre; manufacturer,
CONTINUITY,NEW,,,IMP-LIV-KRI-JPN-SNDBX,"Keri Japan Sandbox, 2832*",IMP-LIV-KRI-JPN-SNDBX,"Keri Japan Sandbox, 2832*",CIN7_IMPORT,Livid Unisex,Livid,2,3,customs desc; fibre; manufacturer,,,,1,,1,,1,,,CIN7,,CIN7,,NONE,NO,manufacturer,Men's jeans - 100% cotton
CONTINUITY,NEW,,,STORAGE-OCTA-SWATCHES,Octa Swatches,STORAGE-OCTA-SWATCHES,Octa Swatches,CIN7_IMPORT,LAGER,LAGER,1,6,HS code; customs desc; weight; fibre; origin; manufacturer,,,1,1,1,1,1,1,,NONE,NONE,NONE,NONE,NONE,NONE,NO,HS code; customs desc; weight; fibre; origin; manufacturer,
CONTINUITY,NEW,,,VN-ONLN-13250,Silk Resort Shirt (XL),VN-ONLN-13250,Silk Resort Shirt (XL),CIN7_IMPORT,Vintage,Vintage,1,3,customs desc; fibre; manufacturer,,,,1,,1,,1,,,CIN7,,NONE,,NONE,NO,fibre; manufacturer,Used Vintage garment
CONTINUITY,NEW,,,VN-ONLN-13470,Harvard University Crewneck (L),VN-ONLN-13470,Harvard University Crewneck (L),CIN7_IMPORT,Vintage,Vintage,1,3,customs desc; fibre; manufacturer,,,,1,,1,,1,,,CIN7,,NONE,,NONE,NO,fibre; manufacturer,Used Vintage garment
CONTINUITY,NEW,,,VN-ONLN-10493,Sergio Tacchini Pique  (M) (M),VN-ONLN-10493,Sergio Tacchini Pique  (M) (M),CIN7_IMPORT,Vintage,Vintage,1,3,customs desc; fibre; manufacturer,,,,1,,1,,1,,,CIN7,,NONE,,NONE,NO,fibre; manufacturer,Used Vintage garment
CONTINUITY,NEW,,,VN-ONLN-12567,Jaquard Knit Sweater (2XL),VN-ONLN-12567,Jaquard Knit Sweater (2XL),CIN7_IMPORT,Vintage,Vintage,1,3,customs desc; fibre; manufacturer,,,,1,,1,,1,,,CIN7,,NONE,,NONE,NO,fibre; manufacturer,Used Vintage garment
CONTINUITY,NEW,,,VN-ONLN-13411,Wyant's Store Tee (XL),VN-ONLN-13411,Wyant's Store Tee (XL),CIN7_IMPORT,Vintage,Vintage,1,3,customs desc; fibre; manufacturer,,,,1,,1,,1,,,CIN7,,NONE,,NONE,NO,fibre; manufacturer,Used Vintage garment
CONTINUITY,NEW,,,VN-ONLN-10202,Mauboussin Sunglasses (OneSize),VN-ONLN-10202,Mauboussin Sunglasses (OneSize),CIN7_IMPORT,Vintage,Vintage,1,3,customs desc; fibre; manufacturer,,,,1,,1,,1,,,CIN7,,NONE,,NONE,NO,fibre; manufacturer,Used Vintage garment
CONTINUITY,NEW,,,IMP-LIV-BAR-FAD-MUD,"Barnes Fade Mud, 3634*",IMP-LIV-BAR-FAD-MUD,"Barnes Fade Mud, 3634*",CIN7_IMPORT,Livid Men,Livid,4,3,customs desc; fibre; manufacturer,,,,1,,1,,1,,,CIN7,,CIN7,,NONE,NO,manufacturer,Men's jeans - 100% cotton
CONTINUITY,NEW,,,VN-ONLN-13489,Tommy Bahama Silk Shirt (M),VN-ONLN-13489,Tommy Bahama Silk Shirt (M),CIN7_IMPORT,Vintage,Vintage,1,3,customs desc; fibre; manufacturer,,,,1,,1,,1,,,CIN7,,NONE,,NONE,NO,fibre; manufacturer,Used Vintage garment
CONTINUITY,NEW,,,VN-ONLN-10350,Tommy Hilfiger shirt (S),VN-ONLN-10350,Tommy Hilfiger shirt (S),CIN7_IMPORT,Vintage,Vintage,1,3,customs desc; fibre; manufacturer,,,,1,,1,,1,,,CIN7,,NONE,,NONE,NO,fibre; manufacturer,Used Vintage garment
CONTINUITY,NEW,,,IMP-LIV-T-JPN-NW-BL,"Tia Japan New Blue, 2734*",IMP-LIV-T-JPN-NW-BL,"Tia Japan New Blue, 2734*",CIN7_IMPORT,Livid Femme,Livid,5,3,customs desc; fibre; manufacturer,,,,1,,1,,1,,,CIN7,,CIN7,,NONE,NO,manufacturer,Men's jeans - 100% cotton
CONTINUITY,NEW,,,LIV-FM-JN-DRGM,Juno Beanie Dark Grey melange,LIV-FM-JN-DRGM,Juno Beanie Dark Grey melange,CIN7_IMPORT,Livid Femme,Livid,1,3,customs desc; fibre; manufacturer,,,,1,,1,,1,,,CIN7,,CIN7,,NONE,NO,manufacturer,Cap men - 100% Cotton
CONTINUITY,NEW,,,IMP-LIV-KR-LN-GRN,"Keri Green Linen, 2934*",IMP-LIV-KR-LN-GRN,"Keri Green Linen, 2934*",CIN7_IMPORT,Livid Femme,Livid,4,3,customs desc; fibre; manufacturer,,,,1,,1,,1,,,CIN7,,CIN7,,NONE,NO,manufacturer,Men's trouser - 100% cotton
CONTINUITY,NEW,,,EXT-VN-MRKTJK,Market Jacket,EXT-VN-MRKTJK,Market Jacket,CIN7_IMPORT,Vintage,Vintage,1,3,customs desc; fibre; manufacturer,,,,1,,1,,1,,,CIN7,,NONE,,NONE,NO,fibre; manufacturer,Used clothing - Vintage
CONTINUITY,NEW,,,LIV-IMP-ELA,Imperfect Ella,LIV-IMP-ELA,Imperfect Ella,CIN7_IMPORT,Livid Men,Livid,1,4,price; customs desc; fibre; manufacturer,,1,,1,,1,,1,NONE,,CIN7,,CIN7,,NONE,NO,price; manufacturer,Men's jeans - 100% cotton
CONTINUITY,NEW,,,VN-ONLN-12951,Champion Track Jacket (2XL),VN-ONLN-12951,Champion Track Jacket (2XL),CIN7_IMPORT,Vintage,Vintage,1,3,customs desc; fibre; manufacturer,,,,1,,1,,1,,,CIN7,,NONE,,NONE,NO,fibre; manufacturer,Used Vintage garment
CONTINUITY,NEW,,,VN-ONLN-11237,Silk Resort Shirt (XL),VN-ONLN-11237,Silk Resort Shirt (XL),CIN7_IMPORT,Vintage,Vintage,1,3,customs desc; fibre; manufacturer,,,,1,,1,,1,,,CIN7,,NONE,,NONE,NO,fibre; manufacturer,Used Vintage garment
CONTINUITY,NEW,,,VN-ONLN-10734,Jamaica Jaxx Silk Shirt (XL),VN-ONLN-10734,Jamaica Jaxx Silk Shirt (XL),CIN7_IMPORT,Vintage,Vintage,1,3,customs desc; fibre; manufacturer,,,,1,,1,,1,,,CIN7,,NONE,,NONE,NO,fibre; manufacturer,Used Vintage garment
CONTINUITY,NEW,,,IMP-LIV-FLY-BSCT-JPN-VD,"Fealy Bisect Japan Void, 3132*",IMP-LIV-FLY-BSCT-JPN-VD,"Fealy Bisect Japan Void, 3132*",CIN7_IMPORT,Livid Men,Livid,1,3,customs desc; fibre; manufacturer,,,,1,,1,,1,,,CIN7,,CIN7,,NONE,NO,manufacturer,Men's jeans - 100% cotton
CONTINUITY,NEW,,,LIV-WCSTR-JP-CVRYGRN,winchester japan cavalry green,LIV-WCSTR-JP-CVRYGRN,winchester japan cavalry green,CIN7_IMPORT,Livid Men,Livid,4,3,customs desc; fibre; manufacturer,,,,1,,1,,1,,,CIN7,,CIN7,,NONE,NO,manufacturer,Men's Shirt - 100% cotton
CONTINUITY,NEW,,,IMP-LIV-BRNS-JPFD,"Barnes Japan Fade, 3232*",IMP-LIV-BRNS-JPFD,"Barnes Japan Fade, 3232*",CIN7_IMPORT,Livid Men,Livid,10,3,customs desc; fibre; manufacturer,,,,1,,1,,1,,,CIN7,,CIN7,,NONE,NO,manufacturer,Men's jeans - 100% cotton
CONTINUITY,NEW,,,IMP-LIV-BTH-JPN-GRVL,"Beth Japan Gravel, 2832*",IMP-LIV-BTH-JPN-GRVL,"Beth Japan Gravel, 2832*",CIN7_IMPORT,Livid Unisex,Livid,7,3,customs desc; fibre; manufacturer,,,,1,,1,,1,,,CIN7,,CIN7,,NONE,NO,manufacturer,Men's jeans - 100% cotton
CONTINUITY,NEW,,,IMP-LIV-MRG-JPN-WHT,Margo Japan White 30/32*,IMP-LIV-MRG-JPN-WHT,Margo Japan White 30/32*,CIN7_IMPORT,Livid Femme,Livid,1,3,customs desc; fibre; manufacturer,,,,1,,1,,1,,,CIN7,,CIN7,,NONE,NO,manufacturer,Men's jeans - 100% cotton
CONTINUITY,NEW,,,VN-ONLN-9663,L.L. Bean flannel shirt (M),VN-ONLN-9663,L.L. Bean flannel shirt (M),CIN7_IMPORT,Vintage,Vintage,1,3,customs desc; fibre; manufacturer,,,,1,,1,,1,,,CIN7,,NONE,,NONE,NO,fibre; manufacturer,Used Vintage garment
CONTINUITY,NEW,,,LIV-SLGSV-F-JNS,"Salgsjeans, dame",LIV-SLGSV-F-JNS,"Salgsjeans, dame",CIN7_IMPORT,Livid Femme,Livid,1,3,customs desc; fibre; manufacturer,,,,1,,1,,1,,,CIN7,,CIN7,,NONE,NO,manufacturer,Men's jeans - 100% cotton
CONTINUITY,NEW,,,EXT-CMPLB-TRMNT,Tormenta Mesh Somera-Meteor,EXT-CMPLB-TRMNT,Tormenta Mesh Somera-Meteor,CIN7_IMPORT,Camperlab,Camperlab,4,3,customs desc; fibre; manufacturer,,,,1,,1,,1,,,CIN7,,NONE,,NONE,NO,fibre; manufacturer,Men Shoes
CONTINUITY,NEW,,,VN-ONLN-13309,Caribbean Rayon Shirt (XL),VN-ONLN-13309,Caribbean Rayon Shirt (XL),CIN7_IMPORT,Vintage,Vintage,1,3,customs desc; fibre; manufacturer,,,,1,,1,,1,,,CIN7,,NONE,,NONE,NO,fibre; manufacturer,Used Vintage garment
CONTINUITY,NEW,,,VN-ONLN-9689,90's Canadian cotton knit (M),VN-ONLN-9689,90's Canadian cotton knit (M),CIN7_IMPORT,Vintage,Vintage,1,3,customs desc; fibre; manufacturer,,,,1,,1,,1,,,CIN7,,NONE,,NONE,NO,fibre; manufacturer,Used Vintage garment
CONTINUITY,NEW,,,VN-ONLN-13528,Lee Mt. Zion Sweatshirt (L),VN-ONLN-13528,Lee Mt. Zion Sweatshirt (L),CIN7_IMPORT,Vintage,Vintage,1,3,customs desc; fibre; manufacturer,,,,1,,1,,1,,,CIN7,,NONE,,NONE,NO,fibre; manufacturer,Used Vintage garment
CONTINUITY,NEW,,,VN-ONLN-10497,Valentino Sport Pique (S) (S),VN-ONLN-10497,Valentino Sport Pique (S) (S),CIN7_IMPORT,Vintage,Vintage,1,3,customs desc; fibre; manufacturer,,,,1,,1,,1,,,CIN7,,NONE,,NONE,NO,fibre; manufacturer,Used Vintage garment
CONTINUITY,NEW,,,VN-ONLN-11185,Silk Resort Shirt (L),VN-ONLN-11185,Silk Resort Shirt (L),CIN7_IMPORT,Vintage,Vintage,1,3,customs desc; fibre; manufacturer,,,,1,,1,,1,,,CIN7,,NONE,,NONE,NO,fibre; manufacturer,Used Vintage garment
CONTINUITY,NEW,,,IMP-LIV-KERI-LIN-BONE,"Keri Linen Bone, 3034*",IMP-LIV-KERI-LIN-BONE,"Keri Linen Bone, 3034*",CIN7_IMPORT,Livid Femme,Livid,3,3,customs desc; fibre; manufacturer,,,,1,,1,,1,,,CIN7,,CIN7,,NONE,NO,manufacturer,Men's trouser - 100% cotton
CONTINUITY,NEW,,,VN-ONLN-10981,Gucci Sunglasses (OneSize),VN-ONLN-10981,Gucci Sunglasses (OneSize),CIN7_IMPORT,Vintage,Vintage,1,3,customs desc; fibre; manufacturer,,,,1,,1,,1,,,CIN7,,NONE,,NONE,NO,fibre; manufacturer,Used Vintage garment
CONTINUITY,NEW,,,VN-ONLN-11312,Vintage Knitted Sweater (L),VN-ONLN-11312,Vintage Knitted Sweater (L),CIN7_IMPORT,Vintage,Vintage,1,3,customs desc; fibre; manufacturer,,,,1,,1,,1,,,CIN7,,NONE,,NONE,NO,fibre; manufacturer,Used Vintage garment
CONTINUITY,NEW,,,VN-ONLN-11799,Missoni Tie (OneSize),VN-ONLN-11799,Missoni Tie (OneSize),CIN7_IMPORT,Vintage,Vintage,1,3,customs desc; fibre; manufacturer,,,,1,,1,,1,,,CIN7,,NONE,,NONE,NO,fibre; manufacturer,Used Vintage garment
CONTINUITY,NEW,,,VN-ONLN-11627,Tommy Hilfiger Shirt (M),VN-ONLN-11627,Tommy Hilfiger Shirt (M),CIN7_IMPORT,Vintage,Vintage,1,3,customs desc; fibre; manufacturer,,,,1,,1,,1,,,CIN7,,NONE,,NONE,NO,fibre; manufacturer,Used Vintage garment
CONTINUITY,NEW,,,VN-ONLN-12293,Double Breasted Trench Coat (L),VN-ONLN-12293,Double Breasted Trench Coat (L),CIN7_IMPORT,Vintage,Vintage,1,3,customs desc; fibre; manufacturer,,,,1,,1,,1,,,CIN7,,NONE,,NONE,NO,fibre; manufacturer,Used Vintage garment
CONTINUITY,NEW,,,VN-ONLN-12152,70's Eaton's Men's Retro Knit Sweater (S),VN-ONLN-12152,70's Eaton's Men's Retro Knit Sweater (S),CIN7_IMPORT,Vintage,Vintage,1,3,customs desc; fibre; manufacturer,,,,1,,1,,1,,,CIN7,,NONE,,NONE,NO,fibre; manufacturer,Used Vintage garment
CONTINUITY,NEW,,,VN-ONLN-13516,Nova Scotia Tee (XL),VN-ONLN-13516,Nova Scotia Tee (XL),CIN7_IMPORT,Vintage,Vintage,1,3,customs desc; fibre; manufacturer,,,,1,,1,,1,,,CIN7,,NONE,,NONE,NO,fibre; manufacturer,Used Vintage garment
CONTINUITY,NEW,,,LIV-MR-JP-DWN,Moore Japan Dawn,LIV-MR-JP-DWN,Moore Japan Dawn,CIN7_IMPORT,Livid Men,Livid,1,3,customs desc; fibre; manufacturer,,,,1,,1,,1,,,CIN7,,CIN7,,NONE,NO,manufacturer,Men jacket - 100% cotton
CONTINUITY,NEW,,,LIV-Lou-L-G,Lou Long Green,LIV-Lou-L-G,Lou Long Green,CIN7_IMPORT,Livid Men,Livid,1,3,customs desc; fibre; manufacturer,,,,1,,1,,1,,,CIN7,,CIN7,,NONE,NO,manufacturer,Men's Shorts - 100% Cotton
CONTINUITY,NEW,,,VN-ONLN-10698,L.L. Bean Outdoor Shirt (XL),VN-ONLN-10698,L.L. Bean Outdoor Shirt (XL),CIN7_IMPORT,Vintage,Vintage,1,3,customs desc; fibre; manufacturer,,,,1,,1,,1,,,CIN7,,NONE,,NONE,NO,fibre; manufacturer,Used Vintage garment
CONTINUITY,NEW,,,EXT-VN-WNOTD,Winter outdoor jacket,EXT-VN-WNOTD,Winter outdoor jacket,CIN7_IMPORT,Vintage,Vintage,1,3,customs desc; fibre; manufacturer,,,,1,,1,,1,,,CIN7,,NONE,,NONE,NO,fibre; manufacturer,Used clothing - Vintage
CONTINUITY,NEW,,,VN-ONLN-11167,Silk Resort Shirt (L),VN-ONLN-11167,Silk Resort Shirt (L),CIN7_IMPORT,Vintage,Vintage,1,3,customs desc; fibre; manufacturer,,,,1,,1,,1,,,CIN7,,NONE,,NONE,NO,fibre; manufacturer,Used Vintage garment
CONTINUITY,NEW,,,VN-ONLN-11200,Tommy Bahama Silk Shirt (XL),VN-ONLN-11200,Tommy Bahama Silk Shirt (XL),CIN7_IMPORT,Vintage,Vintage,1,3,customs desc; fibre; manufacturer,,,,1,,1,,1,,,CIN7,,NONE,,NONE,NO,fibre; manufacturer,Used Vintage garment
CONTINUITY,NEW,,,LIV-KN-BLCK-FN-SLK,Keen Black Fine Silk,LIV-KN-BLCK-FN-SLK,Keen Black Fine Silk,CIN7_IMPORT,Livid Men,Livid,3,4,customs desc; fibre; origin; manufacturer,,,,1,,1,1,1,,,CIN7,,CIN7,CIN7,NONE,NO,manufacturer,Men's Shirt - 100% cotton
CONTINUITY,NEW,,,STORAGE-LYS,Lys,STORAGE-LYS,Lys,CIN7_IMPORT,LAGER,LAGER,1,6,HS code; customs desc; weight; fibre; origin; manufacturer,,,1,1,1,1,1,1,,NONE,NONE,NONE,NONE,NONE,NONE,NO,HS code; customs desc; weight; fibre; origin; manufacturer,
CONTINUITY,NEW,,,EXT-VN-FXHT,Faux Fur Hat,EXT-VN-FXHT,Faux Fur Hat,CIN7_IMPORT,Vintage,Vintage,1,3,customs desc; fibre; manufacturer,,,,1,,1,,1,,,CIN7,,NONE,,NONE,NO,fibre; manufacturer,Used clothing - Vintage
CONTINUITY,NEW,,,VN-ONLN-9347,80's Varsity jacket (S),VN-ONLN-9347,80's Varsity jacket (S),CIN7_IMPORT,Vintage,Vintage,1,3,customs desc; fibre; manufacturer,,,,1,,1,,1,,,CIN7,,NONE,,NONE,NO,fibre; manufacturer,Used Vintage garment
CONTINUITY,NEW,,,VN-ONLN-9478,90's Italian pattern knit (M),VN-ONLN-9478,90's Italian pattern knit (M),CIN7_IMPORT,Vintage,Vintage,1,3,customs desc; fibre; manufacturer,,,,1,,1,,1,,,CIN7,,NONE,,NONE,NO,fibre; manufacturer,Used Vintage garment
CONTINUITY,NEW,,,VN-ONLN-10347,Tommy Hilfiger shirt (L),VN-ONLN-10347,Tommy Hilfiger shirt (L),CIN7_IMPORT,Vintage,Vintage,1,3,customs desc; fibre; manufacturer,,,,1,,1,,1,,,CIN7,,NONE,,NONE,NO,fibre; manufacturer,Used Vintage garment
CONTINUITY,NEW,,,VN-ONLN-10728,Silk Resort Shirt (L),VN-ONLN-10728,Silk Resort Shirt (L),CIN7_IMPORT,Vintage,Vintage,1,3,customs desc; fibre; manufacturer,,,,1,,1,,1,,,CIN7,,NONE,,NONE,NO,fibre; manufacturer,Used Vintage garment
CONTINUITY,NEW,,,VN-ONLN-10724,Tommy Bahama Silk Shirt (L),VN-ONLN-10724,Tommy Bahama Silk Shirt (L),CIN7_IMPORT,Vintage,Vintage,1,3,customs desc; fibre; manufacturer,,,,1,,1,,1,,,CIN7,,NONE,,NONE,NO,fibre; manufacturer,Used Vintage garment
CONTINUITY,NEW,,,IMP-LIV-MRG-JPN-BRKN,Margo Japan Broken 28/32*,IMP-LIV-MRG-JPN-BRKN,Margo Japan Broken 28/32*,CIN7_IMPORT,Livid Femme,Livid,7,3,customs desc; fibre; manufacturer,,,,1,,1,,1,,,CIN7,,CIN7,,NONE,NO,manufacturer,Men's jeans - 100% cotton
CONTINUITY,NEW,,,IMP-LIV-KRI-JP-FGG,"Keri Japan Fog, 3134*",IMP-LIV-KRI-JP-FGG,"Keri Japan Fog, 3134*",CIN7_IMPORT,Livid Unisex,Livid,1,3,customs desc; fibre; manufacturer,,,,1,,1,,1,,,CIN7,,CIN7,,NONE,NO,manufacturer,Men's jeans - 100% cotton
CONTINUITY,NEW,,,STORAGE-FOLIE,Folie,STORAGE-FOLIE,Folie,CIN7_IMPORT,Storage,Storage,1,5,HS code; customs desc; fibre; origin; manufacturer,,,1,1,,1,1,1,,NONE,CIN7,,NONE,NONE,NONE,NO,HS code; fibre; origin; manufacturer,Lager
CONTINUITY,NEW,,,EXT-RT-CW3P-OFGR,Recycled Cotton/Wool Daily 3 Pack Socks Off White/Grey,EXT-RT-CW3P-OFGR,Recycled Cotton/Wool Daily 3 Pack Socks Off White/Grey,CIN7_IMPORT,Rototo,Rototo,1,3,customs desc; fibre; manufacturer,,,,1,,1,,1,,,CIN7,,CIN7,,NONE,NO,manufacturer,Socks - 100% wool
CONTINUITY,NEW,,,VN-ONLN-11180,Silk Resort Shirt (L),VN-ONLN-11180,Silk Resort Shirt (L),CIN7_IMPORT,Vintage,Vintage,1,3,customs desc; fibre; manufacturer,,,,1,,1,,1,,,CIN7,,NONE,,NONE,NO,fibre; manufacturer,Used Vintage garment
CONTINUITY,NEW,,,VN-ONLN-13512,B.M.O.C Tee (XL),VN-ONLN-13512,B.M.O.C Tee (XL),CIN7_IMPORT,Vintage,Vintage,1,3,customs desc; fibre; manufacturer,,,,1,,1,,1,,,CIN7,,NONE,,NONE,NO,fibre; manufacturer,Used Vintage garment
CONTINUITY,NEW,,,VN-ONLN-11107,Tommy Hilfilger Shirt (XL),VN-ONLN-11107,Tommy Hilfilger Shirt (XL),CIN7_IMPORT,Vintage,Vintage,1,3,customs desc; fibre; manufacturer,,,,1,,1,,1,,,CIN7,,NONE,,NONE,NO,fibre; manufacturer,Used Vintage garment
CONTINUITY,NEW,,,STORAGE-PRISTAGS,Pristags,STORAGE-PRISTAGS,Pristags,CIN7_IMPORT,Storage,Storage,1,5,HS code; customs desc; fibre; origin; manufacturer,,,1,1,,1,1,1,,NONE,CIN7,,NONE,NONE,NONE,NO,HS code; fibre; origin; manufacturer,Lager
CONTINUITY,NEW,,,EXT-NRD-001-SKYW,001 W Sky 7,EXT-NRD-001-SKYW,001 W Sky 7,CIN7_IMPORT,Norda,Norda,3,3,customs desc; fibre; manufacturer,,,,1,,1,,1,,,CIN7,,NONE,,NONE,NO,fibre; manufacturer,Men Shoes
CONTINUITY,NEW,,,VN-ONLN-12255,Traditional Knit Sweater (L),VN-ONLN-12255,Traditional Knit Sweater (L),CIN7_IMPORT,Vintage,Vintage,1,3,customs desc; fibre; manufacturer,,,,1,,1,,1,,,CIN7,,NONE,,NONE,NO,fibre; manufacturer,Used Vintage garment
CONTINUITY,NEW,,,VN-ONLN-11806,Vintage Cardigan Knit (L),VN-ONLN-11806,Vintage Cardigan Knit (L),CIN7_IMPORT,Vintage,Vintage,1,3,customs desc; fibre; manufacturer,,,,1,,1,,1,,,CIN7,,NONE,,NONE,NO,fibre; manufacturer,Used Vintage garment
CONTINUITY,NEW,,,LIV-KN,Kean Earthly Multi-Col OS,LIV-KN,Kean Earthly Multi-Col OS,CIN7_IMPORT,Livid Men,Livid,1,3,customs desc; fibre; manufacturer,,,,1,,1,,1,,,CIN7,,CIN7,,NONE,NO,manufacturer,Women's Bag - 100% Leather
CONTINUITY,NEW,,,VN-ONLN-12526,90's Burberry Womens Pique Dress (L),VN-ONLN-12526,90's Burberry Womens Pique Dress (L),CIN7_IMPORT,Vintage,Vintage,1,3,customs desc; fibre; manufacturer,,,,1,,1,,1,,,CIN7,,NONE,,NONE,NO,fibre; manufacturer,Used Vintage garment
CONTINUITY,NEW,,,VN-ONLN-10123,Massimo Dutti Linen shirt (M),VN-ONLN-10123,Massimo Dutti Linen shirt (M),CIN7_IMPORT,Vintage,Vintage,1,3,customs desc; fibre; manufacturer,,,,1,,1,,1,,,CIN7,,NONE,,NONE,NO,fibre; manufacturer,Used Vintage garment
CONTINUITY,NEW,,,VN-ONLN-10955,90's Marlboro Classics Tee (2XL),VN-ONLN-10955,90's Marlboro Classics Tee (2XL),CIN7_IMPORT,Vintage,Vintage,1,3,customs desc; fibre; manufacturer,,,,1,,1,,1,,,CIN7,,NONE,,NONE,NO,fibre; manufacturer,Used Vintage garment
CONTINUITY,NEW,,,LIV-NEL-MUD,Nelson Mud,LIV-NEL-MUD,Nelson Mud,CIN7_IMPORT,Livid Men,Livid,4,4,customs desc; fibre; origin; manufacturer,,,,1,,1,1,1,,,CIN7,,CIN7,CIN7,NONE,NO,manufacturer,Men's T-Shirt - 100% Cotton
CONTINUITY,NEW,,,LIV-HYS-ST-JCKT-SNGL-BRSTD-BLCK,Hayes Suit Jacket Single Breasted Black,LIV-HYS-ST-JCKT-SNGL-BRSTD-BLCK,Hayes Suit Jacket Single Breasted Black,CIN7_IMPORT,Livid Men,Livid,4,4,customs desc; fibre; origin; manufacturer,,,,1,,1,1,1,,,CIN7,,CIN7,CIN7,NONE,NO,manufacturer,Men's Suiting - 100% Wool
CONTINUITY,NEW,,,LIV-KVN-OTTR-PNK-MNSTRP,Needle Otter Ministripe,LIV-KVN-OTTR-PNK-MNSTRP,Needle Otter Ministripe,CIN7_IMPORT,Livid Men,Livid,3,4,customs desc; fibre; origin; manufacturer,,,,1,,1,1,1,,,CIN7,,CIN7,CIN7,NONE,NO,manufacturer,Men's T-Shirt - 100% Cotton
CONTINUITY,NEW,,,LIV-RUS-COB-SLK,Russ Bright Cobalt Fine Silk,LIV-RUS-COB-SLK,Russ Bright Cobalt Fine Silk,CIN7_IMPORT,Livid Men,Livid,2,4,customs desc; fibre; origin; manufacturer,,,,1,,1,1,1,,,CIN7,,CIN7,CIN7,NONE,NO,manufacturer,Men's Shirt - 100% cotton
CONTINUITY,NEW,,,VN-ONLN-10463,Nike Muscle Print Tank (XS) (XS),VN-ONLN-10463,Nike Muscle Print Tank (XS) (XS),CIN7_IMPORT,Vintage,Vintage,1,3,customs desc; fibre; manufacturer,,,,1,,1,,1,,,CIN7,,NONE,,NONE,NO,fibre; manufacturer,Used Vintage garment
CONTINUITY,NEW,,,STORAGE-CHRISTOPHER-SJEKKE,Christopher - Trenges å gåes over,STORAGE-CHRISTOPHER-SJEKKE,Christopher - Trenges å gåes over,CIN7_IMPORT,Storage,Storage,1,5,HS code; customs desc; fibre; origin; manufacturer,,,1,1,,1,1,1,,NONE,CIN7,,NONE,NONE,NONE,NO,HS code; fibre; origin; manufacturer,Lager
CONTINUITY,NEW,,,VN-KNT,Solid color knit,VN-KNT,Solid color knit,CIN7_IMPORT,Vintage,Vintage,3,5,HS code; customs desc; fibre; origin; manufacturer,,,1,1,,1,1,1,,CIN7,CIN7,,CIN7,NONE,NONE,NO,origin; manufacturer,Men's Sweater - Knitted 100% wiil
CONTINUITY,NEW,,,VN-ONLN-12081,Trussardi Jeans Shirt  (XL),VN-ONLN-12081,Trussardi Jeans Shirt  (XL),CIN7_IMPORT,Vintage,Vintage,1,3,customs desc; fibre; manufacturer,,,,1,,1,,1,,,CIN7,,NONE,,NONE,NO,fibre; manufacturer,Used Vintage garment
CONTINUITY,NEW,,,VN-ONLN-13032,Polo Ralph Lauren Shirt (2XL),VN-ONLN-13032,Polo Ralph Lauren Shirt (2XL),CIN7_IMPORT,Vintage,Vintage,1,3,customs desc; fibre; manufacturer,,,,1,,1,,1,,,CIN7,,NONE,,NONE,NO,fibre; manufacturer,Used Vintage garment
CONTINUITY,NEW,,,VN-ONLN-12329,Cable Knit Wool Sweater (L),VN-ONLN-12329,Cable Knit Wool Sweater (L),CIN7_IMPORT,Vintage,Vintage,1,3,customs desc; fibre; manufacturer,,,,1,,1,,1,,,CIN7,,NONE,,NONE,NO,fibre; manufacturer,Used Vintage garment
CONTINUITY,NEW,,,VN-ONLN-10947,Tommy Bahama Silk Shirt (L),VN-ONLN-10947,Tommy Bahama Silk Shirt (L),CIN7_IMPORT,Vintage,Vintage,1,3,customs desc; fibre; manufacturer,,,,1,,1,,1,,,CIN7,,NONE,,NONE,NO,fibre; manufacturer,Used Vintage garment
CONTINUITY,NEW,,,VN-ONLN-11264,Silk Resort Shirt (4XL),VN-ONLN-11264,Silk Resort Shirt (4XL),CIN7_IMPORT,Vintage,Vintage,1,3,customs desc; fibre; manufacturer,,,,1,,1,,1,,,CIN7,,NONE,,NONE,NO,fibre; manufacturer,Used Vintage garment
CONTINUITY,NEW,,,VN-ONLN-11286,Woolrich Summer Shirt (S),VN-ONLN-11286,Woolrich Summer Shirt (S),CIN7_IMPORT,Vintage,Vintage,1,3,customs desc; fibre; manufacturer,,,,1,,1,,1,,,CIN7,,NONE,,NONE,NO,fibre; manufacturer,Used Vintage garment
CONTINUITY,NEW,,,VN-ONLN-10948,Tommy Bahama Silk Shirt (XL),VN-ONLN-10948,Tommy Bahama Silk Shirt (XL),CIN7_IMPORT,Vintage,Vintage,1,3,customs desc; fibre; manufacturer,,,,1,,1,,1,,,CIN7,,NONE,,NONE,NO,fibre; manufacturer,Used Vintage garment
CONTINUITY,NEW,,,LIV-HFF-WHT-SLK,Huff White Silk,LIV-HFF-WHT-SLK,Huff White Silk,CIN7_IMPORT,Livid Men,Livid,1,4,customs desc; fibre; origin; manufacturer,,,,1,,1,1,1,,,CIN7,,CIN7,CIN7,NONE,NO,manufacturer,Men's Shirt - 100% cotton
CONTINUITY,NEW,,,EXT-HST-AND-CRK,Andrew Cork,EXT-HST-AND-CRK,Andrew Cork,CIN7_IMPORT,Hestra,Hestra,2,3,customs desc; fibre; manufacturer,,,,1,,1,,1,,,CIN7,,CIN7,,NONE,NO,manufacturer,Leather Gloves
CONTINUITY,NEW,,,VN-ONLN-11125,Jamiaca Jaxx Silk Shirt (XL),VN-ONLN-11125,Jamiaca Jaxx Silk Shirt (XL),CIN7_IMPORT,Vintage,Vintage,1,3,customs desc; fibre; manufacturer,,,,1,,1,,1,,,CIN7,,NONE,,NONE,NO,fibre; manufacturer,Used Vintage garment
CONTINUITY,NEW,,,VN-ONLN-12998,Diesel Logo Tee (L),VN-ONLN-12998,Diesel Logo Tee (L),CIN7_IMPORT,Vintage,Vintage,1,3,customs desc; fibre; manufacturer,,,,1,,1,,1,,,CIN7,,NONE,,NONE,NO,fibre; manufacturer,Used Vintage garment
CONTINUITY,NEW,,,VN-ONLN-11174,Silk Resort Shirt (XL),VN-ONLN-11174,Silk Resort Shirt (XL),CIN7_IMPORT,Vintage,Vintage,1,3,customs desc; fibre; manufacturer,,,,1,,1,,1,,,CIN7,,NONE,,NONE,NO,fibre; manufacturer,Used Vintage garment
CONTINUITY,NEW,,,VN-ONLN-10727,Jamaica Jaxx Silk Shirt (L),VN-ONLN-10727,Jamaica Jaxx Silk Shirt (L),CIN7_IMPORT,Vintage,Vintage,1,3,customs desc; fibre; manufacturer,,,,1,,1,,1,,,CIN7,,NONE,,NONE,NO,fibre; manufacturer,Used Vintage garment
CONTINUITY,NEW,,,VN-ONLN-11271,Silk Resort Shirt (M),VN-ONLN-11271,Silk Resort Shirt (M),CIN7_IMPORT,Vintage,Vintage,1,3,customs desc; fibre; manufacturer,,,,1,,1,,1,,,CIN7,,NONE,,NONE,NO,fibre; manufacturer,Used Vintage garment
CONTINUITY,NEW,,,EXT-VN-MSSNI,Missoni Knitwear,EXT-VN-MSSNI,Missoni Knitwear,CIN7_IMPORT,Vintage,Vintage,1,3,customs desc; fibre; manufacturer,,,,1,,1,,1,,,CIN7,,NONE,,NONE,NO,fibre; manufacturer,Used clothing - Vintage
CONTINUITY,NEW,,,STORAGE-PONTOGLIO-1883-SWATCHES,Pontoglio 1883 Swatches,STORAGE-PONTOGLIO-1883-SWATCHES,Pontoglio 1883 Swatches,CIN7_IMPORT,LAGER,LAGER,1,6,HS code; customs desc; weight; fibre; origin; manufacturer,,,1,1,1,1,1,1,,NONE,NONE,NONE,NONE,NONE,NONE,NO,HS code; customs desc; weight; fibre; origin; manufacturer,
CONTINUITY,NEW,,,VN-ONLN-11170,Silk Resort Shirt (XL),VN-ONLN-11170,Silk Resort Shirt (XL),CIN7_IMPORT,Vintage,Vintage,1,3,customs desc; fibre; manufacturer,,,,1,,1,,1,,,CIN7,,NONE,,NONE,NO,fibre; manufacturer,Used Vintage garment
CONTINUITY,NEW,,,LIV-SHA-BKIK,Keen Japan Black Ikat,LIV-SHA-BKIK,Keen Japan Black Ikat,CIN7_IMPORT,Livid Men,Livid,2,3,customs desc; fibre; manufacturer,,,,1,,1,,1,,,CIN7,,CIN7,,NONE,NO,manufacturer,Men's Shirt - 100% cotton
CONTINUITY,NEW,,,VN-ONLN-12371,Tommy Hilfiger Flannel Shirt (L),VN-ONLN-12371,Tommy Hilfiger Flannel Shirt (L),CIN7_IMPORT,Vintage,Vintage,1,3,customs desc; fibre; manufacturer,,,,1,,1,,1,,,CIN7,,NONE,,NONE,NO,fibre; manufacturer,Used Vintage garment
CONTINUITY,NEW,,,VN-ONLN-12680,Ralph Lauren Striped Shirt (L),VN-ONLN-12680,Ralph Lauren Striped Shirt (L),CIN7_IMPORT,Vintage,Vintage,1,3,customs desc; fibre; manufacturer,,,,1,,1,,1,,,CIN7,,NONE,,NONE,NO,fibre; manufacturer,Used Vintage garment
CONTINUITY,NEW,,,VN-ONLN-10274,Audi VW Vest (XL),VN-ONLN-10274,Audi VW Vest (XL),CIN7_IMPORT,Vintage,Vintage,1,3,customs desc; fibre; manufacturer,,,,1,,1,,1,,,CIN7,,NONE,,NONE,NO,fibre; manufacturer,Used Vintage garment
CONTINUITY,NEW,,,VN-ONLN-13143,Ralph Lauren Linen Shirt (L),VN-ONLN-13143,Ralph Lauren Linen Shirt (L),CIN7_IMPORT,Vintage,Vintage,1,3,customs desc; fibre; manufacturer,,,,1,,1,,1,,,CIN7,,NONE,,NONE,NO,fibre; manufacturer,Used Vintage garment
CONTINUITY,NEW,,,VN-ONLN-11292,Polo by Ralph Lauren Shirt (XS),VN-ONLN-11292,Polo by Ralph Lauren Shirt (XS),CIN7_IMPORT,Vintage,Vintage,1,3,customs desc; fibre; manufacturer,,,,1,,1,,1,,,CIN7,,NONE,,NONE,NO,fibre; manufacturer,Used Vintage garment
CONTINUITY,NEW,,,LIV-TA-JP-FD,Tia Japan Fade,LIV-TA-JP-FD,Tia Japan Fade,CIN7_IMPORT,Livid Femme,Livid,1,3,customs desc; fibre; manufacturer,,,,1,,1,,1,,,CIN7,,CIN7,,NONE,NO,manufacturer,Men's jeans - 100% cotton
CONTINUITY,NEW,,,VN-ONLN-10546,80's Sleeveless Running Sweat (M),VN-ONLN-10546,80's Sleeveless Running Sweat (M),CIN7_IMPORT,Vintage,Vintage,1,3,customs desc; fibre; manufacturer,,,,1,,1,,1,,,CIN7,,NONE,,NONE,NO,fibre; manufacturer,Used Vintage garment
CONTINUITY,NEW,,,VN-ONLN-12956,Disney Mickey Athletics Bomber Jacket (L),VN-ONLN-12956,Disney Mickey Athletics Bomber Jacket (L),CIN7_IMPORT,Vintage,Vintage,1,3,customs desc; fibre; manufacturer,,,,1,,1,,1,,,CIN7,,NONE,,NONE,NO,fibre; manufacturer,Used Vintage garment
CONTINUITY,NEW,,,VN-ONLN-13118,Women's Lacoste Silk Shirt (XS),VN-ONLN-13118,Women's Lacoste Silk Shirt (XS),CIN7_IMPORT,Vintage,Vintage,1,3,customs desc; fibre; manufacturer,,,,1,,1,,1,,,CIN7,,NONE,,NONE,NO,fibre; manufacturer,Used Vintage garment
CONTINUITY,NEW,,,VN-ONLN-13311,Caribbean Silk Shirt (XL),VN-ONLN-13311,Caribbean Silk Shirt (XL),CIN7_IMPORT,Vintage,Vintage,1,3,customs desc; fibre; manufacturer,,,,1,,1,,1,,,CIN7,,NONE,,NONE,NO,fibre; manufacturer,Used Vintage garment
CONTINUITY,NEW,,,VN-ONLN-12183,80's Bandana (OneSize),VN-ONLN-12183,80's Bandana (OneSize),CIN7_IMPORT,Vintage,Vintage,1,3,customs desc; fibre; manufacturer,,,,1,,1,,1,,,CIN7,,NONE,,NONE,NO,fibre; manufacturer,Used Vintage garment
CONTINUITY,NEW,,,VN-ONLN-12072,Brooks Brothers Regent Shirt (L),VN-ONLN-12072,Brooks Brothers Regent Shirt (L),CIN7_IMPORT,Vintage,Vintage,1,3,customs desc; fibre; manufacturer,,,,1,,1,,1,,,CIN7,,NONE,,NONE,NO,fibre; manufacturer,Used Vintage garment
CONTINUITY,NEW,,,VN-ONLN-9960,1980's Wrangler Blue Bell Carpenters (W27),VN-ONLN-9960,1980's Wrangler Blue Bell Carpenters (W27),CIN7_IMPORT,Vintage,Vintage,1,3,customs desc; fibre; manufacturer,,,,1,,1,,1,,,CIN7,,NONE,,NONE,NO,fibre; manufacturer,Used Vintage garment
CONTINUITY,NEW,,,LIV-CHRS-SLDGRN,Christopher Japan Solid Green,LIV-CHRS-SLDGRN,Christopher Japan Solid Green,CIN7_IMPORT,Livid Men,Livid,1,3,customs desc; fibre; manufacturer,,,,1,,1,,1,,,CIN7,,CIN7,,NONE,NO,manufacturer,Men jacket - 100% cotton
CONTINUITY,NEW,,,VN-ONLN-10119,Saint James Linen shirt (L),VN-ONLN-10119,Saint James Linen shirt (L),CIN7_IMPORT,Vintage,Vintage,1,3,customs desc; fibre; manufacturer,,,,1,,1,,1,,,CIN7,,NONE,,NONE,NO,fibre; manufacturer,Used Vintage garment
CONTINUITY,NEW,,,VN-ONLN-12513,Burberry Womens Silk Blouse (S),VN-ONLN-12513,Burberry Womens Silk Blouse (S),CIN7_IMPORT,Vintage,Vintage,1,3,customs desc; fibre; manufacturer,,,,1,,1,,1,,,CIN7,,NONE,,NONE,NO,fibre; manufacturer,Used Vintage garment
CONTINUITY,NEW,,,EXT-DM-MGR-BKSD,MAGGIORE Black SUEDE,EXT-DM-MGR-BKSD,MAGGIORE Black SUEDE,CIN7_IMPORT,Diemme,Diemme,1,3,customs desc; fibre; manufacturer,,,,1,,1,,1,,,CIN7,,NONE,,NONE,NO,fibre; manufacturer,Men Shoes
CONTINUITY,NEW,,,VN-ONLN-11630,Chaps by Ralph Lauren Shirt (XL),VN-ONLN-11630,Chaps by Ralph Lauren Shirt (XL),CIN7_IMPORT,Vintage,Vintage,1,3,customs desc; fibre; manufacturer,,,,1,,1,,1,,,CIN7,,NONE,,NONE,NO,fibre; manufacturer,Used Vintage garment
CONTINUITY,NEW,,,LIV-SMPLS-H-BKS,"Sample bukser, herre",LIV-SMPLS-H-BKS,"Sample bukser, herre",CIN7_IMPORT,Livid Men,Livid,1,4,HS code; customs desc; fibre; manufacturer,,,1,1,,1,,1,,NONE,NONE,,NONE,,NONE,NO,HS code; customs desc; fibre; manufacturer,
CONTINUITY,NEW,,,LIV-HFM-CLOLV,Huffman Colorful Olive Stripe,LIV-HFM-CLOLV,Huffman Colorful Olive Stripe,CIN7_IMPORT,Livid Men,Livid,1,3,customs desc; fibre; manufacturer,,,,1,,1,,1,,,CIN7,,CIN7,,NONE,NO,manufacturer,Men's Shirt - 100% cotton
CONTINUITY,NEW,,,LIV-KEE-RED-SER,Keen Red Seersucker,LIV-KEE-RED-SER,Keen Red Seersucker,CIN7_IMPORT,Livid Men,Livid,1,4,customs desc; fibre; origin; manufacturer,,,,1,,1,1,1,,,CIN7,,CIN7,CIN7,NONE,NO,manufacturer,Men's Shirt - 100% cotton
CONTINUITY,NEW,,,STORAGE-TRIMS,Trims,STORAGE-TRIMS,Trims,CIN7_IMPORT,LAGER,LAGER,1,6,HS code; customs desc; weight; fibre; origin; manufacturer,,,1,1,1,1,1,1,,NONE,NONE,NONE,NONE,NONE,NONE,NO,HS code; customs desc; weight; fibre; origin; manufacturer,
CONTINUITY,NEW,,,VN-ONLN-10124,Armani Jeans Linen shirt (S),VN-ONLN-10124,Armani Jeans Linen shirt (S),CIN7_IMPORT,Vintage,Vintage,1,3,customs desc; fibre; manufacturer,,,,1,,1,,1,,,CIN7,,NONE,,NONE,NO,fibre; manufacturer,Used Vintage garment
CONTINUITY,NEW,,,VN-ONLN-13430,Redhead Damon's Beer Tee (L),VN-ONLN-13430,Redhead Damon's Beer Tee (L),CIN7_IMPORT,Vintage,Vintage,1,3,customs desc; fibre; manufacturer,,,,1,,1,,1,,,CIN7,,NONE,,NONE,NO,fibre; manufacturer,Used Vintage garment
CONTINUITY,NEW,,,EXT-PB-CHMY-NOIR,Chimey Lisse Noir,EXT-PB-CHMY-NOIR,Chimey Lisse Noir,CIN7_IMPORT,Paraboot,Paraboot,3,3,customs desc; fibre; manufacturer,,,,1,,1,,1,,,CIN7,,NONE,,NONE,NO,fibre; manufacturer,Men Shoes
CONTINUITY,NEW,,,VN-ONLN-13382,Dewar White Label Rugby Shirt (M),VN-ONLN-13382,Dewar White Label Rugby Shirt (M),CIN7_IMPORT,Vintage,Vintage,1,3,customs desc; fibre; manufacturer,,,,1,,1,,1,,,CIN7,,NONE,,NONE,NO,fibre; manufacturer,Used Vintage garment
CONTINUITY,NEW,,,LIV-STN-LIN,Stanton Linen,LIV-STN-LIN,Stanton Linen,CIN7_IMPORT,Livid Men,Livid,3,3,customs desc; fibre; manufacturer,,,,1,,1,,1,,,CIN7,,CIN7,,NONE,NO,manufacturer,Men's Sweater - Knitted 100% wiil
CONTINUITY,NEW,,,EXT-VN-LNS-LS,Linen shirt Long sleeve,EXT-VN-LNS-LS,Linen shirt Long sleeve,CIN7_IMPORT,Vintage,Vintage,1,3,customs desc; fibre; manufacturer,,,,1,,1,,1,,,CIN7,,NONE,,NONE,NO,fibre; manufacturer,Used clothing - Vintage
CONTINUITY,NEW,,,VN-ONLN-13525,Timberland Logo Sweatshirt (L),VN-ONLN-13525,Timberland Logo Sweatshirt (L),CIN7_IMPORT,Vintage,Vintage,1,3,customs desc; fibre; manufacturer,,,,1,,1,,1,,,CIN7,,NONE,,NONE,NO,fibre; manufacturer,Used Vintage garment
CONTINUITY,NEW,,,VN-ONLN-13231,Washington DC Tee (L),VN-ONLN-13231,Washington DC Tee (L),CIN7_IMPORT,Vintage,Vintage,1,3,customs desc; fibre; manufacturer,,,,1,,1,,1,,,CIN7,,NONE,,NONE,NO,fibre; manufacturer,Used Vintage garment
CONTINUITY,NEW,,,VN-ONLN-13287,Jamaica Jaxx Silk Shirt (L),VN-ONLN-13287,Jamaica Jaxx Silk Shirt (L),CIN7_IMPORT,Vintage,Vintage,1,3,customs desc; fibre; manufacturer,,,,1,,1,,1,,,CIN7,,NONE,,NONE,NO,fibre; manufacturer,Used Vintage garment
CONTINUITY,NEW,,,VN-ONLN-12525,Burberry Womens Striped Button Dress (L),VN-ONLN-12525,Burberry Womens Striped Button Dress (L),CIN7_IMPORT,Vintage,Vintage,1,3,customs desc; fibre; manufacturer,,,,1,,1,,1,,,CIN7,,NONE,,NONE,NO,fibre; manufacturer,Used Vintage garment
CONTINUITY,NEW,,,VN-ONLN-12971,Tommy Hilfiger Cotton Knit (XL),VN-ONLN-12971,Tommy Hilfiger Cotton Knit (XL),CIN7_IMPORT,Vintage,Vintage,1,3,customs desc; fibre; manufacturer,,,,1,,1,,1,,,CIN7,,NONE,,NONE,NO,fibre; manufacturer,Used Vintage garment
CONTINUITY,NEW,,,VN-ONLN-11192,Silk Resort Shirt (XL),VN-ONLN-11192,Silk Resort Shirt (XL),CIN7_IMPORT,Vintage,Vintage,1,3,customs desc; fibre; manufacturer,,,,1,,1,,1,,,CIN7,,NONE,,NONE,NO,fibre; manufacturer,Used Vintage garment
CONTINUITY,NEW,,,VN-ONLN-11175,Silk Resort Shirt (L),VN-ONLN-11175,Silk Resort Shirt (L),CIN7_IMPORT,Vintage,Vintage,1,3,customs desc; fibre; manufacturer,,,,1,,1,,1,,,CIN7,,NONE,,NONE,NO,fibre; manufacturer,Used Vintage garment
CONTINUITY,NEW,,,VN-AUWIDRS,Autumn/Winter Dress,VN-AUWIDRS,Autumn/Winter Dress,CIN7_IMPORT,Vintage,Vintage,1,4,HS code; customs desc; fibre; manufacturer,,,1,1,,1,,1,,CIN7,CIN7,,NONE,,NONE,NO,fibre; manufacturer,Used clothing - Vintage
CONTINUITY,NEW,,,STORAGE-CADS,CADS,STORAGE-CADS,CADS,CIN7_IMPORT,LAGER,LAGER,1,6,HS code; customs desc; weight; fibre; origin; manufacturer,,,1,1,1,1,1,1,,NONE,NONE,NONE,NONE,NONE,NONE,NO,HS code; customs desc; weight; fibre; origin; manufacturer,
CONTINUITY,NEW,,,LIV-EVRD-JP-OCBL,Edvard Japan Ocean Blue,LIV-EVRD-JP-OCBL,Edvard Japan Ocean Blue,CIN7_IMPORT,Livid Men,Livid,1,3,customs desc; fibre; manufacturer,,,,1,,1,,1,,,CIN7,,CIN7,,NONE,NO,manufacturer,Men's jeans - 100% cotton
CONTINUITY,NEW,,,VN-ONLN-13009,Mustang Western Denim Shirt (2XL),VN-ONLN-13009,Mustang Western Denim Shirt (2XL),CIN7_IMPORT,Vintage,Vintage,1,3,customs desc; fibre; manufacturer,,,,1,,1,,1,,,CIN7,,NONE,,NONE,NO,fibre; manufacturer,Used Vintage garment
CONTINUITY,NEW,,,VN-ONLN-12974,Marlboro Classics Western Flannel Shirt (L),VN-ONLN-12974,Marlboro Classics Western Flannel Shirt (L),CIN7_IMPORT,Vintage,Vintage,1,3,customs desc; fibre; manufacturer,,,,1,,1,,1,,,CIN7,,NONE,,NONE,NO,fibre; manufacturer,Used Vintage garment
CONTINUITY,NEW,,,VN-ONLN-10223,Pierre Cardin Sunglasses (OneSize),VN-ONLN-10223,Pierre Cardin Sunglasses (OneSize),CIN7_IMPORT,Vintage,Vintage,1,3,customs desc; fibre; manufacturer,,,,1,,1,,1,,,CIN7,,NONE,,NONE,NO,fibre; manufacturer,Used Vintage garment
CONTINUITY,NEW,,,LIV-NLSN-BLCK-INDG,Nelson Black Indigo,LIV-NLSN-BLCK-INDG,Nelson Black Indigo,CIN7_IMPORT,Livid Men,Livid,1,3,customs desc; fibre; manufacturer,,,,1,,1,,1,,,CIN7,,CIN7,,NONE,NO,manufacturer,Men's T-Shirt - 100% Cotton
CONTINUITY,NEW,,,VN-ONLN-11334,Ralph Lauren Shirt (XS),VN-ONLN-11334,Ralph Lauren Shirt (XS),CIN7_IMPORT,Vintage,Vintage,1,3,customs desc; fibre; manufacturer,,,,1,,1,,1,,,CIN7,,NONE,,NONE,NO,fibre; manufacturer,Used Vintage garment
CONTINUITY,NEW,,,VN-ONLN-10715,Silk Resort Shirt (XL),VN-ONLN-10715,Silk Resort Shirt (XL),CIN7_IMPORT,Vintage,Vintage,1,3,customs desc; fibre; manufacturer,,,,1,,1,,1,,,CIN7,,NONE,,NONE,NO,fibre; manufacturer,Used Vintage garment
CONTINUITY,NEW,,,VN-ONLN-11245,Silk Resort Shirt (L),VN-ONLN-11245,Silk Resort Shirt (L),CIN7_IMPORT,Vintage,Vintage,1,3,customs desc; fibre; manufacturer,,,,1,,1,,1,,,CIN7,,NONE,,NONE,NO,fibre; manufacturer,Used Vintage garment
CONTINUITY,NEW,,,VN-ONLN-11191,Silk Resort Shirt (M),VN-ONLN-11191,Silk Resort Shirt (M),CIN7_IMPORT,Vintage,Vintage,1,3,customs desc; fibre; manufacturer,,,,1,,1,,1,,,CIN7,,NONE,,NONE,NO,fibre; manufacturer,Used Vintage garment
CONTINUITY,NEW,,,VN-ONLN-11172,Silk Resort Shirt (XL),VN-ONLN-11172,Silk Resort Shirt (XL),CIN7_IMPORT,Vintage,Vintage,1,3,customs desc; fibre; manufacturer,,,,1,,1,,1,,,CIN7,,NONE,,NONE,NO,fibre; manufacturer,Used Vintage garment
CONTINUITY,NEW,,,VN-ONLN-11261,Silk Resort Shirt (2XL),VN-ONLN-11261,Silk Resort Shirt (2XL),CIN7_IMPORT,Vintage,Vintage,1,3,customs desc; fibre; manufacturer,,,,1,,1,,1,,,CIN7,,NONE,,NONE,NO,fibre; manufacturer,Used Vintage garment
CONTINUITY,NEW,,,VN-ONLN-10946,Silk Resort Shirt (XL),VN-ONLN-10946,Silk Resort Shirt (XL),CIN7_IMPORT,Vintage,Vintage,1,3,customs desc; fibre; manufacturer,,,,1,,1,,1,,,CIN7,,NONE,,NONE,NO,fibre; manufacturer,Used Vintage garment
CONTINUITY,NEW,,,VN-ONLN-11244,Silk Resort Shirt (L),VN-ONLN-11244,Silk Resort Shirt (L),CIN7_IMPORT,Vintage,Vintage,1,3,customs desc; fibre; manufacturer,,,,1,,1,,1,,,CIN7,,NONE,,NONE,NO,fibre; manufacturer,Used Vintage garment
CONTINUITY,NEW,,,VN-ONLN-9153,Dickies Doubleknee carpenters (w37),VN-ONLN-9153,Dickies Doubleknee carpenters (w37),CIN7_IMPORT,Vintage,Vintage,1,3,customs desc; fibre; manufacturer,,,,1,,1,,1,,,CIN7,,NONE,,NONE,NO,fibre; manufacturer,Used Vintage garment
CONTINUITY,NEW,,,VN-ONLN-12393,Turtleneck Cable Knit Sweater (L),VN-ONLN-12393,Turtleneck Cable Knit Sweater (L),CIN7_IMPORT,Vintage,Vintage,1,3,customs desc; fibre; manufacturer,,,,1,,1,,1,,,CIN7,,NONE,,NONE,NO,fibre; manufacturer,Used Vintage garment
CONTINUITY,NEW,,,VN-ONLN-10115,Kenzo homme linnen shirt (L),VN-ONLN-10115,Kenzo homme linnen shirt (L),CIN7_IMPORT,Vintage,Vintage,1,3,customs desc; fibre; manufacturer,,,,1,,1,,1,,,CIN7,,NONE,,NONE,NO,fibre; manufacturer,Used Vintage garment
CONTINUITY,NEW,,,VN-ONLN-11188,Silk Resort Shirt (XL),VN-ONLN-11188,Silk Resort Shirt (XL),CIN7_IMPORT,Vintage,Vintage,1,3,customs desc; fibre; manufacturer,,,,1,,1,,1,,,CIN7,,NONE,,NONE,NO,fibre; manufacturer,Used Vintage garment
CONTINUITY,NEW,,,VN-ONLN-11219,Tommy Bahama Silk Shirt (L),VN-ONLN-11219,Tommy Bahama Silk Shirt (L),CIN7_IMPORT,Vintage,Vintage,1,3,customs desc; fibre; manufacturer,,,,1,,1,,1,,,CIN7,,NONE,,NONE,NO,fibre; manufacturer,Used Vintage garment
CONTINUITY,NEW,,,VN-ONLN-11241,Silk Resort Shirt (M),VN-ONLN-11241,Silk Resort Shirt (M),CIN7_IMPORT,Vintage,Vintage,1,3,customs desc; fibre; manufacturer,,,,1,,1,,1,,,CIN7,,NONE,,NONE,NO,fibre; manufacturer,Used Vintage garment
CONTINUITY,NEW,,,VN-ONLN-11217,Tommy Bahama Silk Shirt (M),VN-ONLN-11217,Tommy Bahama Silk Shirt (M),CIN7_IMPORT,Vintage,Vintage,1,3,customs desc; fibre; manufacturer,,,,1,,1,,1,,,CIN7,,NONE,,NONE,NO,fibre; manufacturer,Used Vintage garment
CONTINUITY,NEW,,,VN-ONLN-11246,Silk Resort Shirt (M),VN-ONLN-11246,Silk Resort Shirt (M),CIN7_IMPORT,Vintage,Vintage,1,3,customs desc; fibre; manufacturer,,,,1,,1,,1,,,CIN7,,NONE,,NONE,NO,fibre; manufacturer,Used Vintage garment
CONTINUITY,NEW,,,VN-ONLN-10714,Silk Resort Shirt (L),VN-ONLN-10714,Silk Resort Shirt (L),CIN7_IMPORT,Vintage,Vintage,1,3,customs desc; fibre; manufacturer,,,,1,,1,,1,,,CIN7,,NONE,,NONE,NO,fibre; manufacturer,Used Vintage garment
CONTINUITY,NEW,,,EXT-VIN-SUN-Y2K,Y2K Brand Sunglasses,EXT-VIN-SUN-Y2K,Y2K Brand Sunglasses,CIN7_IMPORT,Vintage,Vintage,1,3,customs desc; fibre; manufacturer,,,,1,,1,,1,,,CIN7,,NONE,,NONE,NO,fibre; manufacturer,Used clothing - Vintage
CONTINUITY,NEW,,,VN-ONLN-11251,Silk Resort Shirt (XL),VN-ONLN-11251,Silk Resort Shirt (XL),CIN7_IMPORT,Vintage,Vintage,1,3,customs desc; fibre; manufacturer,,,,1,,1,,1,,,CIN7,,NONE,,NONE,NO,fibre; manufacturer,Used Vintage garment
CONTINUITY,NEW,,,VN-ONLN-9769,Hugo Boss light wool v-neck sweater (S),VN-ONLN-9769,Hugo Boss light wool v-neck sweater (S),CIN7_IMPORT,Vintage,Vintage,1,3,customs desc; fibre; manufacturer,,,,1,,1,,1,,,CIN7,,NONE,,NONE,NO,fibre; manufacturer,Used Vintage garment
CONTINUITY,NEW,,,EXT-PB-VLY-FV,Veley Lisse Fauve,EXT-PB-VLY-FV,Veley Lisse Fauve,CIN7_IMPORT,Paraboot,Paraboot,2,3,customs desc; fibre; manufacturer,,,,1,,1,,1,,,CIN7,,NONE,,NONE,NO,fibre; manufacturer,Men Shoes
CONTINUITY,NEW,,,VN-ONLN-12532,Burberry Short Sleeve Shirt (L),VN-ONLN-12532,Burberry Short Sleeve Shirt (L),CIN7_IMPORT,Vintage,Vintage,1,3,customs desc; fibre; manufacturer,,,,1,,1,,1,,,CIN7,,NONE,,NONE,NO,fibre; manufacturer,Used Vintage garment
CONTINUITY,NEW,,,VN-ONLN-13212,Polo by Ralph Lauren Regent Shirt (XL),VN-ONLN-13212,Polo by Ralph Lauren Regent Shirt (XL),CIN7_IMPORT,Vintage,Vintage,1,3,customs desc; fibre; manufacturer,,,,1,,1,,1,,,CIN7,,NONE,,NONE,NO,fibre; manufacturer,Used Vintage garment
CONTINUITY,NEW,,,LIV-RUS-JAP-VOI,Russ Japan Floral Voile,LIV-RUS-JAP-VOI,Russ Japan Floral Voile,CIN7_IMPORT,Livid Men,Livid,4,3,customs desc; fibre; manufacturer,,,,1,,1,,1,,,CIN7,,CIN7,,NONE,NO,manufacturer,Men's Shirt - 100% cotton
CONTINUITY,NEW,,,LIV-RLY-BK,Riley Black,LIV-RLY-BK,Riley Black,CIN7_IMPORT,Livid Men,Livid,2,3,customs desc; fibre; manufacturer,,,,1,,1,,1,,,CIN7,,CIN7,,NONE,NO,manufacturer,Men's Sweater - Knitted 100% wiil
CONTINUITY,NEW,,,VIN-JNS,Lee/Wrangler Jeans,VIN-JNS,Lee/Wrangler Jeans,CIN7_IMPORT,Vintage,Vintage,1,5,HS code; customs desc; fibre; origin; manufacturer,,,1,1,,1,1,1,,CIN7,CIN7,,CIN7,NONE,NONE,NO,origin; manufacturer,Men's jeans - 100% cotton
CONTINUITY,NEW,,,EXT-NV-MRK-DRS,Market dress,EXT-NV-MRK-DRS,Market dress,CIN7_IMPORT,Vintage,Vintage,1,3,customs desc; fibre; manufacturer,,,,1,,1,,1,,,CIN7,,NONE,,NONE,NO,fibre; manufacturer,Used clothing - Vintage
CONTINUITY,NEW,,,VN-ONLN-12619,Japanese Worker Jacket (L),VN-ONLN-12619,Japanese Worker Jacket (L),CIN7_IMPORT,Vintage,Vintage,1,4,price; customs desc; fibre; manufacturer,,1,,1,,1,,1,NONE,,CIN7,,NONE,,NONE,NO,price; fibre; manufacturer,Used Vintage garment
CONTINUITY,NEW,,,VN-ONLN-10798,Max&Co Jersey Dress (S),VN-ONLN-10798,Max&Co Jersey Dress (S),CIN7_IMPORT,Vintage,Vintage,1,3,customs desc; fibre; manufacturer,,,,1,,1,,1,,,CIN7,,NONE,,NONE,NO,fibre; manufacturer,Used Vintage garment
CONTINUITY,NEW,,,VN-ONLN-12516,Burberry Lambswool Knit Sweater (L),VN-ONLN-12516,Burberry Lambswool Knit Sweater (L),CIN7_IMPORT,Vintage,Vintage,1,3,customs desc; fibre; manufacturer,,,,1,,1,,1,,,CIN7,,NONE,,NONE,NO,fibre; manufacturer,Used Vintage garment
CONTINUITY,NEW,,,VN-ONLN-12581,Navy Rugby Shirt (S),VN-ONLN-12581,Navy Rugby Shirt (S),CIN7_IMPORT,Vintage,Vintage,1,3,customs desc; fibre; manufacturer,,,,1,,1,,1,,,CIN7,,NONE,,NONE,NO,fibre; manufacturer,Used Vintage garment
CONTINUITY,NEW,,,VN-ONLN-13547,Levi's Western Denim Shirt (2XL),VN-ONLN-13547,Levi's Western Denim Shirt (2XL),CIN7_IMPORT,Vintage,Vintage,1,3,customs desc; fibre; manufacturer,,,,1,,1,,1,,,CIN7,,NONE,,NONE,NO,fibre; manufacturer,Used Vintage garment
CONTINUITY,NEW,,,VN-ONLN-12879,Polo Ralph Lauren Shirt (L),VN-ONLN-12879,Polo Ralph Lauren Shirt (L),CIN7_IMPORT,Vintage,Vintage,1,3,customs desc; fibre; manufacturer,,,,1,,1,,1,,,CIN7,,NONE,,NONE,NO,fibre; manufacturer,Used Vintage garment
CONTINUITY,NEW,,,VN-ONLN-12228,Traditional Wool Knit Sweater (XL),VN-ONLN-12228,Traditional Wool Knit Sweater (XL),CIN7_IMPORT,Vintage,Vintage,1,3,customs desc; fibre; manufacturer,,,,1,,1,,1,,,CIN7,,NONE,,NONE,NO,fibre; manufacturer,Used Vintage garment
CONTINUITY,NEW,,,EXT-PB-CLZ-NR,Clusaz Lisse Noir,EXT-PB-CLZ-NR,Clusaz Lisse Noir,CIN7_IMPORT,Paraboot,Paraboot,1,3,customs desc; fibre; manufacturer,,,,1,,1,,1,,,CIN7,,NONE,,NONE,NO,fibre; manufacturer,Men Shoes
CONTINUITY,NEW,,,LIV-BRS-GRY-SER,Brass Grey Seersucker,LIV-BRS-GRY-SER,Brass Grey Seersucker,CIN7_IMPORT,Livid Men,Livid,6,3,customs desc; fibre; manufacturer,,,,1,,1,,1,,,CIN7,,CIN7,,NONE,NO,manufacturer,Men's Shirt - 100% cotton
CONTINUITY,NEW,,,LIV-ELMR-SHDW-RB,Elmer Shadow Rib,LIV-ELMR-SHDW-RB,Elmer Shadow Rib,CIN7_IMPORT,Livid Men,Livid,5,3,customs desc; fibre; manufacturer,,,,1,,1,,1,,,CIN7,,CIN7,,NONE,NO,manufacturer,Men's T-Shirt - 100% Cotton
CONTINUITY,NEW,,,EXT-NRD-3CINM,003 Cinder,EXT-NRD-3CINM,003 Cinder,CIN7_IMPORT,Norda,Norda,1,3,customs desc; fibre; manufacturer,,,,1,,1,,1,,,CIN7,,NONE,,NONE,NO,fibre; manufacturer,Men Shoes
CONTINUITY,NEW,,,VN-ONLN-10941,Tommy Bahama Silk Shirt (M),VN-ONLN-10941,Tommy Bahama Silk Shirt (M),CIN7_IMPORT,Vintage,Vintage,1,3,customs desc; fibre; manufacturer,,,,1,,1,,1,,,CIN7,,NONE,,NONE,NO,fibre; manufacturer,Used Vintage garment
CONTINUITY,NEW,,,LIV-KAV-STR-FAD,Kavon String Fadeout,LIV-KAV-STR-FAD,Kavon String Fadeout,CIN7_IMPORT,Livid Men,Livid,4,4,customs desc; fibre; origin; manufacturer,,,,1,,1,1,1,,,CIN7,,CIN7,CIN7,NONE,NO,manufacturer,Men's Sweater - 100% cotton
CONTINUITY,NEW,,,STORAGE-BELTEPOSER,Belteposer,STORAGE-BELTEPOSER,Belteposer,CIN7_IMPORT,Storage,Storage,1,5,HS code; customs desc; fibre; origin; manufacturer,,,1,1,,1,1,1,,NONE,CIN7,,NONE,NONE,NONE,NO,HS code; fibre; origin; manufacturer,Lager
CONTINUITY,NEW,,,EXT-VN-UTLVS,Utility Vest,EXT-VN-UTLVS,Utility Vest,CIN7_IMPORT,Vintage,Vintage,1,3,customs desc; fibre; manufacturer,,,,1,,1,,1,,,CIN7,,NONE,,NONE,NO,fibre; manufacturer,Used clothing - Vintage
CONTINUITY,NEW,,,VN-ONLN-13559,Striped Rugby Shirt (2XL),VN-ONLN-13559,Striped Rugby Shirt (2XL),CIN7_IMPORT,Vintage,Vintage,1,3,customs desc; fibre; manufacturer,,,,1,,1,,1,,,CIN7,,NONE,,NONE,NO,fibre; manufacturer,Used Vintage garment
CONTINUITY,NEW,,,VN-ONLN-12341,L.L. Bean Flannel Shirt (L),VN-ONLN-12341,L.L. Bean Flannel Shirt (L),CIN7_IMPORT,Vintage,Vintage,1,3,customs desc; fibre; manufacturer,,,,1,,1,,1,,,CIN7,,NONE,,NONE,NO,fibre; manufacturer,Used Vintage garment
CONTINUITY,NEW,,,VN-ONLN-11779,Boss by Hugo Boss Leather Car Coat (M),VN-ONLN-11779,Boss by Hugo Boss Leather Car Coat (M),CIN7_IMPORT,Vintage,Vintage,1,3,customs desc; fibre; manufacturer,,,,1,,1,,1,,,CIN7,,NONE,,NONE,NO,fibre; manufacturer,Used Vintage garment
CONTINUITY,NEW,,,VN-ONLN-12090,Multicolor Knit Sweater (M),VN-ONLN-12090,Multicolor Knit Sweater (M),CIN7_IMPORT,Vintage,Vintage,1,3,customs desc; fibre; manufacturer,,,,1,,1,,1,,,CIN7,,NONE,,NONE,NO,fibre; manufacturer,Used Vintage garment
CONTINUITY,NEW,,,LIV-Lou-L-BK,Lou Long Black,LIV-Lou-L-BK,Lou Long Black,CIN7_IMPORT,Livid Men,Livid,3,3,customs desc; fibre; manufacturer,,,,1,,1,,1,,,CIN7,,CIN7,,NONE,NO,manufacturer,Men's Shorts - 100% Cotton
CONTINUITY,NEW,,,LIV-TCK-BK,Tuck Black,LIV-TCK-BK,Tuck Black,CIN7_IMPORT,Livid Men,Livid,4,3,customs desc; fibre; manufacturer,,,,1,,1,,1,,,CIN7,,CIN7,,NONE,NO,manufacturer,Men's Sweater - Knitted 100% wiil
CONTINUITY,NEW,,,LIV-RLY-NV,Riley Navy,LIV-RLY-NV,Riley Navy,CIN7_IMPORT,Livid Men,Livid,1,3,customs desc; fibre; manufacturer,,,,1,,1,,1,,,CIN7,,CIN7,,NONE,NO,manufacturer,Men's Sweater - Knitted 100% wiil
CONTINUITY,NEW,,,VN-ONLN-12765,L.L. Bean Flannel Shirt (S),VN-ONLN-12765,L.L. Bean Flannel Shirt (S),CIN7_IMPORT,Vintage,Vintage,1,3,customs desc; fibre; manufacturer,,,,1,,1,,1,,,CIN7,,NONE,,NONE,NO,fibre; manufacturer,Used Vintage garment
CONTINUITY,NEW,,,VN-ONLN-12230,Traditional Wool Knit Sweater (S),VN-ONLN-12230,Traditional Wool Knit Sweater (S),CIN7_IMPORT,Vintage,Vintage,1,3,customs desc; fibre; manufacturer,,,,1,,1,,1,,,CIN7,,NONE,,NONE,NO,fibre; manufacturer,Used Vintage garment
CONTINUITY,NEW,,,VN-ONLN-12944,Aquascutum Silk Tie (OneSize),VN-ONLN-12944,Aquascutum Silk Tie (OneSize),CIN7_IMPORT,Vintage,Vintage,1,3,customs desc; fibre; manufacturer,,,,1,,1,,1,,,CIN7,,NONE,,NONE,NO,fibre; manufacturer,Used Vintage garment
CONTINUITY,NEW,,,EXT-VN-PTNCRDG,Pattern Cardigan,EXT-VN-PTNCRDG,Pattern Cardigan,CIN7_IMPORT,Vintage,Vintage,1,3,customs desc; fibre; manufacturer,,,,1,,1,,1,,,CIN7,,NONE,,NONE,NO,fibre; manufacturer,Used clothing - Vintage
CONTINUITY,NEW,,,LIV-ML-WHT,Mila White,LIV-ML-WHT,Mila White,CIN7_IMPORT,Livid Femme,Livid,1,3,customs desc; fibre; manufacturer,,,,1,,1,,1,,,CIN7,,CIN7,,NONE,NO,manufacturer,Men's Sweater - 100% cotton
CONTINUITY,NEW,,,VN-ONLN-13464,Mickey & Minnie Disney Tee (L),VN-ONLN-13464,Mickey & Minnie Disney Tee (L),CIN7_IMPORT,Vintage,Vintage,1,3,customs desc; fibre; manufacturer,,,,1,,1,,1,,,CIN7,,NONE,,NONE,NO,fibre; manufacturer,Used Vintage garment
CONTINUITY,NEW,,,VN-ONLN-11435,Vintage Knit (L),VN-ONLN-11435,Vintage Knit (L),CIN7_IMPORT,Vintage,Vintage,1,3,customs desc; fibre; manufacturer,,,,1,,1,,1,,,CIN7,,NONE,,NONE,NO,fibre; manufacturer,Used Vintage garment
CONTINUITY,NEW,,,VN-ONLN-10908,Diesel Halfzip Knit (M),VN-ONLN-10908,Diesel Halfzip Knit (M),CIN7_IMPORT,Vintage,Vintage,1,3,customs desc; fibre; manufacturer,,,,1,,1,,1,,,CIN7,,NONE,,NONE,NO,fibre; manufacturer,Used Vintage garment
CONTINUITY,NEW,,,EXT-VN-WHBL,White blouse,EXT-VN-WHBL,White blouse,CIN7_IMPORT,Vintage,Vintage,1,3,customs desc; fibre; manufacturer,,,,1,,1,,1,,,CIN7,,NONE,,NONE,NO,fibre; manufacturer,Used clothing - Vintage
CONTINUITY,NEW,,,VN-ONLN-11525,Vintage Corduroy Shirt (XL),VN-ONLN-11525,Vintage Corduroy Shirt (XL),CIN7_IMPORT,Vintage,Vintage,1,3,customs desc; fibre; manufacturer,,,,1,,1,,1,,,CIN7,,NONE,,NONE,NO,fibre; manufacturer,Used Vintage garment
CONTINUITY,NEW,,,VN-ONLN-11629,Chaps by Ralph Lauren Shirt (XL),VN-ONLN-11629,Chaps by Ralph Lauren Shirt (XL),CIN7_IMPORT,Vintage,Vintage,1,3,customs desc; fibre; manufacturer,,,,1,,1,,1,,,CIN7,,NONE,,NONE,NO,fibre; manufacturer,Used Vintage garment
CONTINUITY,NEW,,,VN-ONLN-10983,Fendi Sunglasses (OneSize),VN-ONLN-10983,Fendi Sunglasses (OneSize),CIN7_IMPORT,Vintage,Vintage,1,3,customs desc; fibre; manufacturer,,,,1,,1,,1,,,CIN7,,NONE,,NONE,NO,fibre; manufacturer,Used Vintage garment
CONTINUITY,NEW,,,VN-ONLN-10963,Levi's SilverTab Loose Denim Shorts (W34),VN-ONLN-10963,Levi's SilverTab Loose Denim Shorts (W34),CIN7_IMPORT,Vintage,Vintage,1,3,customs desc; fibre; manufacturer,,,,1,,1,,1,,,CIN7,,NONE,,NONE,NO,fibre; manufacturer,Used Vintage garment
CONTINUITY,NEW,,,VN-ONLN-13482,Tommy Hilfiger Quarter Zip Knit (XL),VN-ONLN-13482,Tommy Hilfiger Quarter Zip Knit (XL),CIN7_IMPORT,Vintage,Vintage,1,3,customs desc; fibre; manufacturer,,,,1,,1,,1,,,CIN7,,NONE,,NONE,NO,fibre; manufacturer,Used Vintage garment
CONTINUITY,NEW,,,VN-ONLN-10915,Diesel Bootleg Cargo Shorts (W36),VN-ONLN-10915,Diesel Bootleg Cargo Shorts (W36),CIN7_IMPORT,Vintage,Vintage,1,3,customs desc; fibre; manufacturer,,,,1,,1,,1,,,CIN7,,NONE,,NONE,NO,fibre; manufacturer,Used Vintage garment
CONTINUITY,NEW,,,LIV-MSCSMPL-WM,"Livid Misc Sample, Women top",LIV-MSCSMPL-WM,"Livid Misc Sample, Women top",CIN7_IMPORT,Livid Men,Livid,1,5,price; HS code; customs desc; fibre; manufacturer,,1,1,1,,1,,1,NONE,NONE,NONE,,NONE,,NONE,NO,price; HS code; customs desc; fibre; manufacturer,
CONTINUITY,NEW,,,LIV-BLY-JP-LDPRM,Bailey Japan Old Prime,LIV-BLY-JP-LDPRM,Bailey Japan Old Prime,CIN7_IMPORT,Livid Men,Livid,2,3,customs desc; fibre; manufacturer,,,,1,,1,,1,,,CIN7,,CIN7,,NONE,NO,manufacturer,Men's jeans - 100% cotton
CONTINUITY,NEW,,,VN-ONLN-9085,1996 Comedy Central Indecision Lee Denim Jacket (L),VN-ONLN-9085,1996 Comedy Central Indecision Lee Denim Jacket (L),CIN7_IMPORT,Vintage,Vintage,1,3,customs desc; fibre; manufacturer,,,,1,,1,,1,,,CIN7,,NONE,,NONE,NO,fibre; manufacturer,Used Vintage garment
CONTINUITY,NEW,,,VN-ONLN-9322,80's Bandana (OneSize),VN-ONLN-9322,80's Bandana (OneSize),CIN7_IMPORT,Vintage,Vintage,1,3,customs desc; fibre; manufacturer,,,,1,,1,,1,,,CIN7,,NONE,,NONE,NO,fibre; manufacturer,Used Vintage garment
CONTINUITY,NEW,,,IMP-LIV-BRNS-JPN-ML,"Barnes Japan Mole, 3434*",IMP-LIV-BRNS-JPN-ML,"Barnes Japan Mole, 3434*",CIN7_IMPORT,Livid Men,Livid,3,3,customs desc; fibre; manufacturer,,,,1,,1,,1,,,CIN7,,CIN7,,NONE,NO,manufacturer,Men's jeans - 100% cotton
CONTINUITY,NEW,,,VN-ONLN-10088,Fjällräven women's lightweight shirt (44),VN-ONLN-10088,Fjällräven women's lightweight shirt (44),CIN7_IMPORT,Vintage,Vintage,1,3,customs desc; fibre; manufacturer,,,,1,,1,,1,,,CIN7,,NONE,,NONE,NO,fibre; manufacturer,Used Vintage garment
CONTINUITY,NEW,,,EXT-PF-SP,Spiced Pumpkin 7.2 oz,EXT-PF-SP,Spiced Pumpkin 7.2 oz,CIN7_IMPORT,P.F. Candles,P.F. Candles,1,4,HS code; customs desc; fibre; manufacturer,,,1,1,,1,,1,,CIN7,CIN7,,NONE,,NONE,NO,fibre; manufacturer,Scent candles
CONTINUITY,NEW,,,VN-ONLN-12566,Jaquard Knit Sweater (M),VN-ONLN-12566,Jaquard Knit Sweater (M),CIN7_IMPORT,Vintage,Vintage,1,3,customs desc; fibre; manufacturer,,,,1,,1,,1,,,CIN7,,NONE,,NONE,NO,fibre; manufacturer,Used Vintage garment
CONTINUITY,NEW,,,VN-ONLN-11474,90's Plain College Sweat (S),VN-ONLN-11474,90's Plain College Sweat (S),CIN7_IMPORT,Vintage,Vintage,1,3,customs desc; fibre; manufacturer,,,,1,,1,,1,,,CIN7,,NONE,,NONE,NO,fibre; manufacturer,Used Vintage garment
CONTINUITY,NEW,,,VN-ONLN-13475,Adidas Logo Crewneck (S),VN-ONLN-13475,Adidas Logo Crewneck (S),CIN7_IMPORT,Vintage,Vintage,1,3,customs desc; fibre; manufacturer,,,,1,,1,,1,,,CIN7,,NONE,,NONE,NO,fibre; manufacturer,Used Vintage garment
CONTINUITY,NEW,,,LIV-TTA-BLK,Teta Black,LIV-TTA-BLK,Teta Black,CIN7_IMPORT,Livid Femme,Livid,2,3,customs desc; fibre; manufacturer,,,,1,,1,,1,,,CIN7,,CIN7,,NONE,NO,manufacturer,Men's Sweater - Knitted 100% wiil
CONTINUITY,NEW,,,VN-ONLN-11003,Gucci Sunglasses (OneSize),VN-ONLN-11003,Gucci Sunglasses (OneSize),CIN7_IMPORT,Vintage,Vintage,1,3,customs desc; fibre; manufacturer,,,,1,,1,,1,,,CIN7,,NONE,,NONE,NO,fibre; manufacturer,Used Vintage garment
CONTINUITY,NEW,,,LIV-Hayes-CH,Hayes Charcoal,LIV-Hayes-CH,Hayes Charcoal,CIN7_IMPORT,Livid Men,Livid,1,3,customs desc; fibre; manufacturer,,,,1,,1,,1,,,CIN7,,CIN7,,NONE,NO,manufacturer,Men's trouser - 100% cotton
CONTINUITY,NEW,,,LIV-ISL-JPN-BLCK,Isla Japan Black,LIV-ISL-JPN-BLCK,Isla Japan Black,CIN7_IMPORT,Livid Femme,Livid,10,3,customs desc; fibre; manufacturer,,,,1,,1,,1,,,CIN7,,CIN7,,NONE,NO,manufacturer,Men's jeans - 100% cotton
CONTINUITY,NEW,,,LIV-LV-JPN-INDG,Live Japan Indigo,LIV-LV-JPN-INDG,Live Japan Indigo,CIN7_IMPORT,Livid Femme,Livid,7,3,customs desc; fibre; manufacturer,,,,1,,1,,1,,,CIN7,,CIN7,,NONE,NO,manufacturer,Men's jeans - 100% cotton
CONTINUITY,NEW,,,LIV-BLY-JPN-INDG,Bailey Japan Indigo,LIV-BLY-JPN-INDG,Bailey Japan Indigo,CIN7_IMPORT,Livid Men,Livid,4,3,customs desc; fibre; manufacturer,,,,1,,1,,1,,,CIN7,,CIN7,,NONE,NO,manufacturer,Men's jeans - 100% cotton
CONTINUITY,NEW,,,LIV-ADDSN-JPN-INDG,Addison Japan Indigo,LIV-ADDSN-JPN-INDG,Addison Japan Indigo,CIN7_IMPORT,Livid Men,Livid,9,3,customs desc; fibre; manufacturer,,,,1,,1,,1,,,CIN7,,CIN7,,NONE,NO,manufacturer,Men's jeans - 100% cotton
CONTINUITY,NEW,,,LIV-MRG-JPN-BLCK,Margo Japan Black,LIV-MRG-JPN-BLCK,Margo Japan Black,CIN7_IMPORT,Livid Femme,Livid,6,3,customs desc; fibre; manufacturer,,,,1,,1,,1,,,CIN7,,CIN7,,NONE,NO,manufacturer,Men's jeans - 100% cotton
CONTINUITY,NEW,,,LIV-Keri-C,Keri Cocoa Linen,LIV-Keri-C,Keri Cocoa Linen,CIN7_IMPORT,Livid Femme,Livid,1,3,customs desc; fibre; manufacturer,,,,1,,1,,1,,,CIN7,,CIN7,,NONE,NO,manufacturer,Men's trouser - 100% cotton
CONTINUITY,NEW,,,LIV-JN-JPN-INDG,Jone Japan Indigo,LIV-JN-JPN-INDG,Jone Japan Indigo,CIN7_IMPORT,Livid Men,Livid,12,3,customs desc; fibre; manufacturer,,,,1,,1,,1,,,CIN7,,CIN7,,NONE,NO,manufacturer,Men's jeans - 100% cotton
CONTINUITY,NEW,,,LIV-CSDY-BLK,Cassidy Black (SS19),LIV-CSDY-BLK,Cassidy Black (SS19),CIN7_IMPORT,Livid Men,Livid,1,3,customs desc; fibre; manufacturer,,,,1,,1,,1,,,CIN7,,CIN7,,NONE,NO,manufacturer,Men's Shirt - 100% cotton
CONTINUITY,NEW,,,VN-ONLN-9462,Tommy Hilfiger Rugby shirt (S),VN-ONLN-9462,Tommy Hilfiger Rugby shirt (S),CIN7_IMPORT,Vintage,Vintage,1,3,customs desc; fibre; manufacturer,,,,1,,1,,1,,,CIN7,,NONE,,NONE,NO,fibre; manufacturer,Used Vintage garment
CONTINUITY,NEW,,,LIV-PLTH-TP-MHR-MX,Plath Taupe Mohair Mix,LIV-PLTH-TP-MHR-MX,Plath Taupe Mohair Mix,CIN7_IMPORT,Livid Unisex,Livid,1,3,customs desc; fibre; manufacturer,,,,1,,1,,1,,,CIN7,,CIN7,,NONE,NO,manufacturer,Men's beanie - 100% Wool
CONTINUITY,NEW,,,VN-ONLN-11126,Tommy Bahama Silk Shirt (XL),VN-ONLN-11126,Tommy Bahama Silk Shirt (XL),CIN7_IMPORT,Vintage,Vintage,1,3,customs desc; fibre; manufacturer,,,,1,,1,,1,,,CIN7,,NONE,,NONE,NO,fibre; manufacturer,Used Vintage garment
CONTINUITY,NEW,,,LIV-HYSJKT-STRP,Hayes Suit Jacket Stripe,LIV-HYSJKT-STRP,Hayes Suit Jacket Stripe,CIN7_IMPORT,Livid Men,Livid,2,3,customs desc; fibre; manufacturer,,,,1,,1,,1,,,CIN7,,CIN7,,NONE,NO,manufacturer,Men's Suit - 100% wool
CONTINUITY,NEW,,,VN-ONLN-10814,Nike ultra heavyweight Tee (XL),VN-ONLN-10814,Nike ultra heavyweight Tee (XL),CIN7_IMPORT,Vintage,Vintage,1,3,customs desc; fibre; manufacturer,,,,1,,1,,1,,,CIN7,,NONE,,NONE,NO,fibre; manufacturer,Used Vintage garment
CONTINUITY,NEW,,,VN-ONLN-13451,Levi's Silvertab Western Shirt (L),VN-ONLN-13451,Levi's Silvertab Western Shirt (L),CIN7_IMPORT,Vintage,Vintage,1,3,customs desc; fibre; manufacturer,,,,1,,1,,1,,,CIN7,,NONE,,NONE,NO,fibre; manufacturer,Used Vintage garment
CONTINUITY,NEW,,,VN-ONLN-12595,90s Levi's Western Denim Shirt (L),VN-ONLN-12595,90s Levi's Western Denim Shirt (L),CIN7_IMPORT,Vintage,Vintage,1,3,customs desc; fibre; manufacturer,,,,1,,1,,1,,,CIN7,,NONE,,NONE,NO,fibre; manufacturer,Used Vintage garment
CONTINUITY,NEW,,,LIV-MLR-WHTRM,Miller White Army,LIV-MLR-WHTRM,Miller White Army,CIN7_IMPORT,Livid Men,Livid,2,3,customs desc; fibre; manufacturer,,,,1,,1,,1,,,CIN7,,CIN7,,NONE,NO,manufacturer,Men jacket - 100% cotton
CONTINUITY,NEW,,,LIV-K-JPN-FD,Kai Japan Fade,LIV-K-JPN-FD,Kai Japan Fade,CIN7_IMPORT,Livid Men,Livid,11,3,customs desc; fibre; manufacturer,,,,1,,1,,1,,,CIN7,,CIN7,,NONE,NO,manufacturer,Men's jeans - 100% cotton
CONTINUITY,NEW,,,LIV-ANN-JPN-DWN,Ann Japan Dawn,LIV-ANN-JPN-DWN,Ann Japan Dawn,CIN7_IMPORT,Livid Femme,Livid,9,3,customs desc; fibre; manufacturer,,,,1,,1,,1,,,CIN7,,CIN7,,NONE,NO,manufacturer,Men's jeans - 100% cotton
CONTINUITY,NEW,,,LIV-JN-JPN-BLCK,Jone Japan Black,LIV-JN-JPN-BLCK,Jone Japan Black,CIN7_IMPORT,Livid Men,Livid,10,3,customs desc; fibre; manufacturer,,,,1,,1,,1,,,CIN7,,CIN7,,NONE,NO,manufacturer,Men's jeans - 100% cotton
CONTINUITY,NEW,,,LIV-ADDSN-JPN-RNS-SLVG,Addison Japan Rinse Selvage,LIV-ADDSN-JPN-RNS-SLVG,Addison Japan Rinse Selvage,CIN7_IMPORT,Livid Men,Livid,3,3,customs desc; fibre; manufacturer,,,,1,,1,,1,,,CIN7,,CIN7,,NONE,NO,manufacturer,Men's jeans - 100% cotton
CONTINUITY,NEW,,,LIV-BRNS-FRST-FG,Barnes Forest Fog,LIV-BRNS-FRST-FG,Barnes Forest Fog,CIN7_IMPORT,Livid Men,Livid,3,3,customs desc; fibre; manufacturer,,,,1,,1,,1,,,CIN7,,CIN7,,NONE,NO,manufacturer,Men's jeans - 100% cotton
CONTINUITY,NEW,,,LIV-ISL-JPN-FD,Isla Japan Fade,LIV-ISL-JPN-FD,Isla Japan Fade,CIN7_IMPORT,Livid Femme,Livid,2,3,customs desc; fibre; manufacturer,,,,1,,1,,1,,,CIN7,,CIN7,,NONE,NO,manufacturer,Men's jeans - 100% cotton
CONTINUITY,NEW,,,STORAGE-COLLECT-SWATCHES,Collect Swatches,STORAGE-COLLECT-SWATCHES,Collect Swatches,CIN7_IMPORT,LAGER,LAGER,1,6,HS code; customs desc; weight; fibre; origin; manufacturer,,,1,1,1,1,1,1,,NONE,NONE,NONE,NONE,NONE,NONE,NO,HS code; customs desc; weight; fibre; origin; manufacturer,
CONTINUITY,NEW,,,VN-ONLN-9923,Polo Ralph Lauren Shirt (XL),VN-ONLN-9923,Polo Ralph Lauren Shirt (XL),CIN7_IMPORT,Vintage,Vintage,1,3,customs desc; fibre; manufacturer,,,,1,,1,,1,,,CIN7,,NONE,,NONE,NO,fibre; manufacturer,Used Vintage garment
CONTINUITY,NEW,,,VN-ONLN-11560,L.L. Bean Overshirt (L),VN-ONLN-11560,L.L. Bean Overshirt (L),CIN7_IMPORT,Vintage,Vintage,1,3,customs desc; fibre; manufacturer,,,,1,,1,,1,,,CIN7,,NONE,,NONE,NO,fibre; manufacturer,Used Vintage garment
CONTINUITY,NEW,,,VN-ONLN-12904,Carlo Colucci Knit Sweater (XL),VN-ONLN-12904,Carlo Colucci Knit Sweater (XL),CIN7_IMPORT,Vintage,Vintage,1,3,customs desc; fibre; manufacturer,,,,1,,1,,1,,,CIN7,,NONE,,NONE,NO,fibre; manufacturer,Used Vintage garment
CONTINUITY,NEW,,,VN-ONLN-9984,Champion Reverse Weave Sweatshirt (M),VN-ONLN-9984,Champion Reverse Weave Sweatshirt (M),CIN7_IMPORT,Vintage,Vintage,1,3,customs desc; fibre; manufacturer,,,,1,,1,,1,,,CIN7,,NONE,,NONE,NO,fibre; manufacturer,Used Vintage garment
CONTINUITY,NEW,,,LIV-CSSDY-WHT-OXFRD,Cassidy White Oxford,LIV-CSSDY-WHT-OXFRD,Cassidy White Oxford,CIN7_IMPORT,Livid Men,Livid,1,4,customs desc; fibre; origin; manufacturer,,,,1,,1,1,1,,,CIN7,,CIN7,CIN7,NONE,NO,manufacturer,Men's Shirt - 100% cotton
CONTINUITY,NEW,,,EXT-VN-BRBSH,Burberry Shirt,EXT-VN-BRBSH,Burberry Shirt,CIN7_IMPORT,Vintage,Vintage,1,3,customs desc; fibre; manufacturer,,,,1,,1,,1,,,CIN7,,NONE,,NONE,NO,fibre; manufacturer,Used clothing - Vintage
CONTINUITY,NEW,,,VN-ONLN-13199,FC Schalke 04 Football Scarf (OneSize),VN-ONLN-13199,FC Schalke 04 Football Scarf (OneSize),CIN7_IMPORT,Vintage,Vintage,1,3,customs desc; fibre; manufacturer,,,,1,,1,,1,,,CIN7,,NONE,,NONE,NO,fibre; manufacturer,Used Vintage garment
CONTINUITY,NEW,,,VN-ONLN-12035,Versace Jeans Couture Denim Jacket (M),VN-ONLN-12035,Versace Jeans Couture Denim Jacket (M),CIN7_IMPORT,Vintage,Vintage,1,3,customs desc; fibre; manufacturer,,,,1,,1,,1,,,CIN7,,NONE,,NONE,NO,fibre; manufacturer,Used Vintage garment
CONTINUITY,NEW,,,VN-ONLN-10737,Tommy Bahama Silk Shirt (L),VN-ONLN-10737,Tommy Bahama Silk Shirt (L),CIN7_IMPORT,Vintage,Vintage,1,3,customs desc; fibre; manufacturer,,,,1,,1,,1,,,CIN7,,NONE,,NONE,NO,fibre; manufacturer,Used Vintage garment
CONTINUITY,NEW,,,EXT-VN-SLCTITM,Selected Item,EXT-VN-SLCTITM,Selected Item,CIN7_IMPORT,Vintage,Vintage,1,6,price; HS code; customs desc; fibre; origin; manufacturer,,1,1,1,,1,1,1,NONE,NONE,NONE,,NONE,NONE,NONE,NO,price; HS code; customs desc; fibre; origin; manufacturer,
CONTINUITY,NEW,,,VN-ONLN-13424,Swings-N-Things Tee (XL),VN-ONLN-13424,Swings-N-Things Tee (XL),CIN7_IMPORT,Vintage,Vintage,1,3,customs desc; fibre; manufacturer,,,,1,,1,,1,,,CIN7,,NONE,,NONE,NO,fibre; manufacturer,Used Vintage garment
CONTINUITY,NEW,,,VN-ONLN-12514,Burberry Womens Sleeveless Pique Polo (S),VN-ONLN-12514,Burberry Womens Sleeveless Pique Polo (S),CIN7_IMPORT,Vintage,Vintage,1,3,customs desc; fibre; manufacturer,,,,1,,1,,1,,,CIN7,,NONE,,NONE,NO,fibre; manufacturer,Used Vintage garment
CONTINUITY,NEW,,,VN-ONLN-10857,Tommy Bahama Silk Shirt (L),VN-ONLN-10857,Tommy Bahama Silk Shirt (L),CIN7_IMPORT,Vintage,Vintage,1,3,customs desc; fibre; manufacturer,,,,1,,1,,1,,,CIN7,,NONE,,NONE,NO,fibre; manufacturer,Used Vintage garment
CONTINUITY,NEW,,,VN-ONLN-12497,Hugo Boss Shirt (L),VN-ONLN-12497,Hugo Boss Shirt (L),CIN7_IMPORT,Vintage,Vintage,1,3,customs desc; fibre; manufacturer,,,,1,,1,,1,,,CIN7,,NONE,,NONE,NO,fibre; manufacturer,Used Vintage garment
CONTINUITY,NEW,,,LIV-PLTH-BL-MHR-MX,Plath Blue Mohair Mix,LIV-PLTH-BL-MHR-MX,Plath Blue Mohair Mix,CIN7_IMPORT,Livid Unisex,Livid,1,3,customs desc; fibre; manufacturer,,,,1,,1,,1,,,CIN7,,CIN7,,NONE,NO,manufacturer,Men's beanie - 100% Wool
CONTINUITY,NEW,,,VN-ONLN-11014,Chanel Sunglasses (OneSize),VN-ONLN-11014,Chanel Sunglasses (OneSize),CIN7_IMPORT,Vintage,Vintage,1,3,customs desc; fibre; manufacturer,,,,1,,1,,1,,,CIN7,,NONE,,NONE,NO,fibre; manufacturer,Used Vintage garment
CONTINUITY,NEW,,,LIV-SMPLS-H-STRKW,"Sample strikk vinter, herre",LIV-SMPLS-H-STRKW,"Sample strikk vinter, herre",CIN7_IMPORT,Livid Men,Livid,1,5,price; HS code; customs desc; fibre; manufacturer,,1,1,1,,1,,1,NONE,NONE,NONE,,NONE,,NONE,NO,price; HS code; customs desc; fibre; manufacturer,
CONTINUITY,NEW,,,VN-ONLN-11222,Silk Resort Shirt (XL),VN-ONLN-11222,Silk Resort Shirt (XL),CIN7_IMPORT,Vintage,Vintage,1,3,customs desc; fibre; manufacturer,,,,1,,1,,1,,,CIN7,,NONE,,NONE,NO,fibre; manufacturer,Used Vintage garment
CONTINUITY,NEW,,,STORAGE-PATTERNS,Patterns,STORAGE-PATTERNS,Patterns,CIN7_IMPORT,LAGER,LAGER,1,6,HS code; customs desc; weight; fibre; origin; manufacturer,,,1,1,1,1,1,1,,NONE,NONE,NONE,NONE,NONE,NONE,NO,HS code; customs desc; weight; fibre; origin; manufacturer,
CONTINUITY,NEW,,,LIV-SVD-CHN,Saved Chino,LIV-SVD-CHN,Saved Chino,CIN7_IMPORT,Livid Men,Livid,1,3,customs desc; fibre; manufacturer,,,,1,,1,,1,,,CIN7,,CIN7,,NONE,NO,manufacturer,Men's jeans - 100% cotton
CONTINUITY,NEW,,,VN-ONLN-10477,1992 The Borg Star Trek TNG tee (XL),VN-ONLN-10477,1992 The Borg Star Trek TNG tee (XL),CIN7_IMPORT,Vintage,Vintage,1,3,customs desc; fibre; manufacturer,,,,1,,1,,1,,,CIN7,,NONE,,NONE,NO,fibre; manufacturer,Used Vintage garment
CONTINUITY,NEW,,,VN-ONLN-11372,Polo by Ralph Lauren Shirt (L),VN-ONLN-11372,Polo by Ralph Lauren Shirt (L),CIN7_IMPORT,Vintage,Vintage,1,3,customs desc; fibre; manufacturer,,,,1,,1,,1,,,CIN7,,NONE,,NONE,NO,fibre; manufacturer,Used Vintage garment
CONTINUITY,NEW,,,VN-ONLN-12643,Champion Crewneck (M),VN-ONLN-12643,Champion Crewneck (M),CIN7_IMPORT,Vintage,Vintage,1,3,customs desc; fibre; manufacturer,,,,1,,1,,1,,,CIN7,,NONE,,NONE,NO,fibre; manufacturer,Used Vintage garment
CONTINUITY,NEW,,,VN-ONLN-10222,Kenzo Sunglasses (OneSize),VN-ONLN-10222,Kenzo Sunglasses (OneSize),CIN7_IMPORT,Vintage,Vintage,1,3,customs desc; fibre; manufacturer,,,,1,,1,,1,,,CIN7,,NONE,,NONE,NO,fibre; manufacturer,Used Vintage garment
CONTINUITY,NEW,,,VN-ONLN-10542,1970's Home-Embroidered Chambray shirt (S),VN-ONLN-10542,1970's Home-Embroidered Chambray shirt (S),CIN7_IMPORT,Vintage,Vintage,1,3,customs desc; fibre; manufacturer,,,,1,,1,,1,,,CIN7,,NONE,,NONE,NO,fibre; manufacturer,Used Vintage garment
CONTINUITY,NEW,,,STORAGE-PENNANT-REP,Pennant Rep,STORAGE-PENNANT-REP,Pennant Rep,CIN7_IMPORT,Storage,Storage,1,5,HS code; customs desc; fibre; origin; manufacturer,,,1,1,,1,1,1,,NONE,CIN7,,NONE,NONE,NONE,NO,HS code; fibre; origin; manufacturer,Lager
CONTINUITY,NEW,,,VN-ONLN-11873,Pierre Cardin Tie (OneSize),VN-ONLN-11873,Pierre Cardin Tie (OneSize),CIN7_IMPORT,Vintage,Vintage,1,3,customs desc; fibre; manufacturer,,,,1,,1,,1,,,CIN7,,NONE,,NONE,NO,fibre; manufacturer,Used Vintage garment
CONTINUITY,NEW,,,THA-JP-BK,Thea Japan Black,THA-JP-BK,Thea Japan Black,CIN7_IMPORT,Livid Femme,Livid,2,3,customs desc; fibre; manufacturer,,,,1,,1,,1,,,CIN7,,CIN7,,NONE,NO,manufacturer,Men's jeans - 100% cotton
CONTINUITY,NEW,,,STORAGE-DENIM-WASHES,Denim Washes,STORAGE-DENIM-WASHES,Denim Washes,CIN7_IMPORT,LAGER,LAGER,1,6,HS code; customs desc; weight; fibre; origin; manufacturer,,,1,1,1,1,1,1,,NONE,NONE,NONE,NONE,NONE,NONE,NO,HS code; customs desc; weight; fibre; origin; manufacturer,
CONTINUITY,NEW,,,LIV-JNE-JP-SHRT-NV,Jone Japan Navy Shorts,LIV-JNE-JP-SHRT-NV,Jone Japan Navy Shorts,CIN7_IMPORT,Livid Men,Livid,1,3,customs desc; fibre; manufacturer,,,,1,,1,,1,,,CIN7,,CIN7,,NONE,NO,manufacturer,Men's Shorts - 100% Cotton
CONTINUITY,NEW,,,LIV-IMP-BRNS,Imperfect Barnes,LIV-IMP-BRNS,Imperfect Barnes,CIN7_IMPORT,Livid Men,Livid,1,4,price; customs desc; fibre; manufacturer,,1,,1,,1,,1,NONE,,CIN7,,CIN7,,NONE,NO,price; manufacturer,Men's jeans - 100% cotton
CONTINUITY,NEW,,,VN-ONLN-11567,90's Striped US Shirt (S),VN-ONLN-11567,90's Striped US Shirt (S),CIN7_IMPORT,Vintage,Vintage,1,3,customs desc; fibre; manufacturer,,,,1,,1,,1,,,CIN7,,NONE,,NONE,NO,fibre; manufacturer,Used Vintage garment
CONTINUITY,NEW,,,VN-ONLN-12507,Burberry Wool Fleece (M),VN-ONLN-12507,Burberry Wool Fleece (M),CIN7_IMPORT,Vintage,Vintage,1,3,customs desc; fibre; manufacturer,,,,1,,1,,1,,,CIN7,,NONE,,NONE,NO,fibre; manufacturer,Used Vintage garment
CONTINUITY,NEW,,,VN-ONLN-10087,70's Bowling shirt (S),VN-ONLN-10087,70's Bowling shirt (S),CIN7_IMPORT,Vintage,Vintage,1,3,customs desc; fibre; manufacturer,,,,1,,1,,1,,,CIN7,,NONE,,NONE,NO,fibre; manufacturer,Used Vintage garment
CONTINUITY,NEW,,,VN-ONLN-12568,Polo by Ralph Lauren Knit Sweater (XL),VN-ONLN-12568,Polo by Ralph Lauren Knit Sweater (XL),CIN7_IMPORT,Vintage,Vintage,1,3,customs desc; fibre; manufacturer,,,,1,,1,,1,,,CIN7,,NONE,,NONE,NO,fibre; manufacturer,Used Vintage garment
CONTINUITY,NEW,,,VN-ONLN-10018,Chaps Ralph Lauren quarter-zip sweater (2XL),VN-ONLN-10018,Chaps Ralph Lauren quarter-zip sweater (2XL),CIN7_IMPORT,Vintage,Vintage,1,3,customs desc; fibre; manufacturer,,,,1,,1,,1,,,CIN7,,NONE,,NONE,NO,fibre; manufacturer,Used Vintage garment
CONTINUITY,NEW,,,STORAGE-TESSILBIELLA-SWATCHES,Tessilbiella Swatches,STORAGE-TESSILBIELLA-SWATCHES,Tessilbiella Swatches,CIN7_IMPORT,LAGER,LAGER,1,6,HS code; customs desc; weight; fibre; origin; manufacturer,,,1,1,1,1,1,1,,NONE,NONE,NONE,NONE,NONE,NONE,NO,HS code; customs desc; weight; fibre; origin; manufacturer,
CONTINUITY,NEW,,,VN-ONLN-10928,Vintage Diesel Sidebag (OneSize),VN-ONLN-10928,Vintage Diesel Sidebag (OneSize),CIN7_IMPORT,Vintage,Vintage,1,3,customs desc; fibre; manufacturer,,,,1,,1,,1,,,CIN7,,NONE,,NONE,NO,fibre; manufacturer,Used Vintage garment
CONTINUITY,NEW,,,VN-ONLN-13303,Caribbean Silk Shirt (L),VN-ONLN-13303,Caribbean Silk Shirt (L),CIN7_IMPORT,Vintage,Vintage,1,3,customs desc; fibre; manufacturer,,,,1,,1,,1,,,CIN7,,NONE,,NONE,NO,fibre; manufacturer,Used Vintage garment
CONTINUITY,NEW,,,VN-ONLN-13487,Silk Resort Shirt (L),VN-ONLN-13487,Silk Resort Shirt (L),CIN7_IMPORT,Vintage,Vintage,1,3,customs desc; fibre; manufacturer,,,,1,,1,,1,,,CIN7,,NONE,,NONE,NO,fibre; manufacturer,Used Vintage garment
CONTINUITY,NEW,,,VN-ONLN-12342,L.L. Bean Flannel Shirt (XL),VN-ONLN-12342,L.L. Bean Flannel Shirt (XL),CIN7_IMPORT,Vintage,Vintage,1,3,customs desc; fibre; manufacturer,,,,1,,1,,1,,,CIN7,,NONE,,NONE,NO,fibre; manufacturer,Used Vintage garment
CONTINUITY,NEW,,,VN-ONLN-12772,Chevrolet Varsity Denim Jacket (M),VN-ONLN-12772,Chevrolet Varsity Denim Jacket (M),CIN7_IMPORT,Vintage,Vintage,1,3,customs desc; fibre; manufacturer,,,,1,,1,,1,,,CIN7,,NONE,,NONE,NO,fibre; manufacturer,Used Vintage garment
CONTINUITY,NEW,,,VN-ONLN-9787,90's collared zip cardigan (M),VN-ONLN-9787,90's collared zip cardigan (M),CIN7_IMPORT,Vintage,Vintage,1,3,customs desc; fibre; manufacturer,,,,1,,1,,1,,,CIN7,,NONE,,NONE,NO,fibre; manufacturer,Used Vintage garment
CONTINUITY,NEW,,,LIV-KYDN-BLCK,Kayden Black,LIV-KYDN-BLCK,Kayden Black,CIN7_IMPORT,Livid Men,Livid,1,3,customs desc; fibre; manufacturer,,,,1,,1,,1,,,CIN7,,CIN7,,NONE,NO,manufacturer,Men jacket - 100% Leather
CONTINUITY,NEW,,,VN-ONLN-11437,Polo by Ralph Lauren Sport Knit (L),VN-ONLN-11437,Polo by Ralph Lauren Sport Knit (L),CIN7_IMPORT,Vintage,Vintage,1,3,customs desc; fibre; manufacturer,,,,1,,1,,1,,,CIN7,,NONE,,NONE,NO,fibre; manufacturer,Used Vintage garment
CONTINUITY,NEW,,,VN-ONLN-11248,Tommy Bahama Silk Shirt (2XL),VN-ONLN-11248,Tommy Bahama Silk Shirt (2XL),CIN7_IMPORT,Vintage,Vintage,1,3,customs desc; fibre; manufacturer,,,,1,,1,,1,,,CIN7,,NONE,,NONE,NO,fibre; manufacturer,Used Vintage garment
CONTINUITY,NEW,,,VN-ONLN-10514,Wrangler Shirt (XL) (XL),VN-ONLN-10514,Wrangler Shirt (XL) (XL),CIN7_IMPORT,Vintage,Vintage,1,3,customs desc; fibre; manufacturer,,,,1,,1,,1,,,CIN7,,NONE,,NONE,NO,fibre; manufacturer,Used Vintage garment
CONTINUITY,NEW,,,LIV-SGTRT-TP,Saige Taupe,LIV-SGTRT-TP,Saige Taupe,CIN7_IMPORT,Livid Femme,Livid,1,3,customs desc; fibre; manufacturer,,,,1,,1,,1,,,CIN7,,CIN7,,NONE,NO,manufacturer,Men's Sweater - Knitted 100% wiil
CONTINUITY,NEW,,,VN-ONLN-11623,Tommy Hilfiger Shirt (M),VN-ONLN-11623,Tommy Hilfiger Shirt (M),CIN7_IMPORT,Vintage,Vintage,1,3,customs desc; fibre; manufacturer,,,,1,,1,,1,,,CIN7,,NONE,,NONE,NO,fibre; manufacturer,Used Vintage garment
CONTINUITY,NEW,,,VN-ONLN-11645,Jaquard Knit Sweater (XL),VN-ONLN-11645,Jaquard Knit Sweater (XL),CIN7_IMPORT,Vintage,Vintage,1,3,customs desc; fibre; manufacturer,,,,1,,1,,1,,,CIN7,,NONE,,NONE,NO,fibre; manufacturer,Used Vintage garment
CONTINUITY,NEW,,,VN-ONLN-12859,Marlboro Classics Leather Carcoat (XL),VN-ONLN-12859,Marlboro Classics Leather Carcoat (XL),CIN7_IMPORT,Vintage,Vintage,1,3,customs desc; fibre; manufacturer,,,,1,,1,,1,,,CIN7,,NONE,,NONE,NO,fibre; manufacturer,Used Vintage garment
CONTINUITY,NEW,,,VN-ONLN-11095,Knights Bridge Western Shirt (L),VN-ONLN-11095,Knights Bridge Western Shirt (L),CIN7_IMPORT,Vintage,Vintage,1,3,customs desc; fibre; manufacturer,,,,1,,1,,1,,,CIN7,,NONE,,NONE,NO,fibre; manufacturer,Used Vintage garment
CONTINUITY,NEW,,,VN-ONLN-11759,L.L. Bean Shirt (L),VN-ONLN-11759,L.L. Bean Shirt (L),CIN7_IMPORT,Vintage,Vintage,1,3,customs desc; fibre; manufacturer,,,,1,,1,,1,,,CIN7,,NONE,,NONE,NO,fibre; manufacturer,Used Vintage garment
CONTINUITY,NEW,,,SALE-SHOE,Salgssko,SALE-SHOE,Salgssko,CIN7_IMPORT,EXT,EXT,1,7,price; HS code; customs desc; weight; fibre; origin; manufacturer,,1,1,1,1,1,1,1,NONE,NONE,NONE,NONE,NONE,NONE,NONE,NO,price; HS code; customs desc; weight; fibre; origin; manufacturer,
CONTINUITY,NEW,,,VN-ONLN-11190,Silk Resort Shirt (M),VN-ONLN-11190,Silk Resort Shirt (M),CIN7_IMPORT,Vintage,Vintage,1,3,customs desc; fibre; manufacturer,,,,1,,1,,1,,,CIN7,,NONE,,NONE,NO,fibre; manufacturer,Used Vintage garment
CONTINUITY,NEW,,,VIN-KP,Wool coat,VIN-KP,Wool coat,CIN7_IMPORT,Vintage,Vintage,1,5,HS code; customs desc; fibre; origin; manufacturer,,,1,1,,1,1,1,,CIN7,CIN7,,CIN7,NONE,NONE,NO,origin; manufacturer,Men jacket - 100% cotton
CONTINUITY,NEW,,,VN-ONLN-9503,Woolrich wool shirt (XL),VN-ONLN-9503,Woolrich wool shirt (XL),CIN7_IMPORT,Vintage,Vintage,1,3,customs desc; fibre; manufacturer,,,,1,,1,,1,,,CIN7,,NONE,,NONE,NO,fibre; manufacturer,Used Vintage garment
CONTINUITY,NEW,,,LIV-SMPLS-H-STRK,"Sample strikk, herre",LIV-SMPLS-H-STRK,"Sample strikk, herre",CIN7_IMPORT,Livid Men,Livid,1,5,price; HS code; customs desc; fibre; manufacturer,,1,1,1,,1,,1,NONE,NONE,NONE,,NONE,,NONE,NO,price; HS code; customs desc; fibre; manufacturer,
CONTINUITY,NEW,,,LIV-AVA-JP-WRNCMF,Ava Japan Worn Comfort,LIV-AVA-JP-WRNCMF,Ava Japan Worn Comfort,CIN7_IMPORT,Livid Femme,Livid,2,3,customs desc; fibre; manufacturer,,,,1,,1,,1,,,CIN7,,CIN7,,NONE,NO,manufacturer,Men's jeans - 100% cotton
CONTINUITY,NEW,,,VN-ONLN-12677,Polo Ralph Lauren Checked Shirt (L),VN-ONLN-12677,Polo Ralph Lauren Checked Shirt (L),CIN7_IMPORT,Vintage,Vintage,1,3,customs desc; fibre; manufacturer,,,,1,,1,,1,,,CIN7,,NONE,,NONE,NO,fibre; manufacturer,Used Vintage garment
CONTINUITY,NEW,,,VN-ONLN-13127,Women's 90's Burberry Tee (M),VN-ONLN-13127,Women's 90's Burberry Tee (M),CIN7_IMPORT,Vintage,Vintage,1,3,customs desc; fibre; manufacturer,,,,1,,1,,1,,,CIN7,,NONE,,NONE,NO,fibre; manufacturer,Used Vintage garment
CONTINUITY,NEW,,,VN-ONLN-13448,Timberland Flannel Shirt (2XL),VN-ONLN-13448,Timberland Flannel Shirt (2XL),CIN7_IMPORT,Vintage,Vintage,1,3,customs desc; fibre; manufacturer,,,,1,,1,,1,,,CIN7,,NONE,,NONE,NO,fibre; manufacturer,Used Vintage garment
CONTINUITY,NEW,,,VN-ONLN-12931,Calvin Klein Silk Tie (OneSize),VN-ONLN-12931,Calvin Klein Silk Tie (OneSize),CIN7_IMPORT,Vintage,Vintage,1,3,customs desc; fibre; manufacturer,,,,1,,1,,1,,,CIN7,,NONE,,NONE,NO,fibre; manufacturer,Used Vintage garment
CONTINUITY,NEW,,,VN-ONLN-9349,Oregon Ducks Hoodie (2XL),VN-ONLN-9349,Oregon Ducks Hoodie (2XL),CIN7_IMPORT,Vintage,Vintage,1,3,customs desc; fibre; manufacturer,,,,1,,1,,1,,,CIN7,,NONE,,NONE,NO,fibre; manufacturer,Used Vintage garment
CONTINUITY,NEW,,,VN-ONLN-10686,1996 Jimmy Hoffa Tee (XL),VN-ONLN-10686,1996 Jimmy Hoffa Tee (XL),CIN7_IMPORT,Vintage,Vintage,1,3,customs desc; fibre; manufacturer,,,,1,,1,,1,,,CIN7,,NONE,,NONE,NO,fibre; manufacturer,Used Vintage garment
CONTINUITY,NEW,,,EXT-VN-USWRKJK,US Worker Jacket,EXT-VN-USWRKJK,US Worker Jacket,CIN7_IMPORT,Vintage,Vintage,1,3,customs desc; fibre; manufacturer,,,,1,,1,,1,,,CIN7,,NONE,,NONE,NO,fibre; manufacturer,Used clothing - Vintage
CONTINUITY,NEW,,,VN-ONLN-13420,Quray Colorado Tee (XL),VN-ONLN-13420,Quray Colorado Tee (XL),CIN7_IMPORT,Vintage,Vintage,1,3,customs desc; fibre; manufacturer,,,,1,,1,,1,,,CIN7,,NONE,,NONE,NO,fibre; manufacturer,Used Vintage garment
CONTINUITY,NEW,,,VN-ONLN-13478,Stanford University Crewneck (M),VN-ONLN-13478,Stanford University Crewneck (M),CIN7_IMPORT,Vintage,Vintage,1,3,customs desc; fibre; manufacturer,,,,1,,1,,1,,,CIN7,,NONE,,NONE,NO,fibre; manufacturer,Used Vintage garment
CONTINUITY,NEW,,,VN-ONLN-11354,Tommy Hilfilger Shirt (L),VN-ONLN-11354,Tommy Hilfilger Shirt (L),CIN7_IMPORT,Vintage,Vintage,1,3,customs desc; fibre; manufacturer,,,,1,,1,,1,,,CIN7,,NONE,,NONE,NO,fibre; manufacturer,Used Vintage garment
CONTINUITY,NEW,,,VN-ONLN-12100,Christian Dior Tie (OneSize),VN-ONLN-12100,Christian Dior Tie (OneSize),CIN7_IMPORT,Vintage,Vintage,1,3,customs desc; fibre; manufacturer,,,,1,,1,,1,,,CIN7,,NONE,,NONE,NO,fibre; manufacturer,Used Vintage garment
CONTINUITY,NEW,,,VN-ONLN-10061,1997 Harley Tee (XL),VN-ONLN-10061,1997 Harley Tee (XL),CIN7_IMPORT,Vintage,Vintage,1,3,customs desc; fibre; manufacturer,,,,1,,1,,1,,,CIN7,,NONE,,NONE,NO,fibre; manufacturer,Used Vintage garment
CONTINUITY,NEW,,,EXT-VIN-PTDRS,Party Dress,EXT-VIN-PTDRS,Party Dress,CIN7_IMPORT,Vintage,Vintage,1,3,customs desc; fibre; manufacturer,,,,1,,1,,1,,,CIN7,,NONE,,NONE,NO,fibre; manufacturer,Used clothing - Vintage
CONTINUITY,NEW,,,LIV-IMP-BLY,Imperfect Bailey,LIV-IMP-BLY,Imperfect Bailey,CIN7_IMPORT,Livid Men,Livid,1,4,price; customs desc; fibre; manufacturer,,1,,1,,1,,1,NONE,,CIN7,,CIN7,,NONE,NO,price; manufacturer,Men's jeans - 100% cotton
CONTINUITY,NEW,,,VN-ONLN-10735,Silk Resort Shirt (L),VN-ONLN-10735,Silk Resort Shirt (L),CIN7_IMPORT,Vintage,Vintage,1,3,customs desc; fibre; manufacturer,,,,1,,1,,1,,,CIN7,,NONE,,NONE,NO,fibre; manufacturer,Used Vintage garment
CONTINUITY,NEW,,,EXT-VN-PRTTP,Party Top,EXT-VN-PRTTP,Party Top,CIN7_IMPORT,Vintage,Vintage,1,3,customs desc; fibre; manufacturer,,,,1,,1,,1,,,CIN7,,NONE,,NONE,NO,fibre; manufacturer,Used clothing - Vintage
CONTINUITY,NEW,,,LIV-IMP-ADS,Imperfect Addison,LIV-IMP-ADS,Imperfect Addison,CIN7_IMPORT,Livid Men,Livid,1,4,price; customs desc; fibre; manufacturer,,1,,1,,1,,1,NONE,,CIN7,,CIN7,,NONE,NO,price; manufacturer,Men's jeans - 100% cotton
CONTINUITY,NEW,,,VN-ONLN-10562,Silk Resort Shirt (XL),VN-ONLN-10562,Silk Resort Shirt (XL),CIN7_IMPORT,Vintage,Vintage,1,3,customs desc; fibre; manufacturer,,,,1,,1,,1,,,CIN7,,NONE,,NONE,NO,fibre; manufacturer,Used Vintage garment
CONTINUITY,NEW,,,VN-ONLN-10190,Tommy Hilfiger Quarter zip (S),VN-ONLN-10190,Tommy Hilfiger Quarter zip (S),CIN7_IMPORT,Vintage,Vintage,1,3,customs desc; fibre; manufacturer,,,,1,,1,,1,,,CIN7,,NONE,,NONE,NO,fibre; manufacturer,Used Vintage garment
CONTINUITY,NEW,,,LIV-HST-CHRCL,Heist Charcoal,LIV-HST-CHRCL,Heist Charcoal,CIN7_IMPORT,Livid Femme,Livid,1,4,customs desc; fibre; origin; manufacturer,,,,1,,1,1,1,,,CIN7,,CIN7,CIN7,NONE,NO,manufacturer,Men's Sweater - Knitted 100% wiil
CONTINUITY,NEW,,,STORAGE-IMPERFECT-MANGLER-SKU,Imperfect - Mangler SKU,STORAGE-IMPERFECT-MANGLER-SKU,Imperfect - Mangler SKU,CIN7_IMPORT,Storage,Storage,1,5,HS code; customs desc; fibre; origin; manufacturer,,,1,1,,1,1,1,,NONE,CIN7,,NONE,NONE,NONE,NO,HS code; fibre; origin; manufacturer,Lager
CONTINUITY,NEW,,,VN-ONLN-12857,Marlboro Classics Leather Carcoat (XL),VN-ONLN-12857,Marlboro Classics Leather Carcoat (XL),CIN7_IMPORT,Vintage,Vintage,1,3,customs desc; fibre; manufacturer,,,,1,,1,,1,,,CIN7,,NONE,,NONE,NO,fibre; manufacturer,Used Vintage garment
CONTINUITY,NEW,,,VN-ONLN-12678,Tommy Hilfiger Checked Shirt (M),VN-ONLN-12678,Tommy Hilfiger Checked Shirt (M),CIN7_IMPORT,Vintage,Vintage,1,3,customs desc; fibre; manufacturer,,,,1,,1,,1,,,CIN7,,NONE,,NONE,NO,fibre; manufacturer,Used Vintage garment
CONTINUITY,NEW,,,VN-ONLN-13339,Women's Christian Dior Silk Shirt (M),VN-ONLN-13339,Women's Christian Dior Silk Shirt (M),CIN7_IMPORT,Vintage,Vintage,1,3,customs desc; fibre; manufacturer,,,,1,,1,,1,,,CIN7,,NONE,,NONE,NO,fibre; manufacturer,Used Vintage garment
CONTINUITY,NEW,,,VN-ONLN-13353,Armani Jeans Denim Shorts (W27),VN-ONLN-13353,Armani Jeans Denim Shorts (W27),CIN7_IMPORT,Vintage,Vintage,1,3,customs desc; fibre; manufacturer,,,,1,,1,,1,,,CIN7,,NONE,,NONE,NO,fibre; manufacturer,Used Vintage garment
CONTINUITY,NEW,,,VN-ONLN-11336,Tommy Hilfilger Shirt (L),VN-ONLN-11336,Tommy Hilfilger Shirt (L),CIN7_IMPORT,Vintage,Vintage,1,3,customs desc; fibre; manufacturer,,,,1,,1,,1,,,CIN7,,NONE,,NONE,NO,fibre; manufacturer,Used Vintage garment
CONTINUITY,NEW,,,LIV-SMPLS-H-JKTW,"Sample jakker vinter, herre",LIV-SMPLS-H-JKTW,"Sample jakker vinter, herre",CIN7_IMPORT,Livid Men,Livid,1,5,price; HS code; customs desc; fibre; manufacturer,,1,1,1,,1,,1,NONE,NONE,NONE,,NONE,,NONE,NO,price; HS code; customs desc; fibre; manufacturer,
CONTINUITY,NEW,,,VN-ONLN-13291,Tommy Bahama Silk Shirt (XL),VN-ONLN-13291,Tommy Bahama Silk Shirt (XL),CIN7_IMPORT,Vintage,Vintage,1,3,customs desc; fibre; manufacturer,,,,1,,1,,1,,,CIN7,,NONE,,NONE,NO,fibre; manufacturer,Used Vintage garment
CONTINUITY,NEW,,,VN-ONLN-12370,Tommy Hilfiger Flannel Shirt (XL),VN-ONLN-12370,Tommy Hilfiger Flannel Shirt (XL),CIN7_IMPORT,Vintage,Vintage,1,3,customs desc; fibre; manufacturer,,,,1,,1,,1,,,CIN7,,NONE,,NONE,NO,fibre; manufacturer,Used Vintage garment
CONTINUITY,NEW,,,VN-ONLN-13435,Physical Education Tee (XL),VN-ONLN-13435,Physical Education Tee (XL),CIN7_IMPORT,Vintage,Vintage,1,3,customs desc; fibre; manufacturer,,,,1,,1,,1,,,CIN7,,NONE,,NONE,NO,fibre; manufacturer,Used Vintage garment
CONTINUITY,NEW,,,VN-ONLN-9846,1993 Iowa Hawkeyes tee (L),VN-ONLN-9846,1993 Iowa Hawkeyes tee (L),CIN7_IMPORT,Vintage,Vintage,1,3,customs desc; fibre; manufacturer,,,,1,,1,,1,,,CIN7,,NONE,,NONE,NO,fibre; manufacturer,Used Vintage garment
CONTINUITY,NEW,,,VN-ONLN-12899,Coogi Style Knit Sweater (XL),VN-ONLN-12899,Coogi Style Knit Sweater (XL),CIN7_IMPORT,Vintage,Vintage,1,3,customs desc; fibre; manufacturer,,,,1,,1,,1,,,CIN7,,NONE,,NONE,NO,fibre; manufacturer,Used Vintage garment
CONTINUITY,NEW,,,STORAGE-CHRISTOPHER,Christopher,STORAGE-CHRISTOPHER,Christopher,CIN7_IMPORT,Fitguide,Storage,1,5,HS code; customs desc; fibre; origin; manufacturer,,,1,1,,1,1,1,,NONE,CIN7,,NONE,NONE,NONE,NO,HS code; fibre; origin; manufacturer,Lager
CONTINUITY,NEW,,,VIN-SKRT-LTR,Leather Skirt,VIN-SKRT-LTR,Leather Skirt,CIN7_IMPORT,Vintage,Vintage,1,5,HS code; customs desc; fibre; origin; manufacturer,,,1,1,,1,1,1,,CIN7,CIN7,,CIN7,NONE,NONE,NO,origin; manufacturer,Men's jeans - 100% cotton
CONTINUITY,NEW,,,VN-ONLN-10345,Polo Ralph Lauren Shirt (M),VN-ONLN-10345,Polo Ralph Lauren Shirt (M),CIN7_IMPORT,Vintage,Vintage,1,3,customs desc; fibre; manufacturer,,,,1,,1,,1,,,CIN7,,NONE,,NONE,NO,fibre; manufacturer,Used Vintage garment
CONTINUITY,NEW,,,VN-ONLN-11536,Tommy Hilfiger Quarter Zip (XL),VN-ONLN-11536,Tommy Hilfiger Quarter Zip (XL),CIN7_IMPORT,Vintage,Vintage,1,3,customs desc; fibre; manufacturer,,,,1,,1,,1,,,CIN7,,NONE,,NONE,NO,fibre; manufacturer,Used Vintage garment
CONTINUITY,NEW,,,STORAGE-OLMETEX-SWATCHES,Olmetex Swatches,STORAGE-OLMETEX-SWATCHES,Olmetex Swatches,CIN7_IMPORT,LAGER,LAGER,1,6,HS code; customs desc; weight; fibre; origin; manufacturer,,,1,1,1,1,1,1,,NONE,NONE,NONE,NONE,NONE,NONE,NO,HS code; customs desc; weight; fibre; origin; manufacturer,
CONTINUITY,NEW,,,VN-ONLN-11270,Silk Resort Shirt (XL),VN-ONLN-11270,Silk Resort Shirt (XL),CIN7_IMPORT,Vintage,Vintage,1,3,customs desc; fibre; manufacturer,,,,1,,1,,1,,,CIN7,,NONE,,NONE,NO,fibre; manufacturer,Used Vintage garment
CONTINUITY,NEW,,,VN-ONLN-12196,Carhartt Worker Shirt (S),VN-ONLN-12196,Carhartt Worker Shirt (S),CIN7_IMPORT,Vintage,Vintage,1,3,customs desc; fibre; manufacturer,,,,1,,1,,1,,,CIN7,,NONE,,NONE,NO,fibre; manufacturer,Used Vintage garment
CONTINUITY,NEW,,,VN-ONLN-13581,L.L. Bean Flannel Shirt (XL),VN-ONLN-13581,L.L. Bean Flannel Shirt (XL),CIN7_IMPORT,Vintage,Vintage,1,3,customs desc; fibre; manufacturer,,,,1,,1,,1,,,CIN7,,NONE,,NONE,NO,fibre; manufacturer,Used Vintage garment
CONTINUITY,NEW,,,VN-ONLN-13300,Caribbean Silk Shirt (M),VN-ONLN-13300,Caribbean Silk Shirt (M),CIN7_IMPORT,Vintage,Vintage,1,3,customs desc; fibre; manufacturer,,,,1,,1,,1,,,CIN7,,NONE,,NONE,NO,fibre; manufacturer,Used Vintage garment
CONTINUITY,NEW,,,VN-ONLN-10785,Vintage Summer Knit (M),VN-ONLN-10785,Vintage Summer Knit (M),CIN7_IMPORT,Vintage,Vintage,1,3,customs desc; fibre; manufacturer,,,,1,,1,,1,,,CIN7,,NONE,,NONE,NO,fibre; manufacturer,Used Vintage garment
CONTINUITY,NEW,,,VN-ONLN-13047,Carhartt WIP Worker Shirt (M),VN-ONLN-13047,Carhartt WIP Worker Shirt (M),CIN7_IMPORT,Vintage,Vintage,1,3,customs desc; fibre; manufacturer,,,,1,,1,,1,,,CIN7,,NONE,,NONE,NO,fibre; manufacturer,Used Vintage garment
CONTINUITY,NEW,,,VN-ONLN-9210,90's cotton blend multiknit (XL),VN-ONLN-9210,90's cotton blend multiknit (XL),CIN7_IMPORT,Vintage,Vintage,1,3,customs desc; fibre; manufacturer,,,,1,,1,,1,,,CIN7,,NONE,,NONE,NO,fibre; manufacturer,Used Vintage garment
CONTINUITY,NEW,,,VN-ONLN-10178,Louisville Cardinals tee (L),VN-ONLN-10178,Louisville Cardinals tee (L),CIN7_IMPORT,Vintage,Vintage,1,3,customs desc; fibre; manufacturer,,,,1,,1,,1,,,CIN7,,NONE,,NONE,NO,fibre; manufacturer,Used Vintage garment
CONTINUITY,NEW,,,VN-ONLN-13444,80's L.L. Bean Chamois Cloth Shirt (L),VN-ONLN-13444,80's L.L. Bean Chamois Cloth Shirt (L),CIN7_IMPORT,Vintage,Vintage,1,3,customs desc; fibre; manufacturer,,,,1,,1,,1,,,CIN7,,NONE,,NONE,NO,fibre; manufacturer,Used Vintage garment
CONTINUITY,NEW,,,VN-ONLN-11146,Silk Resort Shirt (XL),VN-ONLN-11146,Silk Resort Shirt (XL),CIN7_IMPORT,Vintage,Vintage,1,3,customs desc; fibre; manufacturer,,,,1,,1,,1,,,CIN7,,NONE,,NONE,NO,fibre; manufacturer,Used Vintage garment
CONTINUITY,NEW,,,VN-ONLN-11433,Malboro Classic Halfzip Knit (XL),VN-ONLN-11433,Malboro Classic Halfzip Knit (XL),CIN7_IMPORT,Vintage,Vintage,1,3,customs desc; fibre; manufacturer,,,,1,,1,,1,,,CIN7,,NONE,,NONE,NO,fibre; manufacturer,Used Vintage garment
CONTINUITY,NEW,,,VN-ONLN-10210,Christian Lacroix Sunglasses (OneSize),VN-ONLN-10210,Christian Lacroix Sunglasses (OneSize),CIN7_IMPORT,Vintage,Vintage,1,3,customs desc; fibre; manufacturer,,,,1,,1,,1,,,CIN7,,NONE,,NONE,NO,fibre; manufacturer,Used Vintage garment
CONTINUITY,NEW,,,VN-ONLN-11021,Loony Toons Wisconsin University Taz Tee (M),VN-ONLN-11021,Loony Toons Wisconsin University Taz Tee (M),CIN7_IMPORT,Vintage,Vintage,1,3,customs desc; fibre; manufacturer,,,,1,,1,,1,,,CIN7,,NONE,,NONE,NO,fibre; manufacturer,Used Vintage garment
CONTINUITY,NEW,,,VN-ONLN-11208,Silk Resort Shirt (L),VN-ONLN-11208,Silk Resort Shirt (L),CIN7_IMPORT,Vintage,Vintage,1,3,customs desc; fibre; manufacturer,,,,1,,1,,1,,,CIN7,,NONE,,NONE,NO,fibre; manufacturer,Used Vintage garment
CONTINUITY,NEW,,,LIV-HF-VL-WH,Huff Weather Voile,LIV-HF-VL-WH,Huff Weather Voile,CIN7_IMPORT,Livid Men,Livid,1,3,customs desc; fibre; manufacturer,,,,1,,1,,1,,,CIN7,,CIN7,,NONE,NO,manufacturer,Men's Shirt - 100% cotton
CONTINUITY,NEW,,,VN-ONLN-12486,Champion Sweatshirt (S),VN-ONLN-12486,Champion Sweatshirt (S),CIN7_IMPORT,Vintage,Vintage,1,3,customs desc; fibre; manufacturer,,,,1,,1,,1,,,CIN7,,NONE,,NONE,NO,fibre; manufacturer,Used Vintage garment
CONTINUITY,NEW,,,VN-ONLN-10502,Levis Sta-Prest Denim Shirt (L) (L),VN-ONLN-10502,Levis Sta-Prest Denim Shirt (L) (L),CIN7_IMPORT,Vintage,Vintage,1,3,customs desc; fibre; manufacturer,,,,1,,1,,1,,,CIN7,,NONE,,NONE,NO,fibre; manufacturer,Used Vintage garment
CONTINUITY,NEW,,,VN-ONLN-10205,Chanel Sunglasses (OneSize),VN-ONLN-10205,Chanel Sunglasses (OneSize),CIN7_IMPORT,Vintage,Vintage,1,3,customs desc; fibre; manufacturer,,,,1,,1,,1,,,CIN7,,NONE,,NONE,NO,fibre; manufacturer,Used Vintage garment
CONTINUITY,NEW,,,LIV-HLD-IVRY,Hilda Ivory,LIV-HLD-IVRY,Hilda Ivory,CIN7_IMPORT,Livid Unisex,Livid,1,3,customs desc; fibre; manufacturer,,,,1,,1,,1,,,CIN7,,CIN7,,NONE,NO,manufacturer,Scarf - 100% Wool
CONTINUITY,NEW,,,LIV-CNNLY-BRWN-CRD,Connely Brown Cord,LIV-CNNLY-BRWN-CRD,Connely Brown Cord,CIN7_IMPORT,Livid Men,Livid,2,3,customs desc; fibre; manufacturer,,,,1,,1,,1,,,CIN7,,CIN7,,NONE,NO,manufacturer,Men's Shirt - 100% cotton
CONTINUITY,NEW,,,VN-ONLN-10683,1988 Drag Racing Tee (L),VN-ONLN-10683,1988 Drag Racing Tee (L),CIN7_IMPORT,Vintage,Vintage,1,3,customs desc; fibre; manufacturer,,,,1,,1,,1,,,CIN7,,NONE,,NONE,NO,fibre; manufacturer,Used Vintage garment
CONTINUITY,NEW,,,STORAGE-KLESHENGER-SORT,Kleshenger Sort,STORAGE-KLESHENGER-SORT,Kleshenger Sort,CIN7_IMPORT,Storage,Storage,1,5,price; customs desc; fibre; origin; manufacturer,,1,,1,,1,1,1,NONE,,CIN7,,NONE,NONE,NONE,NO,price; fibre; origin; manufacturer,Lager
CONTINUITY,NEW,,,VN-ONLN-10372,1995 Ford Thunderbird 40th anniversary sweat (XL),VN-ONLN-10372,1995 Ford Thunderbird 40th anniversary sweat (XL),CIN7_IMPORT,Vintage,Vintage,1,3,customs desc; fibre; manufacturer,,,,1,,1,,1,,,CIN7,,NONE,,NONE,NO,fibre; manufacturer,Used Vintage garment
CONTINUITY,NEW,,,LIV-KLMR-BLCK-FLFF,Kilmer Black Fluff,LIV-KLMR-BLCK-FLFF,Kilmer Black Fluff,CIN7_IMPORT,Livid Men,Livid,1,4,customs desc; fibre; origin; manufacturer,,,,1,,1,1,1,,,CIN7,,CIN7,CIN7,NONE,NO,manufacturer,Men's Sweater - Knitted 100% wiil
CONTINUITY,NEW,,,LIV-SLGSV-H-JKT,"Salgsjakker, herre",LIV-SLGSV-H-JKT,"Salgsjakker, herre",CIN7_IMPORT,Livid Men,Livid,1,4,price; customs desc; fibre; manufacturer,,1,,1,,1,,1,NONE,,CIN7,,CIN7,,NONE,NO,price; manufacturer,Men jacket - 100% cotton
CONTINUITY,NEW,,,VN-ONLN-13161,Diadora World Sprinter Cup Tee (S),VN-ONLN-13161,Diadora World Sprinter Cup Tee (S),CIN7_IMPORT,Vintage,Vintage,1,3,customs desc; fibre; manufacturer,,,,1,,1,,1,,,CIN7,,NONE,,NONE,NO,fibre; manufacturer,Used Vintage garment
CONTINUITY,NEW,,,VN-ONLN-11533,Calvin Klein Jeans Quarter Zip (L),VN-ONLN-11533,Calvin Klein Jeans Quarter Zip (L),CIN7_IMPORT,Vintage,Vintage,1,3,customs desc; fibre; manufacturer,,,,1,,1,,1,,,CIN7,,NONE,,NONE,NO,fibre; manufacturer,Used Vintage garment
CONTINUITY,NEW,,,VN-ONLN-9590,50's-60's Pendleton Blazer (S),VN-ONLN-9590,50's-60's Pendleton Blazer (S),CIN7_IMPORT,Vintage,Vintage,1,3,customs desc; fibre; manufacturer,,,,1,,1,,1,,,CIN7,,NONE,,NONE,NO,fibre; manufacturer,Used Vintage garment
CONTINUITY,NEW,,,VN-ONLN-11485,Light Print Shirt (XL),VN-ONLN-11485,Light Print Shirt (XL),CIN7_IMPORT,Vintage,Vintage,1,3,customs desc; fibre; manufacturer,,,,1,,1,,1,,,CIN7,,NONE,,NONE,NO,fibre; manufacturer,Used Vintage garment
CONTINUITY,NEW,,,VN-ONLN-10009,Polo Ralph Lauren Shirt (XL),VN-ONLN-10009,Polo Ralph Lauren Shirt (XL),CIN7_IMPORT,Vintage,Vintage,1,3,customs desc; fibre; manufacturer,,,,1,,1,,1,,,CIN7,,NONE,,NONE,NO,fibre; manufacturer,Used Vintage garment
CONTINUITY,NEW,,,VN-ONLN-11221,Silk Resort Shirt (M),VN-ONLN-11221,Silk Resort Shirt (M),CIN7_IMPORT,Vintage,Vintage,1,3,customs desc; fibre; manufacturer,,,,1,,1,,1,,,CIN7,,NONE,,NONE,NO,fibre; manufacturer,Used Vintage garment
CONTINUITY,NEW,,,VN-ONLN-10725,Tommy Bahama Silk Shirt (XL),VN-ONLN-10725,Tommy Bahama Silk Shirt (XL),CIN7_IMPORT,Vintage,Vintage,1,3,customs desc; fibre; manufacturer,,,,1,,1,,1,,,CIN7,,NONE,,NONE,NO,fibre; manufacturer,Used Vintage garment
CONTINUITY,NEW,,,STORAGE-CHARLIE,Charlie,STORAGE-CHARLIE,Charlie,CIN7_IMPORT,LAGER,LAGER,1,6,HS code; customs desc; weight; fibre; origin; manufacturer,,,1,1,1,1,1,1,,NONE,NONE,NONE,NONE,NONE,NONE,NO,HS code; customs desc; weight; fibre; origin; manufacturer,
CONTINUITY,NEW,,,VN-ONLN-10784,Vintage Summer Knit Polo (M),VN-ONLN-10784,Vintage Summer Knit Polo (M),CIN7_IMPORT,Vintage,Vintage,1,3,customs desc; fibre; manufacturer,,,,1,,1,,1,,,CIN7,,NONE,,NONE,NO,fibre; manufacturer,Used Vintage garment
CONTINUITY,NEW,,,VN-ONLN-12128,Benetton Traditional Wool Knitted Turtleneck (XL),VN-ONLN-12128,Benetton Traditional Wool Knitted Turtleneck (XL),CIN7_IMPORT,Vintage,Vintage,1,3,customs desc; fibre; manufacturer,,,,1,,1,,1,,,CIN7,,NONE,,NONE,NO,fibre; manufacturer,Used Vintage garment
CONTINUITY,NEW,,,VN-ONLN-12236,Traditional Wool Knit Sweater (XL),VN-ONLN-12236,Traditional Wool Knit Sweater (XL),CIN7_IMPORT,Vintage,Vintage,1,3,customs desc; fibre; manufacturer,,,,1,,1,,1,,,CIN7,,NONE,,NONE,NO,fibre; manufacturer,Used Vintage garment
CONTINUITY,NEW,,,VN-ONLN-9939,Red Kap light ripstop work shirt (XL),VN-ONLN-9939,Red Kap light ripstop work shirt (XL),CIN7_IMPORT,Vintage,Vintage,1,3,customs desc; fibre; manufacturer,,,,1,,1,,1,,,CIN7,,NONE,,NONE,NO,fibre; manufacturer,Used Vintage garment
CONTINUITY,NEW,,,VN-ONLN-13318,Women's Donaldson Minnie Mouse Shirt (L),VN-ONLN-13318,Women's Donaldson Minnie Mouse Shirt (L),CIN7_IMPORT,Vintage,Vintage,1,3,customs desc; fibre; manufacturer,,,,1,,1,,1,,,CIN7,,NONE,,NONE,NO,fibre; manufacturer,Used Vintage garment
CONTINUITY,NEW,,,VN-ONLN-11613,Polo by Ralph Lauren Shirt (XL),VN-ONLN-11613,Polo by Ralph Lauren Shirt (XL),CIN7_IMPORT,Vintage,Vintage,1,3,customs desc; fibre; manufacturer,,,,1,,1,,1,,,CIN7,,NONE,,NONE,NO,fibre; manufacturer,Used Vintage garment
CONTINUITY,NEW,,,STORAGE-CHRISTOPHER-VERKTØY,Christopher - Verktøy,STORAGE-CHRISTOPHER-VERKTØY,Christopher - Verktøy,CIN7_IMPORT,Storage,Storage,1,5,HS code; customs desc; fibre; origin; manufacturer,,,1,1,,1,1,1,,NONE,CIN7,,NONE,NONE,NONE,NO,HS code; fibre; origin; manufacturer,Lager
CONTINUITY,NEW,,,EXT-VN-STRS,Suit Trouser,EXT-VN-STRS,Suit Trouser,CIN7_IMPORT,Vintage,Vintage,1,5,HS code; customs desc; fibre; origin; manufacturer,,,1,1,,1,1,1,,CIN7,CIN7,,NONE,CIN7,NONE,NO,fibre; manufacturer,Used clothing - Vintage
CONTINUITY,NEW,,,EXT-VN-LVSTB,Levis Silver Tab,EXT-VN-LVSTB,Levis Silver Tab,CIN7_IMPORT,Vintage,Vintage,1,5,HS code; customs desc; fibre; origin; manufacturer,,,1,1,,1,1,1,,CIN7,CIN7,,NONE,CIN7,NONE,NO,fibre; manufacturer,Used clothing - Vintage
CONTINUITY,NEW,,,EXT-PB-ADR-CRD,Adriatic Velours Corde,EXT-PB-ADR-CRD,Adriatic Velours Corde,CIN7_IMPORT,Paraboot,Paraboot,1,3,customs desc; fibre; manufacturer,,,,1,,1,,1,,,CIN7,,NONE,,NONE,NO,fibre; manufacturer,Men Shoes
CONTINUITY,NEW,,,VN-ONLN-9523,L.L. Bean Chamois Hoody (S),VN-ONLN-9523,L.L. Bean Chamois Hoody (S),CIN7_IMPORT,Vintage,Vintage,1,3,customs desc; fibre; manufacturer,,,,1,,1,,1,,,CIN7,,NONE,,NONE,NO,fibre; manufacturer,Used Vintage garment
CONTINUITY,NEW,,,VN-ONLN-10898,Diesel women's Short sleeve shirt (2XL),VN-ONLN-10898,Diesel women's Short sleeve shirt (2XL),CIN7_IMPORT,Vintage,Vintage,1,3,customs desc; fibre; manufacturer,,,,1,,1,,1,,,CIN7,,NONE,,NONE,NO,fibre; manufacturer,Used Vintage garment
CONTINUITY,NEW,,,VN-ONLN-9997,Scottish Lightweight sweater (S),VN-ONLN-9997,Scottish Lightweight sweater (S),CIN7_IMPORT,Vintage,Vintage,1,3,customs desc; fibre; manufacturer,,,,1,,1,,1,,,CIN7,,NONE,,NONE,NO,fibre; manufacturer,Used Vintage garment
CONTINUITY,NEW,,,VN-ONLN-10276,Opel windbreaker jacket (L),VN-ONLN-10276,Opel windbreaker jacket (L),CIN7_IMPORT,Vintage,Vintage,1,3,customs desc; fibre; manufacturer,,,,1,,1,,1,,,CIN7,,NONE,,NONE,NO,fibre; manufacturer,Used Vintage garment
CONTINUITY,NEW,,,VN-ONLN-13063,SS19 Supreme Baseball Jersey (M),VN-ONLN-13063,SS19 Supreme Baseball Jersey (M),CIN7_IMPORT,Vintage,Vintage,1,3,customs desc; fibre; manufacturer,,,,1,,1,,1,,,CIN7,,NONE,,NONE,NO,fibre; manufacturer,Used Vintage garment
CONTINUITY,NEW,,,VN-ONLN-9645,80's L.L. Bean Chamois shirt (XL),VN-ONLN-9645,80's L.L. Bean Chamois shirt (XL),CIN7_IMPORT,Vintage,Vintage,1,3,customs desc; fibre; manufacturer,,,,1,,1,,1,,,CIN7,,NONE,,NONE,NO,fibre; manufacturer,Used Vintage garment
CONTINUITY,NEW,,,LIV-BRW-GR,Brewer Grey Tech,LIV-BRW-GR,Brewer Grey Tech,CIN7_IMPORT,Livid Men,Livid,2,3,customs desc; fibre; manufacturer,,,,1,,1,,1,,,CIN7,,CIN7,,NONE,NO,manufacturer,Men jacket - 100% cotton
CONTINUITY,NEW,,,VN-ONLN-12237,Vintage Jaquard Knit Sweater (M),VN-ONLN-12237,Vintage Jaquard Knit Sweater (M),CIN7_IMPORT,Vintage,Vintage,1,3,customs desc; fibre; manufacturer,,,,1,,1,,1,,,CIN7,,NONE,,NONE,NO,fibre; manufacturer,Used Vintage garment
CONTINUITY,NEW,,,EXT-NV-MRK-BLPN,Market blouse plain,EXT-NV-MRK-BLPN,Market blouse plain,CIN7_IMPORT,Vintage,Vintage,1,3,customs desc; fibre; manufacturer,,,,1,,1,,1,,,CIN7,,NONE,,NONE,NO,fibre; manufacturer,Used clothing - Vintage
CONTINUITY,NEW,,,EXT-VN-BRBTR,Burberry Suit Trousers,EXT-VN-BRBTR,Burberry Suit Trousers,CIN7_IMPORT,Vintage,Vintage,1,3,customs desc; fibre; manufacturer,,,,1,,1,,1,,,CIN7,,NONE,,NONE,NO,fibre; manufacturer,Used clothing - Vintage
CONTINUITY,NEW,,,LIV-TRNKSH-LGHTY,Lou Trunk Light Yellow,LIV-TRNKSH-LGHTY,Lou Trunk Light Yellow,CIN7_IMPORT,Livid Men,Livid,1,3,customs desc; fibre; manufacturer,,,,1,,1,,1,,,CIN7,,CIN7,,NONE,NO,manufacturer,Men's Shorts - 100% Cotton
CONTINUITY,NEW,,,EXT-NV-MRK-SHRT,Market shirt,EXT-NV-MRK-SHRT,Market shirt,CIN7_IMPORT,Vintage,Vintage,1,3,customs desc; fibre; manufacturer,,,,1,,1,,1,,,CIN7,,NONE,,NONE,NO,fibre; manufacturer,Used clothing - Vintage
CONTINUITY,NEW,,,VN-ONLN-13524,Best Company Athletics Sweatshirt (M),VN-ONLN-13524,Best Company Athletics Sweatshirt (M),CIN7_IMPORT,Vintage,Vintage,1,3,customs desc; fibre; manufacturer,,,,1,,1,,1,,,CIN7,,NONE,,NONE,NO,fibre; manufacturer,Used Vintage garment
CONTINUITY,NEW,,,VN-ONLN-12396,Wrangler Denim Shirt (M),VN-ONLN-12396,Wrangler Denim Shirt (M),CIN7_IMPORT,Vintage,Vintage,1,3,customs desc; fibre; manufacturer,,,,1,,1,,1,,,CIN7,,NONE,,NONE,NO,fibre; manufacturer,Used Vintage garment
CONTINUITY,NEW,,,VN-ONLN-13579,QuickSilver Flannel Shirt (2XL),VN-ONLN-13579,QuickSilver Flannel Shirt (2XL),CIN7_IMPORT,Vintage,Vintage,1,3,customs desc; fibre; manufacturer,,,,1,,1,,1,,,CIN7,,NONE,,NONE,NO,fibre; manufacturer,Used Vintage garment
CONTINUITY,NEW,,,EXT,Velour top,EXT,Velour top,CIN7_IMPORT,Vintage,Vintage,1,5,HS code; customs desc; fibre; origin; manufacturer,,,1,1,,1,1,1,,CIN7,CIN7,,CIN7,NONE,NONE,NO,origin; manufacturer,Women's Blouse - 100% cotton
CONTINUITY,NEW,,,VN-ONLN-11480,Light Print Shirt (L),VN-ONLN-11480,Light Print Shirt (L),CIN7_IMPORT,Vintage,Vintage,1,3,customs desc; fibre; manufacturer,,,,1,,1,,1,,,CIN7,,NONE,,NONE,NO,fibre; manufacturer,Used Vintage garment
CONTINUITY,NEW,,,VN-ONLN-9370,Pattern knit (XL),VN-ONLN-9370,Pattern knit (XL),CIN7_IMPORT,Vintage,Vintage,1,3,customs desc; fibre; manufacturer,,,,1,,1,,1,,,CIN7,,NONE,,NONE,NO,fibre; manufacturer,Used Vintage garment
CONTINUITY,NEW,,,VN-ONLN-13530,Tommy Hilfiger Logo Sweatshirt (S),VN-ONLN-13530,Tommy Hilfiger Logo Sweatshirt (S),CIN7_IMPORT,Vintage,Vintage,1,3,customs desc; fibre; manufacturer,,,,1,,1,,1,,,CIN7,,NONE,,NONE,NO,fibre; manufacturer,Used Vintage garment
CONTINUITY,NEW,,,VN-ONLN-11832,Suede Leather Jacket (S),VN-ONLN-11832,Suede Leather Jacket (S),CIN7_IMPORT,Vintage,Vintage,1,3,customs desc; fibre; manufacturer,,,,1,,1,,1,,,CIN7,,NONE,,NONE,NO,fibre; manufacturer,Used Vintage garment
CONTINUITY,NEW,,,VN-ONLN-13437,2003 BCS National Championship Tee (L),VN-ONLN-13437,2003 BCS National Championship Tee (L),CIN7_IMPORT,Vintage,Vintage,1,3,customs desc; fibre; manufacturer,,,,1,,1,,1,,,CIN7,,NONE,,NONE,NO,fibre; manufacturer,Used Vintage garment
CONTINUITY,NEW,,,VN-ONLN-12097,Gianni Versace Tie (OneSize),VN-ONLN-12097,Gianni Versace Tie (OneSize),CIN7_IMPORT,Vintage,Vintage,1,3,customs desc; fibre; manufacturer,,,,1,,1,,1,,,CIN7,,NONE,,NONE,NO,fibre; manufacturer,Used Vintage garment
CONTINUITY,NEW,,,CS-CL,Cassidy Celeste,CS-CL,Cassidy Celeste,CIN7_IMPORT,Livid Men,Livid,1,3,customs desc; fibre; manufacturer,,,,1,,1,,1,,,CIN7,,CIN7,,NONE,NO,manufacturer,Men's Shirt - 100% cotton
CONTINUITY,NEW,,,VN-ONLN-12937,Dunhill Silk Tie (OneSize),VN-ONLN-12937,Dunhill Silk Tie (OneSize),CIN7_IMPORT,Vintage,Vintage,1,3,customs desc; fibre; manufacturer,,,,1,,1,,1,,,CIN7,,NONE,,NONE,NO,fibre; manufacturer,Used Vintage garment
CONTINUITY,NEW,,,VN-ONLN-10272,Red Bull lightweight nylon bomber jacket (XL),VN-ONLN-10272,Red Bull lightweight nylon bomber jacket (XL),CIN7_IMPORT,Vintage,Vintage,1,3,customs desc; fibre; manufacturer,,,,1,,1,,1,,,CIN7,,NONE,,NONE,NO,fibre; manufacturer,Used Vintage garment
CONTINUITY,NEW,,,VN-ONLN-12508,Burberry Womens Merino Wool Knit Dress (L),VN-ONLN-12508,Burberry Womens Merino Wool Knit Dress (L),CIN7_IMPORT,Vintage,Vintage,1,3,customs desc; fibre; manufacturer,,,,1,,1,,1,,,CIN7,,NONE,,NONE,NO,fibre; manufacturer,Used Vintage garment
CONTINUITY,NEW,,,LIV-K-15.5-OZ-JPN-DRY-SLVG,Kai 15.5 Oz Japan Dry Selvage,LIV-K-15.5-OZ-JPN-DRY-SLVG,Kai 15.5 Oz Japan Dry Selvage,CIN7_IMPORT,Livid Men,Livid,1,3,customs desc; fibre; manufacturer,,,,1,,1,,1,,,CIN7,,CIN7,,NONE,NO,manufacturer,Men's jeans - 100% cotton
CONTINUITY,NEW,,,STORAGE-HOKKOH-SWATCHES,Hokkoh Swatches,STORAGE-HOKKOH-SWATCHES,Hokkoh Swatches,CIN7_IMPORT,LAGER,LAGER,1,6,HS code; customs desc; weight; fibre; origin; manufacturer,,,1,1,1,1,1,1,,NONE,NONE,NONE,NONE,NONE,NONE,NO,HS code; customs desc; weight; fibre; origin; manufacturer,
CONTINUITY,NEW,,,VN-ONLN-13485,Silk Resort Shirt (XL),VN-ONLN-13485,Silk Resort Shirt (XL),CIN7_IMPORT,Vintage,Vintage,1,3,customs desc; fibre; manufacturer,,,,1,,1,,1,,,CIN7,,NONE,,NONE,NO,fibre; manufacturer,Used Vintage garment
CONTINUITY,NEW,,,VN-ONLN-9877,80's Eddie Bauer stripe shirt (L),VN-ONLN-9877,80's Eddie Bauer stripe shirt (L),CIN7_IMPORT,Vintage,Vintage,1,3,customs desc; fibre; manufacturer,,,,1,,1,,1,,,CIN7,,NONE,,NONE,NO,fibre; manufacturer,Used Vintage garment
CONTINUITY,NEW,,,VN-ONLN-10582,Tommy Bahama Silk Shirt  (L),VN-ONLN-10582,Tommy Bahama Silk Shirt  (L),CIN7_IMPORT,Vintage,Vintage,1,3,customs desc; fibre; manufacturer,,,,1,,1,,1,,,CIN7,,NONE,,NONE,NO,fibre; manufacturer,Used Vintage garment
CONTINUITY,NEW,,,EXT-VN-CWCH,Cowichan Knit,EXT-VN-CWCH,Cowichan Knit,CIN7_IMPORT,Vintage,Vintage,1,3,customs desc; fibre; manufacturer,,,,1,,1,,1,,,CIN7,,NONE,,NONE,NO,fibre; manufacturer,Used clothing - Vintage
CONTINUITY,NEW,,,VN-ONLN-11227,Silk Resort Shirt (2XL),VN-ONLN-11227,Silk Resort Shirt (2XL),CIN7_IMPORT,Vintage,Vintage,1,3,customs desc; fibre; manufacturer,,,,1,,1,,1,,,CIN7,,NONE,,NONE,NO,fibre; manufacturer,Used Vintage garment
CONTINUITY,NEW,,,EXT-PB-AVR-FM-LSERC,Avoriaz Femme Lisse Écorce,EXT-PB-AVR-FM-LSERC,Avoriaz Femme Lisse Écorce,CIN7_IMPORT,Paraboot,Paraboot,1,4,HS code; customs desc; fibre; manufacturer,,,1,1,,1,,1,,CIN7,CIN7,,NONE,,NONE,NO,fibre; manufacturer,Men Shoes
CONTINUITY,NEW,,,VN-ONLN-13574,Woolrich Chamois Cloth Shirt (M),VN-ONLN-13574,Woolrich Chamois Cloth Shirt (M),CIN7_IMPORT,Vintage,Vintage,1,3,customs desc; fibre; manufacturer,,,,1,,1,,1,,,CIN7,,NONE,,NONE,NO,fibre; manufacturer,Used Vintage garment
CONTINUITY,NEW,,,VN-ONLN-12642,Champion Crewneck (M),VN-ONLN-12642,Champion Crewneck (M),CIN7_IMPORT,Vintage,Vintage,1,3,customs desc; fibre; manufacturer,,,,1,,1,,1,,,CIN7,,NONE,,NONE,NO,fibre; manufacturer,Used Vintage garment
CONTINUITY,NEW,,,VN-ONLN-13174,Lotto Tennis Polo Jersey (XL),VN-ONLN-13174,Lotto Tennis Polo Jersey (XL),CIN7_IMPORT,Vintage,Vintage,1,3,customs desc; fibre; manufacturer,,,,1,,1,,1,,,CIN7,,NONE,,NONE,NO,fibre; manufacturer,Used Vintage garment
CONTINUITY,NEW,,,VN-ONLN-12495,Tommy Hilfiger Shirt (2XL),VN-ONLN-12495,Tommy Hilfiger Shirt (2XL),CIN7_IMPORT,Vintage,Vintage,1,3,customs desc; fibre; manufacturer,,,,1,,1,,1,,,CIN7,,NONE,,NONE,NO,fibre; manufacturer,Used Vintage garment
CONTINUITY,NEW,,,VN-ONLN-10051,Harley Longsleeve (XL),VN-ONLN-10051,Harley Longsleeve (XL),CIN7_IMPORT,Vintage,Vintage,1,3,customs desc; fibre; manufacturer,,,,1,,1,,1,,,CIN7,,NONE,,NONE,NO,fibre; manufacturer,Used Vintage garment
CONTINUITY,NEW,,,STORAGE-CANDIANI-SWATCHES,Candiani Swatches,STORAGE-CANDIANI-SWATCHES,Candiani Swatches,CIN7_IMPORT,LAGER,LAGER,1,6,HS code; customs desc; weight; fibre; origin; manufacturer,,,1,1,1,1,1,1,,NONE,NONE,NONE,NONE,NONE,NONE,NO,HS code; customs desc; weight; fibre; origin; manufacturer,
CONTINUITY,NEW,,,LIV-IMP-VR,Imperfect Vår,LIV-IMP-VR,Imperfect Vår,CIN7_IMPORT,Livid Men,Livid,1,4,price; customs desc; fibre; manufacturer,,1,,1,,1,,1,NONE,,CIN7,,CIN7,,NONE,NO,price; manufacturer,Men's jeans - 100% cotton
CONTINUITY,NEW,,,VN-ONLN-13436,2008 NASA Space Shuttle Tee (L),VN-ONLN-13436,2008 NASA Space Shuttle Tee (L),CIN7_IMPORT,Vintage,Vintage,1,3,customs desc; fibre; manufacturer,,,,1,,1,,1,,,CIN7,,NONE,,NONE,NO,fibre; manufacturer,Used Vintage garment
CONTINUITY,NEW,,,VN-ONLN-13523,Levi's Graphic Sweatshirt (S),VN-ONLN-13523,Levi's Graphic Sweatshirt (S),CIN7_IMPORT,Vintage,Vintage,1,3,customs desc; fibre; manufacturer,,,,1,,1,,1,,,CIN7,,NONE,,NONE,NO,fibre; manufacturer,Used Vintage garment
CONTINUITY,NEW,,,VN-ONLN-13532,Pendleton Logo Sweatshirt (M),VN-ONLN-13532,Pendleton Logo Sweatshirt (M),CIN7_IMPORT,Vintage,Vintage,1,3,customs desc; fibre; manufacturer,,,,1,,1,,1,,,CIN7,,NONE,,NONE,NO,fibre; manufacturer,Used Vintage garment
CONTINUITY,NEW,,,VN-ONLN-10790,Hugo Boss Cotton Blouse (M),VN-ONLN-10790,Hugo Boss Cotton Blouse (M),CIN7_IMPORT,Vintage,Vintage,1,3,customs desc; fibre; manufacturer,,,,1,,1,,1,,,CIN7,,NONE,,NONE,NO,fibre; manufacturer,Used Vintage garment
CONTINUITY,NEW,,,EXT-NV-MRK-TRS,Market Trouser,EXT-NV-MRK-TRS,Market Trouser,CIN7_IMPORT,Vintage,Vintage,1,3,customs desc; fibre; manufacturer,,,,1,,1,,1,,,CIN7,,NONE,,NONE,NO,fibre; manufacturer,Used clothing - Vintage
CONTINUITY,NEW,,,EXT-VN-NW-HNB,HANDBAG,EXT-VN-NW-HNB,HANDBAG,CIN7_IMPORT,Vintage,Vintage,1,5,HS code; customs desc; fibre; origin; manufacturer,,,1,1,,1,1,1,,NONE,NONE,,NONE,NONE,NONE,NO,HS code; customs desc; fibre; origin; manufacturer,
CONTINUITY,NEW,,,VN-ONLN-13591,Gildan Pacific Tee (L),VN-ONLN-13591,Gildan Pacific Tee (L),CIN7_IMPORT,Vintage,Vintage,1,3,customs desc; fibre; manufacturer,,,,1,,1,,1,,,CIN7,,NONE,,NONE,NO,fibre; manufacturer,Used Vintage garment
CONTINUITY,NEW,,,VN-ONLN-10360,Silk Resort shirt (M),VN-ONLN-10360,Silk Resort shirt (M),CIN7_IMPORT,Vintage,Vintage,1,3,customs desc; fibre; manufacturer,,,,1,,1,,1,,,CIN7,,NONE,,NONE,NO,fibre; manufacturer,Used Vintage garment
CONTINUITY,NEW,,,LIV-SLGSVR-SLGS-SMR-HR,"Salgsskjorte Sommer, Herre",LIV-SLGSVR-SLGS-SMR-HR,"Salgsskjorte Sommer, Herre",CIN7_IMPORT,Livid Men,Livid,1,3,customs desc; fibre; manufacturer,,,,1,,1,,1,,,CIN7,,CIN7,,NONE,NO,manufacturer,Men's Shirt - 100% cotton
CONTINUITY,NEW,,,VN-ONLN-10879,Diesel Tee (L),VN-ONLN-10879,Diesel Tee (L),CIN7_IMPORT,Vintage,Vintage,1,3,customs desc; fibre; manufacturer,,,,1,,1,,1,,,CIN7,,NONE,,NONE,NO,fibre; manufacturer,Used Vintage garment
CONTINUITY,NEW,,,EXT-NV-MRK-HD,Market hoodie,EXT-NV-MRK-HD,Market hoodie,CIN7_IMPORT,Vintage,Vintage,1,3,customs desc; fibre; manufacturer,,,,1,,1,,1,,,CIN7,,NONE,,NONE,NO,fibre; manufacturer,Used clothing - Vintage
CONTINUITY,NEW,,,VN-ONLN-13533,Polo Ralph Lauren Sweat Jacket (S),VN-ONLN-13533,Polo Ralph Lauren Sweat Jacket (S),CIN7_IMPORT,Vintage,Vintage,1,3,customs desc; fibre; manufacturer,,,,1,,1,,1,,,CIN7,,NONE,,NONE,NO,fibre; manufacturer,Used Vintage garment
CONTINUITY,NEW,,,EXT-PNT-CLLM-TP,Callum Taupe,EXT-PNT-CLLM-TP,Callum Taupe,CIN7_IMPORT,Pantherella,Pantherella,1,4,customs desc; fibre; origin; manufacturer,,,,1,,1,1,1,,,CIN7,,CIN7,CIN7,NONE,NO,manufacturer,Socks - 100% wool
CONTINUITY,NEW,,,LIV-FM-SLSCR-CRMC,Sile wool scarf Ceramic,LIV-FM-SLSCR-CRMC,Sile wool scarf Ceramic,CIN7_IMPORT,Livid Femme,Livid,1,3,customs desc; fibre; manufacturer,,,,1,,1,,1,,,CIN7,,CIN7,,NONE,NO,manufacturer,Scarf - 100% Wool
CONTINUITY,NEW,,,VN-ONLN-10996,Chanel Sunglasses (OneSize),VN-ONLN-10996,Chanel Sunglasses (OneSize),CIN7_IMPORT,Vintage,Vintage,1,3,customs desc; fibre; manufacturer,,,,1,,1,,1,,,CIN7,,NONE,,NONE,NO,fibre; manufacturer,Used Vintage garment
CONTINUITY,NEW,,,VN-ONLN-13222,2000 Tony Steward #20 Nascar Tee (L),VN-ONLN-13222,2000 Tony Steward #20 Nascar Tee (L),CIN7_IMPORT,Vintage,Vintage,1,3,customs desc; fibre; manufacturer,,,,1,,1,,1,,,CIN7,,NONE,,NONE,NO,fibre; manufacturer,Used Vintage garment
CONTINUITY,NEW,,,VN-ONLN-9774,Tommy Hilfiger nordic quarter zip (XL),VN-ONLN-9774,Tommy Hilfiger nordic quarter zip (XL),CIN7_IMPORT,Vintage,Vintage,1,3,customs desc; fibre; manufacturer,,,,1,,1,,1,,,CIN7,,NONE,,NONE,NO,fibre; manufacturer,Used Vintage garment
CONTINUITY,NEW,,,VN-ONLN-13327,Levi's SilverTab Hoodie (L),VN-ONLN-13327,Levi's SilverTab Hoodie (L),CIN7_IMPORT,Vintage,Vintage,1,3,customs desc; fibre; manufacturer,,,,1,,1,,1,,,CIN7,,NONE,,NONE,NO,fibre; manufacturer,Used Vintage garment
CONTINUITY,NEW,,,STORAGE-STYLING,Styling,STORAGE-STYLING,Styling,CIN7_IMPORT,LAGER,LAGER,1,6,HS code; customs desc; weight; fibre; origin; manufacturer,,,1,1,1,1,1,1,,NONE,NONE,NONE,NONE,NONE,NONE,NO,HS code; customs desc; weight; fibre; origin; manufacturer,
CONTINUITY,NEW,,,LIV-VR-JP-BLVNTG,Vår Japan Blue Vintage,LIV-VR-JP-BLVNTG,Vår Japan Blue Vintage,CIN7_IMPORT,Livid Femme,Livid,1,3,customs desc; fibre; manufacturer,,,,1,,1,,1,,,CIN7,,CIN7,,NONE,NO,manufacturer,Men's jeans - 100% cotton
CONTINUITY,NEW,,,VN-ONLN-10781,70's Summer Knit Polo (XL),VN-ONLN-10781,70's Summer Knit Polo (XL),CIN7_IMPORT,Vintage,Vintage,1,3,customs desc; fibre; manufacturer,,,,1,,1,,1,,,CIN7,,NONE,,NONE,NO,fibre; manufacturer,Used Vintage garment
CONTINUITY,NEW,,,LIV-SVD-SHRT,Saved Shirt,LIV-SVD-SHRT,Saved Shirt,CIN7_IMPORT,Livid Men,Livid,1,3,customs desc; fibre; manufacturer,,,,1,,1,,1,,,CIN7,,CIN7,,NONE,NO,manufacturer,Men's Shirt - 100% cotton
CONTINUITY,NEW,,,VN-ONLN-10306,Heavy silk herringbone twill shirt (S),VN-ONLN-10306,Heavy silk herringbone twill shirt (S),CIN7_IMPORT,Vintage,Vintage,1,3,customs desc; fibre; manufacturer,,,,1,,1,,1,,,CIN7,,NONE,,NONE,NO,fibre; manufacturer,Used Vintage garment
CONTINUITY,NEW,,,VN-ONLN-10793,G-Star Raw Lightweight Wax Jacket (M),VN-ONLN-10793,G-Star Raw Lightweight Wax Jacket (M),CIN7_IMPORT,Vintage,Vintage,1,3,customs desc; fibre; manufacturer,,,,1,,1,,1,,,CIN7,,NONE,,NONE,NO,fibre; manufacturer,Used Vintage garment
CONTINUITY,NEW,,,VN-ONLN-11144,Silk Resort Shirt (M),VN-ONLN-11144,Silk Resort Shirt (M),CIN7_IMPORT,Vintage,Vintage,1,3,customs desc; fibre; manufacturer,,,,1,,1,,1,,,CIN7,,NONE,,NONE,NO,fibre; manufacturer,Used Vintage garment
CONTINUITY,NEW,,,EXT-WLW-TRM-BLK,Tarmac Black,EXT-WLW-TRM-BLK,Tarmac Black,CIN7_IMPORT,Wollow,Wollow,1,4,customs desc; weight; fibre; manufacturer,,,,1,1,1,,1,,,NONE,NONE,NONE,,NONE,NO,customs desc; weight; fibre; manufacturer,
CONTINUITY,NEW,,,LIV-SLGSV-F-KJL,"Salgskjoler, dame",LIV-SLGSV-F-KJL,"Salgskjoler, dame",CIN7_IMPORT,Livid Femme,Livid,1,3,customs desc; fibre; manufacturer,,,,1,,1,,1,,,CIN7,,CIN7,,NONE,NO,manufacturer,Women Dress - 100% Cotton
CONTINUITY,NEW,,,EXT-VN-BRBSC,Burberry Scarf,EXT-VN-BRBSC,Burberry Scarf,CIN7_IMPORT,Vintage,Vintage,1,3,customs desc; fibre; manufacturer,,,,1,,1,,1,,,CIN7,,NONE,,NONE,NO,fibre; manufacturer,Used clothing - Vintage
CONTINUITY,NEW,,,VN-ONLN-12150,80's University of Arkansas Knit Cardigan (S),VN-ONLN-12150,80's University of Arkansas Knit Cardigan (S),CIN7_IMPORT,Vintage,Vintage,1,3,customs desc; fibre; manufacturer,,,,1,,1,,1,,,CIN7,,NONE,,NONE,NO,fibre; manufacturer,Used Vintage garment
CONTINUITY,NEW,,,VN-ONLN-13130,Women's Fr. Moda Vest (M),VN-ONLN-13130,Women's Fr. Moda Vest (M),CIN7_IMPORT,Vintage,Vintage,1,3,customs desc; fibre; manufacturer,,,,1,,1,,1,,,CIN7,,NONE,,NONE,NO,fibre; manufacturer,Used Vintage garment
CONTINUITY,NEW,,,LIV-IMP-DNE,Imperfect Dune,LIV-IMP-DNE,Imperfect Dune,CIN7_IMPORT,Livid Men,Livid,1,4,price; customs desc; fibre; manufacturer,,1,,1,,1,,1,NONE,,CIN7,,CIN7,,NONE,NO,price; manufacturer,Men's jeans - 100% cotton
CONTINUITY,NEW,,,VN-PNDSHRT,Pendleton Shirt,VN-PNDSHRT,Pendleton Shirt,CIN7_IMPORT,Vintage,Vintage,1,5,HS code; customs desc; fibre; origin; manufacturer,,,1,1,,1,1,1,,CIN7,CIN7,,NONE,CIN7,NONE,NO,fibre; manufacturer,Used clothing - Vintage
CONTINUITY,NEW,,,EXT-VN-XMAS,Christmas sweater,EXT-VN-XMAS,Christmas sweater,CIN7_IMPORT,Vintage,Vintage,1,3,customs desc; fibre; manufacturer,,,,1,,1,,1,,,CIN7,,NONE,,NONE,NO,fibre; manufacturer,Used clothing - Vintage
CONTINUITY,NEW,,,VN-ONLN-9453,80's Chevrolet service work shirt (S),VN-ONLN-9453,80's Chevrolet service work shirt (S),CIN7_IMPORT,Vintage,Vintage,1,3,customs desc; fibre; manufacturer,,,,1,,1,,1,,,CIN7,,NONE,,NONE,NO,fibre; manufacturer,Used Vintage garment
CONTINUITY,NEW,,,VN-ONLN-12450,Tommy Hilfiger Shirt (2XL),VN-ONLN-12450,Tommy Hilfiger Shirt (2XL),CIN7_IMPORT,Vintage,Vintage,1,3,customs desc; fibre; manufacturer,,,,1,,1,,1,,,CIN7,,NONE,,NONE,NO,fibre; manufacturer,Used Vintage garment
CONTINUITY,NEW,,,LIV-FM-FRN-CRMC,Ferin Skirt Ceramic,LIV-FM-FRN-CRMC,Ferin Skirt Ceramic,CIN7_IMPORT,Livid Femme,Livid,1,3,customs desc; fibre; manufacturer,,,,1,,1,,1,,,CIN7,,CIN7,,NONE,NO,manufacturer,Men's Sweater - Knitted 100% wiil
CONTINUITY,NEW,,,VN-ONLN-13156,2007 Women's Adias Roland Garros Tennis Dress (M),VN-ONLN-13156,2007 Women's Adias Roland Garros Tennis Dress (M),CIN7_IMPORT,Vintage,Vintage,1,3,customs desc; fibre; manufacturer,,,,1,,1,,1,,,CIN7,,NONE,,NONE,NO,fibre; manufacturer,Used Vintage garment
CONTINUITY,NEW,,,VN-ONLN-13477,Outdoorsman Club Crewneck (M),VN-ONLN-13477,Outdoorsman Club Crewneck (M),CIN7_IMPORT,Vintage,Vintage,1,3,customs desc; fibre; manufacturer,,,,1,,1,,1,,,CIN7,,NONE,,NONE,NO,fibre; manufacturer,Used Vintage garment
CONTINUITY,NEW,,,VN-ONLN-9043,80's SF 49ers sweat (XL),VN-ONLN-9043,80's SF 49ers sweat (XL),CIN7_IMPORT,Vintage,Vintage,1,3,customs desc; fibre; manufacturer,,,,1,,1,,1,,,CIN7,,NONE,,NONE,NO,fibre; manufacturer,Used Vintage garment
CONTINUITY,NEW,,,VN-ONLN-12428,Pre End Pique Knit Sweater (M),VN-ONLN-12428,Pre End Pique Knit Sweater (M),CIN7_IMPORT,Vintage,Vintage,1,3,customs desc; fibre; manufacturer,,,,1,,1,,1,,,CIN7,,NONE,,NONE,NO,fibre; manufacturer,Used Vintage garment
CONTINUITY,NEW,,,VN-ONLN-10268,Tommy Hilfiger shirt (S),VN-ONLN-10268,Tommy Hilfiger shirt (S),CIN7_IMPORT,Vintage,Vintage,1,3,customs desc; fibre; manufacturer,,,,1,,1,,1,,,CIN7,,NONE,,NONE,NO,fibre; manufacturer,Used Vintage garment
CONTINUITY,NEW,,,VN-ONLN-13289,Caribbean Rayon Shirt (XL),VN-ONLN-13289,Caribbean Rayon Shirt (XL),CIN7_IMPORT,Vintage,Vintage,1,3,customs desc; fibre; manufacturer,,,,1,,1,,1,,,CIN7,,NONE,,NONE,NO,fibre; manufacturer,Used Vintage garment
CONTINUITY,NEW,,,LIV-SKRD-LPSTF-STR-BK,Lappestoff Stretch Black,LIV-SKRD-LPSTF-STR-BK,Lappestoff Stretch Black,CIN7_IMPORT,Livid,Livid,1,5,HS code; customs desc; fibre; origin; manufacturer,,,1,1,,1,1,1,,NONE,NONE,,NONE,NONE,NONE,NO,HS code; customs desc; fibre; origin; manufacturer,
CONTINUITY,NEW,,,STORAGE-JENS-STOL,Jens Stol,STORAGE-JENS-STOL,Jens Stol,CIN7_IMPORT,LAGER,LAGER,1,6,HS code; customs desc; weight; fibre; origin; manufacturer,,,1,1,1,1,1,1,,NONE,NONE,NONE,NONE,NONE,NONE,NO,HS code; customs desc; weight; fibre; origin; manufacturer,
CONTINUITY,NEW,,,EXT-PB-CRX-AM,Coraux Lisse America,EXT-PB-CRX-AM,Coraux Lisse America,CIN7_IMPORT,Paraboot,Paraboot,1,4,customs desc; fibre; origin; manufacturer,,,,1,,1,1,1,,,CIN7,,NONE,CIN7,NONE,NO,fibre; manufacturer,Men Shoes
CONTINUITY,NEW,,,VN-ONLN-9352,Vintage Italian wool cycling jersey (M),VN-ONLN-9352,Vintage Italian wool cycling jersey (M),CIN7_IMPORT,Vintage,Vintage,1,3,customs desc; fibre; manufacturer,,,,1,,1,,1,,,CIN7,,NONE,,NONE,NO,fibre; manufacturer,Used Vintage garment
CONTINUITY,NEW,,,VN-ONLN-13117,Women's Jaeger Shirt (M),VN-ONLN-13117,Women's Jaeger Shirt (M),CIN7_IMPORT,Vintage,Vintage,1,3,customs desc; fibre; manufacturer,,,,1,,1,,1,,,CIN7,,NONE,,NONE,NO,fibre; manufacturer,Used Vintage garment
CONTINUITY,NEW,,,VN-ONLN-11284,Polo by Ralph Lauren Shirt (M),VN-ONLN-11284,Polo by Ralph Lauren Shirt (M),CIN7_IMPORT,Vintage,Vintage,1,3,customs desc; fibre; manufacturer,,,,1,,1,,1,,,CIN7,,NONE,,NONE,NO,fibre; manufacturer,Used Vintage garment
CONTINUITY,NEW,,,EXT-VN-DKSHO,Dickies Shorts,EXT-VN-DKSHO,Dickies Shorts,CIN7_IMPORT,Vintage,Vintage,1,3,customs desc; fibre; manufacturer,,,,1,,1,,1,,,CIN7,,NONE,,NONE,NO,fibre; manufacturer,Used clothing - Vintage
CONTINUITY,NEW,,,LIV-FM-CRMC,Juno Beanie Ceramic,LIV-FM-CRMC,Juno Beanie Ceramic,CIN7_IMPORT,Livid Femme,Livid,1,3,customs desc; fibre; manufacturer,,,,1,,1,,1,,,CIN7,,CIN7,,NONE,NO,manufacturer,Cap men - 100% Cotton
CONTINUITY,NEW,,,STORAGE-KONVOLUTT,Livid Konvolutt,STORAGE-KONVOLUTT,Livid Konvolutt,CIN7_IMPORT,Unknown,Unknown,1,7,price; HS code; customs desc; weight; fibre; origin; manufacturer,,1,1,1,1,1,1,1,NONE,NONE,CIN7,NONE,NONE,NONE,NONE,NO,price; HS code; weight; fibre; origin; manufacturer,#N/A
CONTINUITY,NEW,,,VN-ONLN-12052,Diesel Women's Denim Shirt (L),VN-ONLN-12052,Diesel Women's Denim Shirt (L),CIN7_IMPORT,Vintage,Vintage,1,3,customs desc; fibre; manufacturer,,,,1,,1,,1,,,CIN7,,NONE,,NONE,NO,fibre; manufacturer,Used Vintage garment
CONTINUITY,NEW,,,VN-ONLN-9517,L.L. Bean flannel Hoody (L),VN-ONLN-9517,L.L. Bean flannel Hoody (L),CIN7_IMPORT,Vintage,Vintage,1,3,customs desc; fibre; manufacturer,,,,1,,1,,1,,,CIN7,,NONE,,NONE,NO,fibre; manufacturer,Used Vintage garment
CONTINUITY,NEW,,,VN-ONLN-11893,90's Lindbergh Wool Sweater (L),VN-ONLN-11893,90's Lindbergh Wool Sweater (L),CIN7_IMPORT,Vintage,Vintage,1,3,customs desc; fibre; manufacturer,,,,1,,1,,1,,,CIN7,,NONE,,NONE,NO,fibre; manufacturer,Used Vintage garment
CONTINUITY,NEW,,,VN-ONLN-13562,Club Room Rugby Shirt (S),VN-ONLN-13562,Club Room Rugby Shirt (S),CIN7_IMPORT,Vintage,Vintage,1,3,customs desc; fibre; manufacturer,,,,1,,1,,1,,,CIN7,,NONE,,NONE,NO,fibre; manufacturer,Used Vintage garment
CONTINUITY,NEW,,,EXT-KNT-WB-L500-BLU,Water Bottle 500Ml Blue,EXT-KNT-WB-L500-BLU,Water Bottle 500Ml Blue,CIN7_IMPORT,Kinto,Kinto,1,4,HS code; customs desc; fibre; manufacturer,,,1,1,,1,,1,,NONE,NONE,,NONE,,NONE,NO,HS code; customs desc; fibre; manufacturer,
CONTINUITY,NEW,,,LIV-CEN-JAP-ALFSK,Centi Aloe Fine Silk,LIV-CEN-JAP-ALFSK,Centi Aloe Fine Silk,CIN7_IMPORT,Livid Femme,Livid,1,4,customs desc; fibre; origin; manufacturer,,,,1,,1,1,1,,,CIN7,,CIN7,CIN7,NONE,NO,manufacturer,Men's Shirt - 100% cotton
CONTINUITY,NEW,,,LIV-ANT-GRNOXF,Anton Green Oxford SS17,LIV-ANT-GRNOXF,Anton Green Oxford SS17,CIN7_IMPORT,Livid Men,Livid,1,3,customs desc; fibre; manufacturer,,,,1,,1,,1,,,CIN7,,CIN7,,NONE,NO,manufacturer,Men's Shirt - 100% cotton
CONTINUITY,NEW,,,STORAGE-FABRIC-SCRAPS,Fabric Scraps,STORAGE-FABRIC-SCRAPS,Fabric Scraps,CIN7_IMPORT,LAGER,LAGER,1,6,HS code; customs desc; weight; fibre; origin; manufacturer,,,1,1,1,1,1,1,,NONE,NONE,NONE,NONE,NONE,NONE,NO,HS code; customs desc; weight; fibre; origin; manufacturer,
CONTINUITY,NEW,,,VN-ONLN-12179,80's Bandana (OneSize),VN-ONLN-12179,80's Bandana (OneSize),CIN7_IMPORT,Vintage,Vintage,1,3,customs desc; fibre; manufacturer,,,,1,,1,,1,,,CIN7,,NONE,,NONE,NO,fibre; manufacturer,Used Vintage garment
CONTINUITY,NEW,,,VN-ONLN-11508,Vintage Corduroy Shirt (4XL),VN-ONLN-11508,Vintage Corduroy Shirt (4XL),CIN7_IMPORT,Vintage,Vintage,1,3,customs desc; fibre; manufacturer,,,,1,,1,,1,,,CIN7,,NONE,,NONE,NO,fibre; manufacturer,Used Vintage garment
CONTINUITY,NEW,,,VN-ONLN-9841,Greatful Dead x Philadelphia Eagles fan tee (XL),VN-ONLN-9841,Greatful Dead x Philadelphia Eagles fan tee (XL),CIN7_IMPORT,Vintage,Vintage,1,3,customs desc; fibre; manufacturer,,,,1,,1,,1,,,CIN7,,NONE,,NONE,NO,fibre; manufacturer,Used Vintage garment
CONTINUITY,NEW,,,VN-ONLN-13283,1975 Bruce Lee Rats Hole Tee (M),VN-ONLN-13283,1975 Bruce Lee Rats Hole Tee (M),CIN7_IMPORT,Vintage,Vintage,1,3,customs desc; fibre; manufacturer,,,,1,,1,,1,,,CIN7,,NONE,,NONE,NO,fibre; manufacturer,Used Vintage garment
CONTINUITY,NEW,,,VN-ONLN-10430,Tommy Bahama Silk Shirt (M) (M),VN-ONLN-10430,Tommy Bahama Silk Shirt (M) (M),CIN7_IMPORT,Vintage,Vintage,1,3,customs desc; fibre; manufacturer,,,,1,,1,,1,,,CIN7,,NONE,,NONE,NO,fibre; manufacturer,Used Vintage garment
CONTINUITY,NEW,,,VN-ONLN-10482,Nike Phil Martelli Tee (XL) (XL),VN-ONLN-10482,Nike Phil Martelli Tee (XL) (XL),CIN7_IMPORT,Vintage,Vintage,1,3,customs desc; fibre; manufacturer,,,,1,,1,,1,,,CIN7,,NONE,,NONE,NO,fibre; manufacturer,Used Vintage garment
CONTINUITY,NEW,,,VN-ONLN-11243,Silk Resort Shirt (XL),VN-ONLN-11243,Silk Resort Shirt (XL),CIN7_IMPORT,Vintage,Vintage,1,3,customs desc; fibre; manufacturer,,,,1,,1,,1,,,CIN7,,NONE,,NONE,NO,fibre; manufacturer,Used Vintage garment
CONTINUITY,NEW,,,VN-ONLN-11207,Tommy Bahama Silk Shirt (XL),VN-ONLN-11207,Tommy Bahama Silk Shirt (XL),CIN7_IMPORT,Vintage,Vintage,1,3,customs desc; fibre; manufacturer,,,,1,,1,,1,,,CIN7,,NONE,,NONE,NO,fibre; manufacturer,Used Vintage garment
CONTINUITY,NEW,,,STORAGE-Julepynt,Julepynt,STORAGE-Julepynt,Julepynt,CIN7_IMPORT,LAGER,LAGER,1,6,HS code; customs desc; weight; fibre; origin; manufacturer,,,1,1,1,1,1,1,,NONE,NONE,NONE,NONE,NONE,NONE,NO,HS code; customs desc; weight; fibre; origin; manufacturer,
CONTINUITY,NEW,,,EXT-NV-MRK-SWT,"Market sweater - qt zips, college og 90s brand Knit++",EXT-NV-MRK-SWT,"Market sweater - qt zips, college og 90s brand Knit++",CIN7_IMPORT,Vintage,Vintage,1,3,customs desc; fibre; manufacturer,,,,1,,1,,1,,,CIN7,,NONE,,NONE,NO,fibre; manufacturer,Used clothing - Vintage
CONTINUITY,NEW,,,VN-ONLN-11311,Vintage Knitted Sweater (L),VN-ONLN-11311,Vintage Knitted Sweater (L),CIN7_IMPORT,Vintage,Vintage,1,3,customs desc; fibre; manufacturer,,,,1,,1,,1,,,CIN7,,NONE,,NONE,NO,fibre; manufacturer,Used Vintage garment
CONTINUITY,NEW,,,VN-ONLN-12760,Tommy Jeans Sweatshirt (M),VN-ONLN-12760,Tommy Jeans Sweatshirt (M),CIN7_IMPORT,Vintage,Vintage,1,3,customs desc; fibre; manufacturer,,,,1,,1,,1,,,CIN7,,NONE,,NONE,NO,fibre; manufacturer,Used Vintage garment
CONTINUITY,NEW,,,VN-ONLN-12432,IZOD Female Rugby Shirt (L),VN-ONLN-12432,IZOD Female Rugby Shirt (L),CIN7_IMPORT,Vintage,Vintage,1,3,customs desc; fibre; manufacturer,,,,1,,1,,1,,,CIN7,,NONE,,NONE,NO,fibre; manufacturer,Used Vintage garment
CONTINUITY,NEW,,,VN-ONLN-10326,Tommy Hilfiger Harrington Jacket (M),VN-ONLN-10326,Tommy Hilfiger Harrington Jacket (M),CIN7_IMPORT,Vintage,Vintage,1,3,customs desc; fibre; manufacturer,,,,1,,1,,1,,,CIN7,,NONE,,NONE,NO,fibre; manufacturer,Used Vintage garment
CONTINUITY,NEW,,,LIV-BRN-NVLN,Barnes Navy Linen,LIV-BRN-NVLN,Barnes Navy Linen,CIN7_IMPORT,Livid Men,Livid,1,3,customs desc; fibre; manufacturer,,,,1,,1,,1,,,CIN7,,CIN7,,NONE,NO,manufacturer,Men's trouser - 100% cotton
CONTINUITY,NEW,,,LIV-SKRD-LPSTF-RG-BK,Lappestoff Rigid Black,LIV-SKRD-LPSTF-RG-BK,Lappestoff Rigid Black,CIN7_IMPORT,Livid,Livid,1,5,HS code; customs desc; fibre; origin; manufacturer,,,1,1,,1,1,1,,NONE,NONE,,NONE,NONE,NONE,NO,HS code; customs desc; fibre; origin; manufacturer,
CONTINUITY,NEW,,,EXT-RT-CFRS-DGCH,Comfy Room Socks Diamond Dark Grey/Charcoal,EXT-RT-CFRS-DGCH,Comfy Room Socks Diamond Dark Grey/Charcoal,CIN7_IMPORT,Rototo,Rototo,1,3,customs desc; fibre; manufacturer,,,,1,,1,,1,,,CIN7,,CIN7,,NONE,NO,manufacturer,Socks - 100% wool
CONTINUITY,NEW,,,VN-ONLN-9538,80's Shetland wool turtleneck (M),VN-ONLN-9538,80's Shetland wool turtleneck (M),CIN7_IMPORT,Vintage,Vintage,1,3,customs desc; fibre; manufacturer,,,,1,,1,,1,,,CIN7,,NONE,,NONE,NO,fibre; manufacturer,Used Vintage garment
CONTINUITY,NEW,,,VN-ONLN-9510,L.L. Bean fleece-lined flannel overshirt (M),VN-ONLN-9510,L.L. Bean fleece-lined flannel overshirt (M),CIN7_IMPORT,Vintage,Vintage,1,3,customs desc; fibre; manufacturer,,,,1,,1,,1,,,CIN7,,NONE,,NONE,NO,fibre; manufacturer,Used Vintage garment
CONTINUITY,NEW,,,LIV-JNE-JP-DRSLVG,Jone Japan Dry Selvage,LIV-JNE-JP-DRSLVG,Jone Japan Dry Selvage,CIN7_IMPORT,Livid Men,Livid,1,3,customs desc; fibre; manufacturer,,,,1,,1,,1,,,CIN7,,CIN7,,NONE,NO,manufacturer,Men's jeans - 100% cotton
CONTINUITY,NEW,,,LIV-PLTH-OLV-MHR-MX,Plath Olive Mohair Mix,LIV-PLTH-OLV-MHR-MX,Plath Olive Mohair Mix,CIN7_IMPORT,Livid Unisex,Livid,1,3,customs desc; fibre; manufacturer,,,,1,,1,,1,,,CIN7,,CIN7,,NONE,NO,manufacturer,Men's beanie - 100% Wool
CONTINUITY,NEW,,,VN-ONLN-12892,Kids Polo Ralph Lauren Knit Sweater (L),VN-ONLN-12892,Kids Polo Ralph Lauren Knit Sweater (L),CIN7_IMPORT,Vintage,Vintage,1,3,customs desc; fibre; manufacturer,,,,1,,1,,1,,,CIN7,,NONE,,NONE,NO,fibre; manufacturer,Used Vintage garment
CONTINUITY,NEW,,,VN-ONLN-12638,1999 Big 12 Football Championship Crewneck (XL),VN-ONLN-12638,1999 Big 12 Football Championship Crewneck (XL),CIN7_IMPORT,Vintage,Vintage,1,3,customs desc; fibre; manufacturer,,,,1,,1,,1,,,CIN7,,NONE,,NONE,NO,fibre; manufacturer,Used Vintage garment
CONTINUITY,NEW,,,EXT-RT-MRST-BLGR,Merino Stripe Sock Navy/Green,EXT-RT-MRST-BLGR,Merino Stripe Sock Navy/Green,CIN7_IMPORT,Rototo,Rototo,2,3,customs desc; fibre; manufacturer,,,,1,,1,,1,,,CIN7,,CIN7,,NONE,NO,manufacturer,Socks - 100% wool
CONTINUITY,NEW,,,VN-ONLN-11773,L.L. Bean Shirt (S),VN-ONLN-11773,L.L. Bean Shirt (S),CIN7_IMPORT,Vintage,Vintage,1,3,customs desc; fibre; manufacturer,,,,1,,1,,1,,,CIN7,,NONE,,NONE,NO,fibre; manufacturer,Used Vintage garment
CONTINUITY,NEW,,,LIV-DNN-MN,Dunn Moon,LIV-DNN-MN,Dunn Moon,CIN7_IMPORT,Livid Unisex,Livid,1,3,customs desc; fibre; manufacturer,,,,1,,1,,1,,,CIN7,,CIN7,,NONE,NO,manufacturer,Cap - 100% cotton
CONTINUITY,NEW,,,STORAGE-KUROKI-SWATCHES,Kuroki Swatches,STORAGE-KUROKI-SWATCHES,Kuroki Swatches,CIN7_IMPORT,LAGER,LAGER,1,6,HS code; customs desc; weight; fibre; origin; manufacturer,,,1,1,1,1,1,1,,NONE,NONE,NONE,NONE,NONE,NONE,NO,HS code; customs desc; weight; fibre; origin; manufacturer,
CONTINUITY,NEW,,,EXT-VN-BRBJN,Burberry chinos/jeans,EXT-VN-BRBJN,Burberry chinos/jeans,CIN7_IMPORT,Vintage,Vintage,1,3,customs desc; fibre; manufacturer,,,,1,,1,,1,,,CIN7,,NONE,,NONE,NO,fibre; manufacturer,Used clothing - Vintage
CONTINUITY,NEW,,,CHIMI-BLK-03,03 Black,CHIMI-BLK-03,03 Black,CIN7_IMPORT,Chimi,Chimi,1,3,customs desc; fibre; manufacturer,,,,1,,1,,1,,,CIN7,,NONE,,NONE,NO,fibre; manufacturer,Sunglasses
CONTINUITY,NEW,,,VN-ONLN-11301,90's Crewneck (L),VN-ONLN-11301,90's Crewneck (L),CIN7_IMPORT,Vintage,Vintage,1,3,customs desc; fibre; manufacturer,,,,1,,1,,1,,,CIN7,,NONE,,NONE,NO,fibre; manufacturer,Used Vintage garment
CONTINUITY,NEW,,,VN-ONLN-13422,McGaugh School Tee (XL),VN-ONLN-13422,McGaugh School Tee (XL),CIN7_IMPORT,Vintage,Vintage,1,3,customs desc; fibre; manufacturer,,,,1,,1,,1,,,CIN7,,NONE,,NONE,NO,fibre; manufacturer,Used Vintage garment
CONTINUITY,NEW,,,VN-ONLN-13179,Women's Tommy Hilfiger Tennis Dress (M),VN-ONLN-13179,Women's Tommy Hilfiger Tennis Dress (M),CIN7_IMPORT,Vintage,Vintage,1,3,customs desc; fibre; manufacturer,,,,1,,1,,1,,,CIN7,,NONE,,NONE,NO,fibre; manufacturer,Used Vintage garment
CONTINUITY,NEW,,,VN-ONLN-10518,Marlboro Classics Pique (XL) (XL),VN-ONLN-10518,Marlboro Classics Pique (XL) (XL),CIN7_IMPORT,Vintage,Vintage,1,3,customs desc; fibre; manufacturer,,,,1,,1,,1,,,CIN7,,NONE,,NONE,NO,fibre; manufacturer,Used Vintage garment
CONTINUITY,NEW,,,VN-ONLN-12337,Woolrich Flannel Shirt (XL),VN-ONLN-12337,Woolrich Flannel Shirt (XL),CIN7_IMPORT,Vintage,Vintage,1,3,customs desc; fibre; manufacturer,,,,1,,1,,1,,,CIN7,,NONE,,NONE,NO,fibre; manufacturer,Used Vintage garment
CONTINUITY,NEW,,,VN-ONLN-13555,Two-Tone Rugby Shirt (L),VN-ONLN-13555,Two-Tone Rugby Shirt (L),CIN7_IMPORT,Vintage,Vintage,1,3,customs desc; fibre; manufacturer,,,,1,,1,,1,,,CIN7,,NONE,,NONE,NO,fibre; manufacturer,Used Vintage garment
CONTINUITY,NEW,,,VN-ONLN-9465,SF Giants Hoodie (M),VN-ONLN-9465,SF Giants Hoodie (M),CIN7_IMPORT,Vintage,Vintage,1,3,customs desc; fibre; manufacturer,,,,1,,1,,1,,,CIN7,,NONE,,NONE,NO,fibre; manufacturer,Used Vintage garment
CONTINUITY,NEW,,,VN-ONLN-9710,90's Italian multikniit (L),VN-ONLN-9710,90's Italian multikniit (L),CIN7_IMPORT,Vintage,Vintage,1,3,customs desc; fibre; manufacturer,,,,1,,1,,1,,,CIN7,,NONE,,NONE,NO,fibre; manufacturer,Used Vintage garment
CONTINUITY,NEW,,,LIV-IMP-EMR,Imperfect Emerson,LIV-IMP-EMR,Imperfect Emerson,CIN7_IMPORT,Livid Men,Livid,1,4,price; customs desc; fibre; manufacturer,,1,,1,,1,,1,NONE,,CIN7,,CIN7,,NONE,NO,price; manufacturer,Men's jeans - 100% cotton
CONTINUITY,NEW,,,VN-ONLN-12838,Worker Jacket (S),VN-ONLN-12838,Worker Jacket (S),CIN7_IMPORT,Vintage,Vintage,1,3,customs desc; fibre; manufacturer,,,,1,,1,,1,,,CIN7,,NONE,,NONE,NO,fibre; manufacturer,Used Vintage garment
CONTINUITY,NEW,,,VN-ONLN-11351,Tommy Hilfilger Shirt (L),VN-ONLN-11351,Tommy Hilfilger Shirt (L),CIN7_IMPORT,Vintage,Vintage,1,3,customs desc; fibre; manufacturer,,,,1,,1,,1,,,CIN7,,NONE,,NONE,NO,fibre; manufacturer,Used Vintage garment
CONTINUITY,NEW,,,EXT-CMP-CSM-LBR,Casi Myra Light Brown,EXT-CMP-CSM-LBR,Casi Myra Light Brown,CIN7_IMPORT,Camper,Camper,1,3,customs desc; fibre; manufacturer,,,,1,,1,,1,,,CIN7,,NONE,,NONE,NO,fibre; manufacturer,Men Shoes
CONTINUITY,NEW,,,EXT-PNT-W796TL,Rose Teal Merino,EXT-PNT-W796TL,Rose Teal Merino,CIN7_IMPORT,Pantherella,Pantherella,1,3,customs desc; fibre; manufacturer,,,,1,,1,,1,,,CIN7,,CIN7,,NONE,NO,manufacturer,Socks - 100% wool
CONTINUITY,NEW,,,EXT-PF-OLV-7.2,Ojai Lavender 7.2 Oz Candle,EXT-PF-OLV-7.2,Ojai Lavender 7.2 Oz Candle,CIN7_IMPORT,P.F. Candle,P.F. Candle,1,4,HS code; customs desc; fibre; manufacturer,,,1,1,,1,,1,,CIN7,CIN7,,NONE,,NONE,NO,fibre; manufacturer,Scent candles
CONTINUITY,NEW,,,VN-JKT,Branded Harrington,VN-JKT,Branded Harrington,CIN7_IMPORT,Vintage,Vintage,1,4,HS code; customs desc; fibre; manufacturer,,,1,1,,1,,1,,CIN7,CIN7,,NONE,,NONE,NO,fibre; manufacturer,Used clothing - Vintage
CONTINUITY,NEW,,,EXT-PF-PNTS-EP,Everybody Paddle! Peanuts Candle,EXT-PF-PNTS-EP,Everybody Paddle! Peanuts Candle,CIN7_IMPORT,P.F. Candle,P.F. Candle,1,4,HS code; customs desc; fibre; manufacturer,,,1,1,,1,,1,,CIN7,CIN7,,NONE,,NONE,NO,fibre; manufacturer,Scent candles
CONTINUITY,NEW,,,EXT-PNT-Q9962LGR,Kate Light Grey,EXT-PNT-Q9962LGR,Kate Light Grey,CIN7_IMPORT,Pantherella,Pantherella,1,3,customs desc; fibre; manufacturer,,,,1,,1,,1,,,CIN7,,CIN7,,NONE,NO,manufacturer,Socks - 100% wool
CONTINUITY,NEW,,,LIV-DN-JP-DKDWN,Dunn Dawn,LIV-DN-JP-DKDWN,Dunn Dawn,CIN7_IMPORT,Livid Unisex,Livid,1,3,customs desc; fibre; manufacturer,,,,1,,1,,1,,,CIN7,,CIN7,,NONE,NO,manufacturer,Men's Cap 100% cotton
CONTINUITY,NEW,,,EXT-NRD-001-PWTW,001 W Pewter,EXT-NRD-001-PWTW,001 W Pewter,CIN7_IMPORT,Norda,Norda,1,3,customs desc; fibre; manufacturer,,,,1,,1,,1,,,CIN7,,NONE,,NONE,NO,fibre; manufacturer,Men Shoes
CONTINUITY,NEW,,,EXT-ABL-CNNR2,Cyan Nori - 50ML,EXT-ABL-CNNR2,Cyan Nori - 50ML,CIN7_IMPORT,Abel,Abel,1,3,customs desc; fibre; manufacturer,,,,1,,1,,1,,,CIN7,,NONE,,NONE,NO,fibre; manufacturer,Perfume - Non alcoholic
CONTINUITY,NEW,,,EXT-KNT-WB-L500-GRN,Water Bottle 500Ml Green,EXT-KNT-WB-L500-GRN,Water Bottle 500Ml Green,CIN7_IMPORT,Kinto,Kinto,1,4,HS code; customs desc; fibre; manufacturer,,,1,1,,1,,1,,NONE,NONE,,NONE,,NONE,NO,HS code; customs desc; fibre; manufacturer,
CONTINUITY,NEW,,,EXT-KNT-WB-L950-CLR,Water Bottle 950Ml Clear,EXT-KNT-WB-L950-CLR,Water Bottle 950Ml Clear,CIN7_IMPORT,Kinto,Kinto,1,4,HS code; customs desc; fibre; manufacturer,,,1,1,,1,,1,,NONE,NONE,,NONE,,NONE,NO,HS code; customs desc; fibre; manufacturer,
CONTINUITY,NEW,,,EXT-ABL-CNNR6,Cyan Nori - 6ML,EXT-ABL-CNNR6,Cyan Nori - 6ML,CIN7_IMPORT,Abel,Abel,1,3,customs desc; fibre; manufacturer,,,,1,,1,,1,,,CIN7,,NONE,,NONE,NO,fibre; manufacturer,Perfume - Non alcoholic
CONTINUITY,NEW,,,EXT-ICHI-OST-OS,Osmanthus Incense,EXT-ICHI-OST-OS,Osmanthus Incense,CIN7_IMPORT,Ichiko Ichie,Ichiko Ichie,1,3,customs desc; fibre; manufacturer,,,,1,,1,,1,,,CIN7,,NONE,,NONE,NO,fibre; manufacturer,Perfume - Non alcoholic
CONTINUITY,NEW,,,LIV-ID-VLT,Ida Violet,LIV-ID-VLT,Ida Violet,CIN7_IMPORT,Livid Femme,Livid,1,3,customs desc; fibre; manufacturer,,,,1,,1,,1,,,CIN7,,CIN7,,NONE,NO,manufacturer,Men's T-Shirt - 100% Cotton
CONTINUITY,NEW,,,EXT-PNT-YQ1039DNM,Blair Denim Fleck,EXT-PNT-YQ1039DNM,Blair Denim Fleck,CIN7_IMPORT,Pantherella,Pantherella,1,3,customs desc; fibre; manufacturer,,,,1,,1,,1,,,CIN7,,CIN7,,NONE,NO,manufacturer,Socks - 100% wool
CONTINUITY,NEW,,,CHIMI-BLK-042L,04.2 L Black,CHIMI-BLK-042L,04.2 L Black,CIN7_IMPORT,Chimi,Chimi,1,3,customs desc; fibre; manufacturer,,,,1,,1,,1,,,CIN7,,NONE,,NONE,NO,fibre; manufacturer,Sunglasses
CONTINUITY,NEW,,,BNK-BK,Banks Cap Black,BNK-BK,Banks Cap Black,CIN7_IMPORT,Livid Men,Livid,1,3,customs desc; fibre; manufacturer,,,,1,,1,,1,,,CIN7,,CIN7,,NONE,NO,manufacturer,Cap men - 100% Cotton
CONTINUITY,NEW,,,EXT-RW-BTCRM,Red Wing Boot Cream Black,EXT-RW-BTCRM,Red Wing Boot Cream Black,CIN7_IMPORT,Red Wing,Red Wing,1,4,HS code; customs desc; fibre; manufacturer,,,1,1,,1,,1,,CIN7,CIN7,,NONE,,NONE,NO,fibre; manufacturer,Men Shoes
CONTINUITY,NEW,,,EXT-RW-MSCSHO,Sko Kundebestilling,EXT-RW-MSCSHO,Sko Kundebestilling,CIN7_IMPORT,Red Wing,Red Wing,1,5,price; HS code; customs desc; fibre; manufacturer,,1,1,1,,1,,1,NONE,CIN7,CIN7,,NONE,,NONE,NO,price; fibre; manufacturer,Men Shoes
CONTINUITY,NEW,,,CHIMI-TRT-112,11.2 Tortoise,CHIMI-TRT-112,11.2 Tortoise,CIN7_IMPORT,Chimi,Chimi,1,3,customs desc; fibre; manufacturer,,,,1,,1,,1,,,CIN7,,NONE,,NONE,NO,fibre; manufacturer,Sunglasses
CONTINUITY,NEW,,,EXT-VN-STRP-SS,Stripe Shirt Short Sleeve,EXT-VN-STRP-SS,Stripe Shirt Short Sleeve,CIN7_IMPORT,Vintage,Vintage,1,3,customs desc; fibre; manufacturer,,,,1,,1,,1,,,CIN7,,NONE,,NONE,NO,fibre; manufacturer,Used clothing - Vintage
CONTINUITY,NEW,,,EXT-VN-Y2KSHRT,Y2K Shirt,EXT-VN-Y2KSHRT,Y2K Shirt,CIN7_IMPORT,Vintage,Vintage,1,4,price; customs desc; fibre; manufacturer,,1,,1,,1,,1,NONE,,CIN7,,NONE,,NONE,NO,price; fibre; manufacturer,Used clothing - Vintage
CONTINUITY,NEW,,,EXT-VN-BRBLZ,Burberry Blazer,EXT-VN-BRBLZ,Burberry Blazer,CIN7_IMPORT,Vintage,Vintage,1,3,customs desc; fibre; manufacturer,,,,1,,1,,1,,,CIN7,,NONE,,NONE,NO,fibre; manufacturer,Used clothing - Vintage
CONTINUITY,NEW,,,EXT-VN-Y2KDRS,Y2K Dress,EXT-VN-Y2KDRS,Y2K Dress,CIN7_IMPORT,Vintage,Vintage,1,4,price; customs desc; fibre; manufacturer,,1,,1,,1,,1,NONE,,CIN7,,NONE,,NONE,NO,price; fibre; manufacturer,Used clothing - Vintage
CONTINUITY,NEW,,,EXT-BK,Lettstelt,EXT-BK,Lettstelt,CIN7_IMPORT,Books,Books,1,5,HS code; customs desc; fibre; origin; manufacturer,,,1,1,,1,1,1,,NONE,NONE,,NONE,NONE,NONE,NO,HS code; customs desc; fibre; origin; manufacturer,
CONTINUITY,NEW,,,IMP-LIV-PG-JPN-INDG-RNS,"Page Japan Indigo Dusk, 2932*",IMP-LIV-PG-JPN-INDG-RNS,"Page Japan Indigo Dusk, 2932*",CIN7_IMPORT,Livid Femme,Livid,1,3,customs desc; fibre; manufacturer,,,,1,,1,,1,,,CIN7,,CIN7,,NONE,NO,manufacturer,Men's jeans - 100% cotton
CONTINUITY,NEW,,,EXT-VN-SLPDR,Slip dress,EXT-VN-SLPDR,Slip dress,CIN7_IMPORT,Vintage,Vintage,1,3,customs desc; fibre; manufacturer,,,,1,,1,,1,,,CIN7,,NONE,,NONE,NO,fibre; manufacturer,Used clothing - Vintage
CONTINUITY,NEW,,,EXT-VN-Y2KSKRT,Y2K Skirt,EXT-VN-Y2KSKRT,Y2K Skirt,CIN7_IMPORT,Vintage,Vintage,1,4,price; customs desc; fibre; manufacturer,,1,,1,,1,,1,NONE,,CIN7,,NONE,,NONE,NO,price; fibre; manufacturer,Used clothing - Vintage
CONTINUITY,NEW,,,EXT-VN-SLCTLTH,Selected Leather,EXT-VN-SLCTLTH,Selected Leather,CIN7_IMPORT,Vintage,Vintage,1,3,customs desc; fibre; manufacturer,,,,1,,1,,1,,,CIN7,,NONE,,NONE,NO,fibre; manufacturer,Used clothing - Vintage
CONTINUITY,NEW,,,IMP-LIV-MK-JPN-NW-BL,"Miko Japan New Blue, 3232*",IMP-LIV-MK-JPN-NW-BL,"Miko Japan New Blue, 3232*",CIN7_IMPORT,Livid Men,Livid,1,3,customs desc; fibre; manufacturer,,,,1,,1,,1,,,CIN7,,CIN7,,NONE,NO,manufacturer,Men's jeans - 100% cotton
CONTINUITY,NEW,,,EXT-VN-Y2KTRS,Y2K Trousers,EXT-VN-Y2KTRS,Y2K Trousers,CIN7_IMPORT,Vintage,Vintage,1,4,price; customs desc; fibre; manufacturer,,1,,1,,1,,1,NONE,,CIN7,,NONE,,NONE,NO,price; fibre; manufacturer,Used clothing - Vintage
CONTINUITY,NEW,,,EXT-PST-VTWS,Vintage Wash,EXT-PST-VTWS,Vintage Wash,CIN7_IMPORT,På Stell,På Stell,1,3,customs desc; fibre; manufacturer,,,,1,,1,,1,,,CIN7,,NONE,,NONE,NO,fibre; manufacturer,Perfume - Non alcoholic
CONTINUITY,NEW,,,EXT-PF-14,NO. 14 Campfire 7.2 Oz,EXT-PF-14,NO. 14 Campfire 7.2 Oz,CIN7_IMPORT,P.F. Candle,P.F. Candles,1,4,HS code; customs desc; fibre; manufacturer,,,1,1,,1,,1,,CIN7,CIN7,,NONE,,NONE,NO,fibre; manufacturer,Scent candles
CONTINUITY,NEW,,,LIV-BNKS-BLCK,Banks Black,LIV-BNKS-BLCK,Banks Black,CIN7_IMPORT,Livid Unisex,Livid,1,3,customs desc; fibre; manufacturer,,,,1,,1,,1,,,CIN7,,CIN7,,NONE,NO,manufacturer,Cap - 100% cotton
CONTINUITY,NEW,,,EXT-PNT-5796-C-L,Laburnum Charcoal,EXT-PNT-5796-C-L,Laburnum Charcoal,CIN7_IMPORT,Pantherella,Pantherella,1,4,HS code; customs desc; fibre; manufacturer,,,1,1,,1,,1,,CIN7,CIN7,,CIN7,,NONE,NO,manufacturer,Socks - 100% wool
CONTINUITY,NEW,,,EXT-STM-LNTBRS,Lint Brush Charcoal,EXT-STM-LNTBRS,Lint Brush Charcoal,CIN7_IMPORT,Steamery,Steamery,1,5,HS code; customs desc; fibre; origin; manufacturer,,,1,1,,1,1,1,,NONE,CIN7,,NONE,NONE,NONE,NO,HS code; fibre; origin; manufacturer,
CONTINUITY,NEW,,,EXT-RW,Shoe Brush,EXT-RW,Shoe Brush,CIN7_IMPORT,Red Wing,Red Wing,7,4,HS code; customs desc; fibre; manufacturer,,,1,1,,1,,1,,CIN7,CIN7,,NONE,,NONE,NO,fibre; manufacturer,Men Shoes
CONTINUITY,NEW,,,EXT-KEEN-UNK-DECH,Uneek Dark Earth/Chipmunk,EXT-KEEN-UNK-DECH,Uneek Dark Earth/Chipmunk,CIN7_IMPORT,Keen,Keen,3,4,customs desc; fibre; origin; manufacturer,,,,1,,1,1,1,,,CIN7,,NONE,CIN7,NONE,NO,fibre; manufacturer,Men Shoes
CONTINUITY,NEW,,,EXT-KEEN-JAS-SM,Jasper Silver Mink,EXT-KEEN-JAS-SM,Jasper Silver Mink,CIN7_IMPORT,Keen,Keen,6,3,customs desc; fibre; manufacturer,,,,1,,1,,1,,,CIN7,,NONE,,NONE,NO,fibre; manufacturer,Men Shoes
CONTINUITY,NEW,,,EXT-HB-AMBG,Ambergris 10 Minutes Aroma,EXT-HB-AMBG,Ambergris 10 Minutes Aroma,CIN7_IMPORT,Hibi,Hibi,1,3,customs desc; fibre; manufacturer,,,,1,,1,,1,,,CIN7,,NONE,,NONE,NO,fibre; manufacturer,Aggerbatti
CONTINUITY,NEW,,,LIV-KRI-JP-FGG,Keri Japan Fog,LIV-KRI-JP-FGG,Keri Japan Fog,CIN7_IMPORT,Livid Unisex,Livid,20,3,customs desc; fibre; manufacturer,,,,1,,1,,1,,,CIN7,,CIN7,,NONE,NO,manufacturer,Men's jeans - 100% cotton
CONTINUITY,NEW,,,EXT-PF-PNON,Pinon 7.2 Oz Candle,EXT-PF-PNON,Pinon 7.2 Oz Candle,CIN7_IMPORT,P.F. Candle,P.F. Candles,1,4,HS code; customs desc; fibre; manufacturer,,,1,1,,1,,1,,CIN7,CIN7,,NONE,,NONE,NO,fibre; manufacturer,Scent candles
CONTINUITY,NEW,,,EXT-PF-N10-SWTGRP,Sweet Grapefruit 7.2 oz Candle,EXT-PF-N10-SWTGRP,Sweet Grapefruit 7.2 oz Candle,CIN7_IMPORT,P.F. Candle,P.F. Candles,1,4,HS code; customs desc; fibre; manufacturer,,,1,1,,1,,1,,CIN7,CIN7,,NONE,,NONE,NO,fibre; manufacturer,Scent candles
CONTINUITY,NEW,,,EXT-KNT-WB-L950-BLU,Water Bottle 950Ml Blue,EXT-KNT-WB-L950-BLU,Water Bottle 950Ml Blue,CIN7_IMPORT,Kinto,Kinto,1,4,HS code; customs desc; fibre; manufacturer,,,1,1,,1,,1,,NONE,NONE,,NONE,,NONE,NO,HS code; customs desc; fibre; manufacturer,
CONTINUITY,NEW,,,LIV-BNKS-GRVL,Banks Gravel,LIV-BNKS-GRVL,Banks Gravel,CIN7_IMPORT,Livid Unisex,Livid,1,3,customs desc; fibre; manufacturer,,,,1,,1,,1,,,CIN7,,CIN7,,NONE,NO,manufacturer,Cap - 100% cotton
CONTINUITY,NEW,,,LIV-ID-BLCK,Ida Black,LIV-ID-BLCK,Ida Black,CIN7_IMPORT,Livid Femme,Livid,5,3,customs desc; fibre; manufacturer,,,,1,,1,,1,,,CIN7,,CIN7,,NONE,NO,manufacturer,Men's T-Shirt - 100% Cotton
CONTINUITY,NEW,,,VN-ONLN-13060,Ecko Unltd Varsity Jersey (XL),VN-ONLN-13060,Ecko Unltd Varsity Jersey (XL),CIN7_IMPORT,Vintage,Vintage,1,3,customs desc; fibre; manufacturer,,,,1,,1,,1,,,CIN7,,NONE,,NONE,NO,fibre; manufacturer,Used Vintage garment
CONTINUITY,NEW,,,EXT-CMPLB-78LF-BRS,1978 Loafer Brown Suede,EXT-CMPLB-78LF-BRS,1978 Loafer Brown Suede,CIN7_IMPORT,Camperlab,Camperlab,4,3,customs desc; fibre; manufacturer,,,,1,,1,,1,,,CIN7,,NONE,,NONE,NO,fibre; manufacturer,Men Shoes
CONTINUITY,NEW,,,EXT-RT-DFW-GB,Double Face Merino Wool & Cotton Green Brown,EXT-RT-DFW-GB,Double Face Merino Wool & Cotton Green Brown,CIN7_IMPORT,Rototo,Rototo,2,4,HS code; customs desc; fibre; manufacturer,,,1,1,,1,,1,,CIN7,CIN7,,CIN7,,NONE,NO,manufacturer,Socks - 100% wool
CONTINUITY,NEW,,,EXT-SNV-SNTLSP,Santal Super,EXT-SNV-SNTLSP,Santal Super,CIN7_IMPORT,Son Venin,Son Venin,1,3,customs desc; fibre; manufacturer,,,,1,,1,,1,,,CIN7,,NONE,,NONE,NO,fibre; manufacturer,Perfume - Non alcoholic
CONTINUITY,NEW,,,EXT-PNT-5796-n-M,Laburnum Navy,EXT-PNT-5796-n-M,Laburnum Navy,CIN7_IMPORT,Pantherella,Pantherella,1,4,HS code; customs desc; fibre; manufacturer,,,1,1,,1,,1,,CIN7,CIN7,,CIN7,,NONE,NO,manufacturer,Socks - 100% wool
CONTINUITY,NEW,,,LIV-KRI-JPN-SNDBX,Keri Japan Sandbox,LIV-KRI-JPN-SNDBX,Keri Japan Sandbox,CIN7_IMPORT,Livid Unisex,Livid,17,3,customs desc; fibre; manufacturer,,,,1,,1,,1,,,CIN7,,CIN7,,NONE,NO,manufacturer,Men's jeans - 100% cotton
CONTINUITY,NEW,,,LIV-BRNS-JPFD,Barnes Japan Fade,LIV-BRNS-JPFD,Barnes Japan Fade,CIN7_IMPORT,Livid Men,Livid,14,3,customs desc; fibre; manufacturer,,,,1,,1,,1,,,CIN7,,CIN7,,NONE,NO,manufacturer,Men's jeans - 100% cotton
CONTINUITY,NEW,,,LIV-KERI-LIN-PEAT,Keri Linen Peat,LIV-KERI-LIN-PEAT,Keri Linen Peat,CIN7_IMPORT,Livid Femme,Livid,10,3,customs desc; fibre; manufacturer,,,,1,,1,,1,,,CIN7,,CIN7,,NONE,NO,manufacturer,Men's trouser - 100% cotton
CONTINUITY,NEW,,,LIV-HYD-T-BLCK,Hyde Tee Black,LIV-HYD-T-BLCK,Hyde Tee Black,CIN7_IMPORT,Livid Femme,Livid,5,3,customs desc; fibre; manufacturer,,,,1,,1,,1,,,CIN7,,CIN7,,NONE,NO,manufacturer,Men's T-Shirt - 100% Cotton
CONTINUITY,NEW,,,EXT-RT-DFW-BB,Double Face Merino Wool & Cotton Blue/Brown,EXT-RT-DFW-BB,Double Face Merino Wool & Cotton Blue/Brown,CIN7_IMPORT,Rototo,Rototo,2,4,HS code; customs desc; fibre; manufacturer,,,1,1,,1,,1,,CIN7,CIN7,,CIN7,,NONE,NO,manufacturer,Socks - 100% wool
CONTINUITY,NEW,,,LIV-AMBR-JAP-FOG,Amber Japan Fog,LIV-AMBR-JAP-FOG,Amber Japan Fog,CIN7_IMPORT,Livid Femme,Livid,4,4,customs desc; fibre; origin; manufacturer,,,,1,,1,1,1,,,CIN7,,CIN7,CIN7,NONE,NO,manufacturer,Men's Shirt - 100% cotton
CONTINUITY,NEW,,,EXT-BP-BP401EDP30,401 Eau De Parfum,EXT-BP-BP401EDP30,401 Eau De Parfum,CIN7_IMPORT,Bon Parfumeur,Bon Parfumeur,1,3,customs desc; fibre; manufacturer,,,,1,,1,,1,,,CIN7,,NONE,,NONE,NO,fibre; manufacturer,Perfume - Non alcoholic
CONTINUITY,NEW,,,EXT-FRM-SH-375ml,Apothecary Shampoo-375ml,EXT-FRM-SH-375ml,Apothecary Shampoo-375ml,CIN7_IMPORT,Frama,Frama,1,4,HS code; customs desc; fibre; manufacturer,,,1,1,,1,,1,,CIN7,CIN7,,NONE,,NONE,NO,fibre; manufacturer,Perfume - Non alcoholic
CONTINUITY,NEW,,,EXT-DM-CRNR-NT,Cornaro Nut,EXT-DM-CRNR-NT,Cornaro Nut,CIN7_IMPORT,Diemme,Diemme,9,3,customs desc; fibre; manufacturer,,,,1,,1,,1,,,CIN7,,NONE,,NONE,NO,fibre; manufacturer,Men Shoes
CONTINUITY,NEW,,,LIV-KR-JPN-GRVL,Keri Japan Gravel,LIV-KR-JPN-GRVL,Keri Japan Gravel,CIN7_IMPORT,Livid Unisex,Livid,11,3,customs desc; fibre; manufacturer,,,,1,,1,,1,,,CIN7,,CIN7,,NONE,NO,manufacturer,Men's jeans - 100% cotton
CONTINUITY,NEW,,,EXT-MZ-WVLS-PRS,WAVE PROPHECY LS Pristine/Black/Silver,EXT-MZ-WVLS-PRS,WAVE PROPHECY LS Pristine/Black/Silver,CIN7_IMPORT,Mizuno,Mizuno,7,5,HS code; customs desc; weight; fibre; manufacturer,,,1,1,1,1,,1,,NONE,NONE,NONE,NONE,,NONE,NO,HS code; customs desc; weight; fibre; manufacturer,
CONTINUITY,NEW,,,EXT-BP,301 Eau de Parfum,EXT-BP,301 Eau de Parfum,CIN7_IMPORT,Bon Parfumeur,Bon Parfumeur,13,3,customs desc; fibre; manufacturer,,,,1,,1,,1,,,CIN7,,NONE,,NONE,NO,fibre; manufacturer,Perfume - Non alcoholic
CONTINUITY,NEW,,,EXT-SNV-LVLR,Le Voleur,EXT-SNV-LVLR,Le Voleur,CIN7_IMPORT,Son Venin,Son Venin,1,3,customs desc; fibre; manufacturer,,,,1,,1,,1,,,CIN7,,NONE,,NONE,NO,fibre; manufacturer,Perfume - Non alcoholic
CONTINUITY,NEW,,,EXT-ABL-CTCH6,Coat Check - 6ML,EXT-ABL-CTCH6,Coat Check - 6ML,CIN7_IMPORT,Abel,Abel,1,3,customs desc; fibre; manufacturer,,,,1,,1,,1,,,CIN7,,NONE,,NONE,NO,fibre; manufacturer,Perfume - Non alcoholic
CONTINUITY,NEW,,,EXT-CMPLB-78MJ-BLK,1978 Mary Jane Black,EXT-CMPLB-78MJ-BLK,1978 Mary Jane Black,CIN7_IMPORT,Camperlab,Camperlab,5,3,customs desc; fibre; manufacturer,,,,1,,1,,1,,,CIN7,,NONE,,NONE,NO,fibre; manufacturer,Men Shoes
CONTINUITY,NEW,,,LIV-AYO-KNT-WHT,Alon Knit Wheat,LIV-AYO-KNT-WHT,Alon Knit Wheat,CIN7_IMPORT,Livid Men,Livid,4,3,customs desc; fibre; manufacturer,,,,1,,1,,1,,,CIN7,,CIN7,,NONE,NO,manufacturer,Men's Sweater - Knitted 100% wiil
CONTINUITY,NEW,,,LIV-ML-GRY-MLNG,Mila Grey Melange,LIV-ML-GRY-MLNG,Mila Grey Melange,CIN7_IMPORT,Livid Femme,Livid,4,3,customs desc; fibre; manufacturer,,,,1,,1,,1,,,CIN7,,CIN7,,NONE,NO,manufacturer,Men's Sweater - 100% cotton
CONTINUITY,NEW,,,EXT-DM-CRNR-DGMB,Cornaro Due Gomma Black,EXT-DM-CRNR-DGMB,Cornaro Due Gomma Black,CIN7_IMPORT,Diemme,Diemme,5,3,customs desc; fibre; manufacturer,,,,1,,1,,1,,,CIN7,,NONE,,NONE,NO,fibre; manufacturer,Men Shoes
CONTINUITY,NEW,,,EXT-CMPLB-VMNTRL-IGR,Vamonos Tyrol Igar,EXT-CMPLB-VMNTRL-IGR,Vamonos Tyrol Igar,CIN7_IMPORT,Camperlab,Camperlab,3,3,customs desc; fibre; manufacturer,,,,1,,1,,1,,,CIN7,,NONE,,NONE,NO,fibre; manufacturer,Men Shoes
CONTINUITY,NEW,,,LIV-KRN-CHRCL,Kerin Charcoal,LIV-KRN-CHRCL,Kerin Charcoal,CIN7_IMPORT,Livid Femme,Livid,3,4,customs desc; fibre; origin; manufacturer,,,,1,,1,1,1,,,CIN7,,CIN7,CIN7,NONE,NO,manufacturer,Men's Sweater - Knitted 100% wiil
CONTINUITY,NEW,,,EXT-BP-BP803,803 Eau de Parfum,EXT-BP-BP803,803 Eau de Parfum,CIN7_IMPORT,Bon Parfumeur,Bon Parfumeur,1,3,customs desc; fibre; manufacturer,,,,1,,1,,1,,,CIN7,,NONE,,NONE,NO,fibre; manufacturer,Perfume - Non alcoholic
CONTINUITY,NEW,,,LIV-PEN-STN,Pen Stone Tech,LIV-PEN-STN,Pen Stone Tech,CIN7_IMPORT,Livid Unisex,Livid,5,4,customs desc; fibre; origin; manufacturer,,,,1,,1,1,1,,,CIN7,,CIN7,CIN7,NONE,NO,manufacturer,Men jacket - 100% cotton
CONTINUITY,NEW,,,EXT-KEEN-UNK-TMTP,Uneek Timberwolf/Plaza Taupe,EXT-KEEN-UNK-TMTP,Uneek Timberwolf/Plaza Taupe,CIN7_IMPORT,Keen,Keen,2,4,customs desc; fibre; origin; manufacturer,,,,1,,1,1,1,,,CIN7,,NONE,CIN7,NONE,NO,fibre; manufacturer,Men Shoes
CONTINUITY,NEW,,,EXT-ST-PL2-SG,Pilo 2 Fabric Shaver – Sage,EXT-ST-PL2-SG,Pilo 2 Fabric Shaver – Sage,CIN7_IMPORT,Steamery,Steamery,1,5,HS code; customs desc; fibre; origin; manufacturer,,,1,1,,1,1,1,,NONE,CIN7,,NONE,NONE,NONE,NO,HS code; fibre; origin; manufacturer,
CONTINUITY,NEW,,,LIV-KR-SRF-BK,Keri Surf Japan Black,LIV-KR-SRF-BK,Keri Surf Japan Black,CIN7_IMPORT,Livid Unisex,Livid,5,3,customs desc; fibre; manufacturer,,,,1,,1,,1,,,CIN7,,CIN7,,NONE,NO,manufacturer,Men's Shorts - 100% Cotton
CONTINUITY,NEW,,,EXT-BP-BP802EDP30,802 Eau de Parfum,EXT-BP-BP802EDP30,802 Eau de Parfum,CIN7_IMPORT,Bon Parfumeur,Bon Parfumeur,1,3,customs desc; fibre; manufacturer,,,,1,,1,,1,,,CIN7,,NONE,,NONE,NO,fibre; manufacturer,Perfume - Non alcoholic
CONTINUITY,NEW,,,LIV-NLSN-CHRCL,Nelson Charcoal,LIV-NLSN-CHRCL,Nelson Charcoal,CIN7_IMPORT,Livid Men,Livid,1,3,customs desc; fibre; manufacturer,,,,1,,1,,1,,,CIN7,,CIN7,,NONE,NO,manufacturer,Men's Sweater - 100% cotton
CONTINUITY,NEW,,,EXT-SNV-PSHM,Posthume,EXT-SNV-PSHM,Posthume,CIN7_IMPORT,Son Venin,Son Venin,1,3,customs desc; fibre; manufacturer,,,,1,,1,,1,,,CIN7,,NONE,,NONE,NO,fibre; manufacturer,Perfume - Non alcoholic
CONTINUITY,NEW,,,EXT-SNV-AMBR-50,AMBR Super,EXT-SNV-AMBR-50,AMBR Super,CIN7_IMPORT,Son Venin,Son Venin,1,3,customs desc; fibre; manufacturer,,,,1,,1,,1,,,CIN7,,NONE,,NONE,NO,fibre; manufacturer,Perfume - Non alcoholic
CONTINUITY,NEW,,,EXT-STM-CRS,Cirrus No.3 Iron Steamer - Sand OS,EXT-STM-CRS,Cirrus No.3 Iron Steamer - Sand OS,CIN7_IMPORT,Steamery,Steamery,2,5,HS code; customs desc; fibre; origin; manufacturer,,,1,1,,1,1,1,,NONE,CIN7,,NONE,NONE,NONE,NO,HS code; fibre; origin; manufacturer,
CONTINUITY,NEW,,,CHIMI-TORTOISE,08 Tortoise,CHIMI-TORTOISE,08 Tortoise,CIN7_IMPORT,Chimi,Chimi,1,4,HS code; customs desc; fibre; manufacturer,,,1,1,,1,,1,,CIN7,CIN7,,NONE,,NONE,NO,fibre; manufacturer,Sunglasses
CONTINUITY,NEW,,,EXT-PF-AMBRMS-12.5C,Amber and Moss 12.5oz Large Concentrated Candle,EXT-PF-AMBRMS-12.5C,Amber and Moss 12.5oz Large Concentrated Candle,CIN7_IMPORT,P.F. Candle,P.F. Candle,1,3,customs desc; fibre; manufacturer,,,,1,,1,,1,,,CIN7,,NONE,,NONE,NO,fibre; manufacturer,Scent candles
CONTINUITY,NEW,,,EXT-PF-n21-gldcst,Golden Coast Reed Diffuser,EXT-PF-n21-gldcst,Golden Coast Reed Diffuser,CIN7_IMPORT,P.F. Candle,P.F. Candles,1,4,HS code; customs desc; fibre; manufacturer,,,1,1,,1,,1,,CIN7,CIN7,,NONE,,NONE,NO,fibre; manufacturer,Scent candles
CONTINUITY,NEW,,,EXT-PF-11,Amber and Moss Incense,EXT-PF-11,Amber and Moss Incense,CIN7_IMPORT,P.F. Candle,P.F. Candles,3,4,HS code; customs desc; fibre; manufacturer,,,1,1,,1,,1,,CIN7,CIN7,,NONE,,NONE,NO,fibre; manufacturer,Scent candles
CONTINUITY,NEW,,,EXT-SNV-0905,905,EXT-SNV-0905,905,CIN7_IMPORT,Son Venin,Son Venin,1,3,customs desc; fibre; manufacturer,,,,1,,1,,1,,,CIN7,,NONE,,NONE,NO,fibre; manufacturer,Perfume - Non alcoholic
CONTINUITY,NEW,,,EXT-PNT-5796-C-M,Laburnum Charcoal,EXT-PNT-5796-C-M,Laburnum Charcoal,CIN7_IMPORT,Pantherella,Pantherella,1,4,HS code; customs desc; fibre; manufacturer,,,1,1,,1,,1,,CIN7,CIN7,,CIN7,,NONE,NO,manufacturer,Socks - 100% wool
CONTINUITY,NEW,,,EXT-CMP-PLT-FLC,Pelotas Soller Flora/Cola,EXT-CMP-PLT-FLC,Pelotas Soller Flora/Cola,CIN7_IMPORT,Camper,Camper,5,3,customs desc; fibre; manufacturer,,,,1,,1,,1,,,CIN7,,NONE,,NONE,NO,fibre; manufacturer,Men Shoes
CONTINUITY,NEW,,,LIV-WIN-PAP-BON,Winnipeg Papercrochet Bone,LIV-WIN-PAP-BON,Winnipeg Papercrochet Bone,CIN7_IMPORT,Livid Femme,Livid,4,4,customs desc; fibre; origin; manufacturer,,,,1,,1,1,1,,,CIN7,,CIN7,CIN7,NONE,NO,manufacturer,Men's Sweater - Knitted 100% wiil
CONTINUITY,NEW,,,EXT-NRD-001-LMM,001 M Loam,EXT-NRD-001-LMM,001 M Loam,CIN7_IMPORT,Norda,Norda,5,3,customs desc; fibre; manufacturer,,,,1,,1,,1,,,CIN7,,NONE,,NONE,NO,fibre; manufacturer,Men Shoes
CONTINUITY,NEW,,,EXT-BS-BST-PNKC,Boston Suede Pink Clay,EXT-BS-BST-PNKC,Boston Suede Pink Clay,CIN7_IMPORT,Birkenstock,Birkenstock,1,3,customs desc; fibre; manufacturer,,,,1,,1,,1,,,CIN7,,CIN7,,NONE,NO,manufacturer,Unisex sandals - 100% leather
CONTINUITY,NEW,,,EXT-PNT-w796-BK,Rose Merino Black,EXT-PNT-w796-BK,Rose Merino Black,CIN7_IMPORT,Pantherella,Pantherella,1,4,HS code; customs desc; fibre; manufacturer,,,1,1,,1,,1,,CIN7,CIN7,,CIN7,,NONE,NO,manufacturer,Socks - 100% wool
CONTINUITY,NEW,,,LIV-LM-CHRCL-WSHT,Lima Charcoal Washout,LIV-LM-CHRCL-WSHT,Lima Charcoal Washout,CIN7_IMPORT,Livid Femme,Livid,4,4,customs desc; fibre; origin; manufacturer,,,,1,,1,1,1,,,CIN7,,CIN7,CIN7,NONE,NO,manufacturer,Men's T-Shirt - 100% Cotton
CONTINUITY,NEW,,,EXT-PNT-w796-N-M,Rose Navy,EXT-PNT-w796-N-M,Rose Navy,CIN7_IMPORT,Pantherella,Pantherella,1,4,HS code; customs desc; fibre; manufacturer,,,1,1,,1,,1,,CIN7,CIN7,,CIN7,,NONE,NO,manufacturer,Socks - 100% wool
CONTINUITY,NEW,,,EXT-KEEN-UNK-ABTP,Uneek Abbey Stone/Plaza Taupe,EXT-KEEN-UNK-ABTP,Uneek Abbey Stone/Plaza Taupe,CIN7_IMPORT,Keen,Keen,6,3,customs desc; fibre; manufacturer,,,,1,,1,,1,,,CIN7,,NONE,,NONE,NO,fibre; manufacturer,Men Shoes
CONTINUITY,NEW,,,EXT-RTTO-VRTCL-STRP-SCKS-GRN,Vertical Stripe Socks Green,EXT-RTTO-VRTCL-STRP-SCKS-GRN,Vertical Stripe Socks Green,CIN7_IMPORT,Rototo,Rototo,1,3,customs desc; fibre; manufacturer,,,,1,,1,,1,,,CIN7,,CIN7,,NONE,NO,manufacturer,Socks - 100% wool
CONTINUITY,NEW,,,EXT-CMPLB-78LF-BLK,1978 Loafer Black,EXT-CMPLB-78LF-BLK,1978 Loafer Black,CIN7_IMPORT,Camperlab,Camperlab,7,3,customs desc; fibre; manufacturer,,,,1,,1,,1,,,CIN7,,NONE,,NONE,NO,fibre; manufacturer,Men Shoes
CONTINUITY,NEW,,,EXT-BS-BST-CRFT,Boston Suede Carafe Tonal,EXT-BS-BST-CRFT,Boston Suede Carafe Tonal,CIN7_IMPORT,Birkenstock,Birkenstock,4,3,customs desc; fibre; manufacturer,,,,1,,1,,1,,,CIN7,,CIN7,,NONE,NO,manufacturer,Unisex sandals - 100% leather
CONTINUITY,NEW,,,EXT-NOV-GAT-BLK,GAT Black / Transparent,EXT-NOV-GAT-BLK,GAT Black / Transparent,CIN7_IMPORT,Novesta,Novesta,5,3,customs desc; fibre; manufacturer,,,,1,,1,,1,,,CIN7,,NONE,,NONE,NO,fibre; manufacturer,Men Shoes
CONTINUITY,NEW,,,EXT-MZ-MXR-PRS,MXR Pristine/Sailor Blue/Silver,EXT-MZ-MXR-PRS,MXR Pristine/Sailor Blue/Silver,CIN7_IMPORT,Mizuno,Mizuno,1,5,HS code; customs desc; weight; fibre; manufacturer,,,1,1,1,1,,1,,NONE,NONE,NONE,NONE,,NONE,NO,HS code; customs desc; weight; fibre; manufacturer,
CONTINUITY,NEW,,,EXT-RT-DFW-MG,Double Face Merino Wool & Cotton Mid Grey,EXT-RT-DFW-MG,Double Face Merino Wool & Cotton Mid Grey,CIN7_IMPORT,Rototo,Rototo,1,4,HS code; customs desc; fibre; manufacturer,,,1,1,,1,,1,,CIN7,CIN7,,CIN7,,NONE,NO,manufacturer,Socks - 100% wool
CONTINUITY,NEW,,,EXT-BP-BP501EDP30,501 Eau De Parfum,EXT-BP-BP501EDP30,501 Eau De Parfum,CIN7_IMPORT,Bon Parfumeur,Bon Parfumeur,1,3,customs desc; fibre; manufacturer,,,,1,,1,,1,,,CIN7,,NONE,,NONE,NO,fibre; manufacturer,Perfume - Non alcoholic
CONTINUITY,NEW,,,EXT-ABL-APRT6,The Apartment - 6ML,EXT-ABL-APRT6,The Apartment - 6ML,CIN7_IMPORT,Abel,Abel,1,3,customs desc; fibre; manufacturer,,,,1,,1,,1,,,CIN7,,NONE,,NONE,NO,fibre; manufacturer,Perfume - Non alcoholic
CONTINUITY,NEW,,,LIV-BLY-JPN-BL,Bailey Japan Blue,LIV-BLY-JPN-BL,Bailey Japan Blue,CIN7_IMPORT,Livid Men,Livid,6,3,customs desc; fibre; manufacturer,,,,1,,1,,1,,,CIN7,,CIN7,,NONE,NO,manufacturer,Men's jeans - 100% cotton
CONTINUITY,NEW,,,EXT-PNT-5796-bk,Laburnum Black,EXT-PNT-5796-bk,Laburnum Black,CIN7_IMPORT,Pantherella,Pantherella,2,4,HS code; customs desc; fibre; manufacturer,,,1,1,,1,,1,,CIN7,CIN7,,CIN7,,NONE,NO,manufacturer,Socks - 100% wool
CONTINUITY,NEW,,,EXT-HST-BRGV-TN,Bergvik Tan,EXT-HST-BRGV-TN,Bergvik Tan,CIN7_IMPORT,Hestra,Hestra,1,4,HS code; customs desc; fibre; manufacturer,,,1,1,,1,,1,,CIN7,CIN7,,CIN7,,NONE,NO,manufacturer,Leather Gloves
CONTINUITY,NEW,,,EXT-PF-TKWTC,Teakwood and Tobacco 7.2 oz Candle,EXT-PF-TKWTC,Teakwood and Tobacco 7.2 oz Candle,CIN7_IMPORT,P.F. Candle,P.F. Candles,1,4,HS code; customs desc; fibre; manufacturer,,,1,1,,1,,1,,CIN7,CIN7,,NONE,,NONE,NO,fibre; manufacturer,Scent candles
CONTINUITY,NEW,,,EXT-RTTO-CRS-RBBD-OLDSCHL-CRW-BLORNG,Coarse Ribbed Oldschool Crew Blue-Orange,EXT-RTTO-CRS-RBBD-OLDSCHL-CRW-BLORNG,Coarse Ribbed Oldschool Crew Blue-Orange,CIN7_IMPORT,Rototo,Rototo,2,3,customs desc; fibre; manufacturer,,,,1,,1,,1,,,CIN7,,CIN7,,NONE,NO,manufacturer,Socks - 100% wool
CONTINUITY,NEW,,,LIV-ID-SHDW-WSHT,Ida Shadow Washout,LIV-ID-SHDW-WSHT,Ida Shadow Washout,CIN7_IMPORT,Livid Femme,Livid,4,4,customs desc; fibre; origin; manufacturer,,,,1,,1,1,1,,,CIN7,,CIN7,CIN7,NONE,NO,manufacturer,Men's T-Shirt - 100% Cotton
CONTINUITY,NEW,,,EXT-BS-HGWM-CRF,Highwood Moc Lace Suede Carafe,EXT-BS-HGWM-CRF,Highwood Moc Lace Suede Carafe,CIN7_IMPORT,Birkenstock,Birkenstock,6,3,customs desc; fibre; manufacturer,,,,1,,1,,1,,,CIN7,,CIN7,,NONE,NO,manufacturer,Unisex sandals - 100% leather
CONTINUITY,NEW,,,EXT-TRN-TS-W,Transparent Speaker White,EXT-TRN-TS-W,Transparent Speaker White,CIN7_IMPORT,Transparent,Transparent,1,5,HS code; customs desc; fibre; origin; manufacturer,,,1,1,,1,1,1,,NONE,NONE,,NONE,NONE,NONE,NO,HS code; customs desc; fibre; origin; manufacturer,
CONTINUITY,NEW,,,EXT-DM-CRNR-GMOLV,Cornaro Due Gomma Olive,EXT-DM-CRNR-GMOLV,Cornaro Due Gomma Olive,CIN7_IMPORT,Diemme,Diemme,1,3,customs desc; fibre; manufacturer,,,,1,,1,,1,,,CIN7,,NONE,,NONE,NO,fibre; manufacturer,Men Shoes
CONTINUITY,NEW,,,EXT-PB-CRX-NR,Coraux Lisse Noir,EXT-PB-CRX-NR,Coraux Lisse Noir,CIN7_IMPORT,Paraboot,Paraboot,1,4,customs desc; fibre; origin; manufacturer,,,,1,,1,1,1,,,CIN7,,NONE,CIN7,NONE,NO,fibre; manufacturer,Men Shoes
CONTINUITY,NEW,,,VN-ONLN-13201,L.L. Bean Short Sleeve Shirt (XL),VN-ONLN-13201,L.L. Bean Short Sleeve Shirt (XL),CIN7_IMPORT,Vintage,Vintage,1,3,customs desc; fibre; manufacturer,,,,1,,1,,1,,,CIN7,,NONE,,NONE,NO,fibre; manufacturer,Used Vintage garment
CONTINUITY,NEW,,,LIV-Lou-T-W,Lou Trunk White,LIV-Lou-T-W,Lou Trunk White,CIN7_IMPORT,Livid Men,Livid,1,3,customs desc; fibre; manufacturer,,,,1,,1,,1,,,CIN7,,CIN7,,NONE,NO,manufacturer,Men's Shorts - 100% Cotton
CONTINUITY,NEW,,,EXT-PF-GLDCST,Golden Coast 7.2 oz Candle,EXT-PF-GLDCST,Golden Coast 7.2 oz Candle,CIN7_IMPORT,P.F. Candle,P.F. Candles,1,4,HS code; customs desc; fibre; manufacturer,,,1,1,,1,,1,,CIN7,CIN7,,NONE,,NONE,NO,fibre; manufacturer,Scent candles
CONTINUITY,NEW,,,LIV-JN-TRSR-JPN-STN,Jone Trouser Japan Stone,LIV-JN-TRSR-JPN-STN,Jone Trouser Japan Stone,CIN7_IMPORT,Livid Men,Livid,8,3,customs desc; fibre; manufacturer,,,,1,,1,,1,,,CIN7,,CIN7,,NONE,NO,manufacturer,Men's trouser - 100% cotton
CONTINUITY,NEW,,,EXT-ZP-1925,Crème 1925 Light Brown,EXT-ZP-1925,Crème 1925 Light Brown,CIN7_IMPORT,Saphir,Saphir,4,5,HS code; customs desc; fibre; origin; manufacturer,,,1,1,,1,1,1,,CIN7,CIN7,,NONE,NONE,NONE,NO,fibre; origin; manufacturer,Shoe cream
CONTINUITY,NEW,,,EXT-HST-14210-300,Elisabeth Natural grey,EXT-HST-14210-300,Elisabeth Natural grey,CIN7_IMPORT,Hestra,Hestra,1,4,HS code; customs desc; fibre; manufacturer,,,1,1,,1,,1,,CIN7,CIN7,,CIN7,,NONE,NO,manufacturer,Leather Gloves
CONTINUITY,NEW,,,VN-ONLN-11439,90's Russell Athletics Hoodie (XL),VN-ONLN-11439,90's Russell Athletics Hoodie (XL),CIN7_IMPORT,Vintage,Vintage,1,3,customs desc; fibre; manufacturer,,,,1,,1,,1,,,CIN7,,NONE,,NONE,NO,fibre; manufacturer,Used Vintage garment
CONTINUITY,NEW,,,VN-ONLN-13399,Silver Fleece Scotch College Rugby Shirt (XS),VN-ONLN-13399,Silver Fleece Scotch College Rugby Shirt (XS),CIN7_IMPORT,Vintage,Vintage,1,3,customs desc; fibre; manufacturer,,,,1,,1,,1,,,CIN7,,NONE,,NONE,NO,fibre; manufacturer,Used Vintage garment
CONTINUITY,NEW,,,LIV-ML-VLT-MNSTRP-WSHT,Mila Violet Ministripe Washout,LIV-ML-VLT-MNSTRP-WSHT,Mila Violet Ministripe Washout,CIN7_IMPORT,Livid Femme,Livid,3,4,customs desc; fibre; origin; manufacturer,,,,1,,1,1,1,,,CIN7,,CIN7,CIN7,NONE,NO,manufacturer,Men's T-Shirt - 100% Cotton
CONTINUITY,NEW,,,EXT-LJH-FFC,15 The Fun Fair of Les Tuileries Candle,EXT-LJH-FFC,15 The Fun Fair of Les Tuileries Candle,CIN7_IMPORT,Lola James Harper,Lola James Harper,1,4,HS code; customs desc; fibre; manufacturer,,,1,1,,1,,1,,CIN7,CIN7,,NONE,,NONE,NO,fibre; manufacturer,Perfume - Non alcoholic
CONTINUITY,NEW,,,VN-ONLN-11388,Vintage Rugby Shirt (XL),VN-ONLN-11388,Vintage Rugby Shirt (XL),CIN7_IMPORT,Vintage,Vintage,1,3,customs desc; fibre; manufacturer,,,,1,,1,,1,,,CIN7,,NONE,,NONE,NO,fibre; manufacturer,Used Vintage garment
CONTINUITY,NEW,,,EXT-PNT-YS1025NV,Thornham FW25 Navy Fleck,EXT-PNT-YS1025NV,Thornham FW25 Navy Fleck,CIN7_IMPORT,Pantherella,Pantherella,1,3,customs desc; fibre; manufacturer,,,,1,,1,,1,,,CIN7,,CIN7,,NONE,NO,manufacturer,Socks - 100% wool
CONTINUITY,NEW,,,EXT-SNV-PR1,Pur 01,EXT-SNV-PR1,Pur 01,CIN7_IMPORT,Son Venin,Son Venin,1,3,customs desc; fibre; manufacturer,,,,1,,1,,1,,,CIN7,,NONE,,NONE,NO,fibre; manufacturer,Perfume - Non alcoholic
CONTINUITY,NEW,,,EXT-BP-BP001CI30,001 Cologne Intense,EXT-BP-BP001CI30,001 Cologne Intense,CIN7_IMPORT,Bon Parfumeur,Bon Parfumeur,1,3,customs desc; fibre; manufacturer,,,,1,,1,,1,,,CIN7,,NONE,,NONE,NO,fibre; manufacturer,Perfume - Non alcoholic
CONTINUITY,NEW,,,VN-ONLN-13045,Carhartt Worker Shirt (M),VN-ONLN-13045,Carhartt Worker Shirt (M),CIN7_IMPORT,Vintage,Vintage,1,3,customs desc; fibre; manufacturer,,,,1,,1,,1,,,CIN7,,NONE,,NONE,NO,fibre; manufacturer,Used Vintage garment
CONTINUITY,NEW,,,VN-ONLN-12245,Carhartt Flannel Shirt (2XL),VN-ONLN-12245,Carhartt Flannel Shirt (2XL),CIN7_IMPORT,Vintage,Vintage,1,3,customs desc; fibre; manufacturer,,,,1,,1,,1,,,CIN7,,NONE,,NONE,NO,fibre; manufacturer,Used Vintage garment
CONTINUITY,NEW,,,EXT-RT-DFW-CO,Double Face Merino Wool & Cotton Oatmeal,EXT-RT-DFW-CO,Double Face Merino Wool & Cotton Oatmeal,CIN7_IMPORT,Rototo,Rototo,3,4,HS code; customs desc; fibre; manufacturer,,,1,1,,1,,1,,CIN7,CIN7,,CIN7,,NONE,NO,manufacturer,Socks - 100% wool
CONTINUITY,NEW,,,EXT-RTTO-CRS-RBBD-OLDSCHL-CRW-GRNCHRCL,Coarse Ribbed Oldschool Crew Green-Charcoal,EXT-RTTO-CRS-RBBD-OLDSCHL-CRW-GRNCHRCL,Coarse Ribbed Oldschool Crew Green-Charcoal,CIN7_IMPORT,Rototo,Rototo,2,3,customs desc; fibre; manufacturer,,,,1,,1,,1,,,CIN7,,CIN7,,NONE,NO,manufacturer,Socks - 100% wool
CONTINUITY,NEW,,,LIV-TIM-GRN-BND,Tim Green Bonded,LIV-TIM-GRN-BND,Tim Green Bonded,CIN7_IMPORT,Livid Unisex,Livid,3,3,customs desc; fibre; manufacturer,,,,1,,1,,1,,,CIN7,,CIN7,,NONE,NO,manufacturer,Men's Shirt - 100% cotton
CONTINUITY,NEW,,,LIV-FY-JPN-ML,Faye Japan Mole,LIV-FY-JPN-ML,Faye Japan Mole,CIN7_IMPORT,Livid Femme,Livid,4,3,customs desc; fibre; manufacturer,,,,1,,1,,1,,,CIN7,,CIN7,,NONE,NO,manufacturer,Men's jeans - 100% cotton
CONTINUITY,NEW,,,LIV-MER-PAP-BON,Merilot Papercrochet Bone,LIV-MER-PAP-BON,Merilot Papercrochet Bone,CIN7_IMPORT,Livid Femme,Livid,3,4,customs desc; fibre; origin; manufacturer,,,,1,,1,1,1,,,CIN7,,CIN7,CIN7,NONE,NO,manufacturer,Men's Sweater - Knitted 100% wiil
CONTINUITY,NEW,,,EXT-HST-KTRN-CRK,Kathryn Cork,EXT-HST-KTRN-CRK,Kathryn Cork,CIN7_IMPORT,Hestra,Hestra,2,4,HS code; customs desc; fibre; manufacturer,,,1,1,,1,,1,,CIN7,CIN7,,CIN7,,NONE,NO,manufacturer,Leather Gloves
CONTINUITY,NEW,,,EXT-PST-WCM,Wool Comb,EXT-PST-WCM,Wool Comb,CIN7_IMPORT,På Stell,På Stell,1,4,HS code; customs desc; fibre; manufacturer,,,1,1,,1,,1,,CIN7,CIN7,,NONE,,NONE,NO,fibre; manufacturer,Perfume - Non alcoholic
CONTINUITY,NEW,,,LIV-LN-GROLVSR,Lin Grey Olive Stripe,LIV-LN-GROLVSR,Lin Grey Olive Stripe,CIN7_IMPORT,Livid Femme,Livid,3,3,customs desc; fibre; manufacturer,,,,1,,1,,1,,,CIN7,,CIN7,,NONE,NO,manufacturer,Women Dress - 100% Cotton
CONTINUITY,NEW,,,VN-ONLN-11121,Jamiaca Jaxx Silk Shirt (M),VN-ONLN-11121,Jamiaca Jaxx Silk Shirt (M),CIN7_IMPORT,Vintage,Vintage,1,3,customs desc; fibre; manufacturer,,,,1,,1,,1,,,CIN7,,NONE,,NONE,NO,fibre; manufacturer,Used Vintage garment
CONTINUITY,NEW,,,VN-ONLN-12640,Silver Lake FD Crewneck  (L),VN-ONLN-12640,Silver Lake FD Crewneck  (L),CIN7_IMPORT,Vintage,Vintage,1,3,customs desc; fibre; manufacturer,,,,1,,1,,1,,,CIN7,,NONE,,NONE,NO,fibre; manufacturer,Used Vintage garment
CONTINUITY,NEW,,,VN-ONLN-12967,1999 Looney Tunes Baseball Tee (2XL),VN-ONLN-12967,1999 Looney Tunes Baseball Tee (2XL),CIN7_IMPORT,Vintage,Vintage,1,3,customs desc; fibre; manufacturer,,,,1,,1,,1,,,CIN7,,NONE,,NONE,NO,fibre; manufacturer,Used Vintage garment
CONTINUITY,NEW,,,LIV-Simmons-O,Simmons Orchid Hush,LIV-Simmons-O,Simmons Orchid Hush,CIN7_IMPORT,Livid Men,Livid,2,3,customs desc; fibre; manufacturer,,,,1,,1,,1,,,CIN7,,CIN7,,NONE,NO,manufacturer,Men's T-Shirt - 100% Cotton
CONTINUITY,NEW,,,EXT-STM,Pilo No. 2 Fabric Shaver Charcoal,EXT-STM,Pilo No. 2 Fabric Shaver Charcoal,CIN7_IMPORT,Steamery,Steamery,3,5,HS code; customs desc; fibre; origin; manufacturer,,,1,1,,1,1,1,,NONE,CIN7,,NONE,NONE,NONE,NO,HS code; fibre; origin; manufacturer,
CONTINUITY,NEW,,,VN-ONLN-12883,Marlboro Classics Striped Shirt (XL),VN-ONLN-12883,Marlboro Classics Striped Shirt (XL),CIN7_IMPORT,Vintage,Vintage,1,3,customs desc; fibre; manufacturer,,,,1,,1,,1,,,CIN7,,NONE,,NONE,NO,fibre; manufacturer,Used Vintage garment
CONTINUITY,NEW,,,LIV-BRS-TEE-BLU,Brass Tee Blue Clerk Check,LIV-BRS-TEE-BLU,Brass Tee Blue Clerk Check,CIN7_IMPORT,Livid Unisex,Livid,2,3,customs desc; fibre; manufacturer,,,,1,,1,,1,,,CIN7,,CIN7,,NONE,NO,manufacturer,Men's Shirt - 100% cotton
CONTINUITY,NEW,,,EXT-SNV-3007,3007,EXT-SNV-3007,3007,CIN7_IMPORT,Son Venin,Son Venin,1,3,customs desc; fibre; manufacturer,,,,1,,1,,1,,,CIN7,,NONE,,NONE,NO,fibre; manufacturer,Perfume - Non alcoholic
CONTINUITY,NEW,,,EXT-ZP-PB,Polishing brush white bristles,EXT-ZP-PB,Polishing brush white bristles,CIN7_IMPORT,Saphir,Saphir,2,5,HS code; customs desc; fibre; origin; manufacturer,,,1,1,,1,1,1,,CIN7,CIN7,,NONE,NONE,NONE,NO,fibre; origin; manufacturer,Shoe cream
CONTINUITY,NEW,,,VN-ONLN-12908,Ralph Lauren Feather Weight Twill Shirt (L),VN-ONLN-12908,Ralph Lauren Feather Weight Twill Shirt (L),CIN7_IMPORT,Vintage,Vintage,1,3,customs desc; fibre; manufacturer,,,,1,,1,,1,,,CIN7,,NONE,,NONE,NO,fibre; manufacturer,Used Vintage garment
CONTINUITY,NEW,,,EXT-BP-BP002CI30,002 Cologne Intense,EXT-BP-BP002CI30,002 Cologne Intense,CIN7_IMPORT,Bon Parfumeur,Bon Parfumeur,1,3,customs desc; fibre; manufacturer,,,,1,,1,,1,,,CIN7,,NONE,,NONE,NO,fibre; manufacturer,Perfume - Non alcoholic
CONTINUITY,NEW,,,EXT-NRD-002-KNGW,002 W Kanagawa 8.5,EXT-NRD-002-KNGW,002 W Kanagawa 8.5,CIN7_IMPORT,Norda,Norda,3,3,customs desc; fibre; manufacturer,,,,1,,1,,1,,,CIN7,,NONE,,NONE,NO,fibre; manufacturer,Men Shoes
CONTINUITY,NEW,,,EXT-FRM-HRHL,Herbarium Hand Lotion 375 ml,EXT-FRM-HRHL,Herbarium Hand Lotion 375 ml,CIN7_IMPORT,Frama,Frama,1,3,customs desc; fibre; manufacturer,,,,1,,1,,1,,,CIN7,,NONE,,NONE,NO,fibre; manufacturer,Perfume - Non alcoholic
CONTINUITY,NEW,,,EXT-BP-BP106EDP30,106 Eau de Parfum,EXT-BP-BP106EDP30,106 Eau de Parfum,CIN7_IMPORT,Bon Parfumeur,Bon Parfumeur,1,3,customs desc; fibre; manufacturer,,,,1,,1,,1,,,CIN7,,NONE,,NONE,NO,fibre; manufacturer,Perfume - Non alcoholic
CONTINUITY,NEW,,,EXT-PB-BRC-NR,Briac Lisse Noir,EXT-PB-BRC-NR,Briac Lisse Noir,CIN7_IMPORT,Paraboot,Paraboot,1,3,customs desc; fibre; manufacturer,,,,1,,1,,1,,,CIN7,,NONE,,NONE,NO,fibre; manufacturer,Men Shoes
CONTINUITY,NEW,,,VN-ONLN-9471,seattle seahawks hoodie (L),VN-ONLN-9471,seattle seahawks hoodie (L),CIN7_IMPORT,Vintage,Vintage,1,3,customs desc; fibre; manufacturer,,,,1,,1,,1,,,CIN7,,NONE,,NONE,NO,fibre; manufacturer,Used Vintage garment
CONTINUITY,NEW,,,VN-ONLN-13406,Margaritaville Tee (L),VN-ONLN-13406,Margaritaville Tee (L),CIN7_IMPORT,Vintage,Vintage,1,3,customs desc; fibre; manufacturer,,,,1,,1,,1,,,CIN7,,NONE,,NONE,NO,fibre; manufacturer,Used Vintage garment
CONTINUITY,NEW,,,LIV-JN-TRSR-JPN-OLV,Jone Trouser Japan Olive,LIV-JN-TRSR-JPN-OLV,Jone Trouser Japan Olive,CIN7_IMPORT,Livid Men,Livid,4,3,customs desc; fibre; manufacturer,,,,1,,1,,1,,,CIN7,,CIN7,,NONE,NO,manufacturer,Men's trouser - 100% cotton
CONTINUITY,NEW,,,EXT-NULL-INN,Norsk Ullsåle - Innmark,EXT-NULL-INN,Norsk Ullsåle - Innmark,CIN7_IMPORT,Norsk Ullsåle,Norsk Ullsåle,2,4,HS code; customs desc; fibre; manufacturer,,,1,1,,1,,1,,CIN7,CIN7,,NONE,,NONE,NO,fibre; manufacturer,Men Shoes
CONTINUITY,NEW,,,EXT-STM-LNTBRS-Beige,Lint Brush Sand OS-,EXT-STM-LNTBRS-Beige,Lint Brush Sand OS-,CIN7_IMPORT,Steamery,Steamery,1,5,HS code; customs desc; fibre; origin; manufacturer,,,1,1,,1,1,1,,NONE,CIN7,,NONE,NONE,NONE,NO,HS code; fibre; origin; manufacturer,
CONTINUITY,NEW,,,VN-ONLN-12794,Ralph Lauren Denim Shirt (XL),VN-ONLN-12794,Ralph Lauren Denim Shirt (XL),CIN7_IMPORT,Vintage,Vintage,1,3,customs desc; fibre; manufacturer,,,,1,,1,,1,,,CIN7,,NONE,,NONE,NO,fibre; manufacturer,Used Vintage garment
CONTINUITY,NEW,,,LIV-NLDR-BK,Nel Black,LIV-NLDR-BK,Nel Black,CIN7_IMPORT,Livid Femme,Livid,3,3,customs desc; fibre; manufacturer,,,,1,,1,,1,,,CIN7,,CIN7,,NONE,NO,manufacturer,Women Dress - 100% Cotton
CONTINUITY,NEW,,,EXT-PF-RDFS,Amber and Moss Reed Diffuser,EXT-PF-RDFS,Amber and Moss Reed Diffuser,CIN7_IMPORT,P.F. Candle,P.F. Candles,2,4,HS code; customs desc; fibre; manufacturer,,,1,1,,1,,1,,CIN7,CIN7,,NONE,,NONE,NO,fibre; manufacturer,Scent candles
CONTINUITY,NEW,,,EXT-BP-CLG-003,003 Cologne Intense,EXT-BP-CLG-003,003 Cologne Intense,CIN7_IMPORT,Bon Parfumeur,Bon Parfumeur,1,3,customs desc; fibre; manufacturer,,,,1,,1,,1,,,CIN7,,NONE,,NONE,NO,fibre; manufacturer,Perfume - Non alcoholic
CONTINUITY,NEW,,,EXT-PF-22,p.f. candle no.22 Mojave 7.2 Oz,EXT-PF-22,p.f. candle no.22 Mojave 7.2 Oz,CIN7_IMPORT,P.F. Candle,P.F. Candles,1,4,HS code; customs desc; fibre; manufacturer,,,1,1,,1,,1,,CIN7,CIN7,,NONE,,NONE,NO,fibre; manufacturer,Scent candles
CONTINUITY,NEW,,,LIV-NKK-JV-LNN,Nikka Java Linen,LIV-NKK-JV-LNN,Nikka Java Linen,CIN7_IMPORT,Livid Femme,Livid,1,3,customs desc; fibre; manufacturer,,,,1,,1,,1,,,CIN7,,CIN7,,NONE,NO,manufacturer,Men's Shirt - 100% cotton
CONTINUITY,NEW,,,VN-ONLN-11510,Vintage Corduroy Shirt (L),VN-ONLN-11510,Vintage Corduroy Shirt (L),CIN7_IMPORT,Vintage,Vintage,1,3,customs desc; fibre; manufacturer,,,,1,,1,,1,,,CIN7,,NONE,,NONE,NO,fibre; manufacturer,Used Vintage garment
CONTINUITY,NEW,,,VN-ONLN-9490,Italian multiknit sweater (M),VN-ONLN-9490,Italian multiknit sweater (M),CIN7_IMPORT,Vintage,Vintage,1,3,customs desc; fibre; manufacturer,,,,1,,1,,1,,,CIN7,,NONE,,NONE,NO,fibre; manufacturer,Used Vintage garment
CONTINUITY,NEW,,,VN-ONLN-12509,Burberry Womens Brit Button Up Shirt Dress (S),VN-ONLN-12509,Burberry Womens Brit Button Up Shirt Dress (S),CIN7_IMPORT,Vintage,Vintage,1,3,customs desc; fibre; manufacturer,,,,1,,1,,1,,,CIN7,,NONE,,NONE,NO,fibre; manufacturer,Used Vintage garment
CONTINUITY,NEW,,,VN-ONLN-9988,Champion Reverse Weave Sweatshirt (S),VN-ONLN-9988,Champion Reverse Weave Sweatshirt (S),CIN7_IMPORT,Vintage,Vintage,1,3,customs desc; fibre; manufacturer,,,,1,,1,,1,,,CIN7,,NONE,,NONE,NO,fibre; manufacturer,Used Vintage garment
CONTINUITY,NEW,,,VN-ONLN-13256,Tommy Bahama Silk Shirt (M),VN-ONLN-13256,Tommy Bahama Silk Shirt (M),CIN7_IMPORT,Vintage,Vintage,1,3,customs desc; fibre; manufacturer,,,,1,,1,,1,,,CIN7,,NONE,,NONE,NO,fibre; manufacturer,Used Vintage garment
CONTINUITY,NEW,,,VN-ONLN-11570,L.L. Bean Shirt (S),VN-ONLN-11570,L.L. Bean Shirt (S),CIN7_IMPORT,Vintage,Vintage,1,3,customs desc; fibre; manufacturer,,,,1,,1,,1,,,CIN7,,NONE,,NONE,NO,fibre; manufacturer,Used Vintage garment
CONTINUITY,NEW,,,VN-ONLN-11134,Silk Resort Shirt (L),VN-ONLN-11134,Silk Resort Shirt (L),CIN7_IMPORT,Vintage,Vintage,1,3,customs desc; fibre; manufacturer,,,,1,,1,,1,,,CIN7,,NONE,,NONE,NO,fibre; manufacturer,Used Vintage garment
CONTINUITY,NEW,,,VN-ONLN-13583,Timberland Heavyweight Flannel Shirt (XL),VN-ONLN-13583,Timberland Heavyweight Flannel Shirt (XL),CIN7_IMPORT,Vintage,Vintage,1,3,customs desc; fibre; manufacturer,,,,1,,1,,1,,,CIN7,,NONE,,NONE,NO,fibre; manufacturer,Used Vintage garment
CONTINUITY,NEW,,,VN-ONLN-13096,Barbour x White Mountaineering Denim Shirt (L),VN-ONLN-13096,Barbour x White Mountaineering Denim Shirt (L),CIN7_IMPORT,Vintage,Vintage,1,3,customs desc; fibre; manufacturer,,,,1,,1,,1,,,CIN7,,NONE,,NONE,NO,fibre; manufacturer,Used Vintage garment
CONTINUITY,NEW,,,EXT-PNT-CLLM-NV,Callum Navy,EXT-PNT-CLLM-NV,Callum Navy,CIN7_IMPORT,Pantherella,Pantherella,1,4,customs desc; fibre; origin; manufacturer,,,,1,,1,1,1,,,CIN7,,CIN7,CIN7,NONE,NO,manufacturer,Socks - 100% wool
CONTINUITY,NEW,,,VN-ONLN-10823,Giorgio Armani Alitalia Uniform Shirt (S),VN-ONLN-10823,Giorgio Armani Alitalia Uniform Shirt (S),CIN7_IMPORT,Vintage,Vintage,1,3,customs desc; fibre; manufacturer,,,,1,,1,,1,,,CIN7,,NONE,,NONE,NO,fibre; manufacturer,Used Vintage garment
CONTINUITY,NEW,,,VN-ONLN-12762,Champion Logo Sweatshirt (M),VN-ONLN-12762,Champion Logo Sweatshirt (M),CIN7_IMPORT,Vintage,Vintage,1,3,customs desc; fibre; manufacturer,,,,1,,1,,1,,,CIN7,,NONE,,NONE,NO,fibre; manufacturer,Used Vintage garment
CONTINUITY,NEW,,,VN-ONLN-9530,80's Marlboro Classics sweater (XL),VN-ONLN-9530,80's Marlboro Classics sweater (XL),CIN7_IMPORT,Vintage,Vintage,1,3,customs desc; fibre; manufacturer,,,,1,,1,,1,,,CIN7,,NONE,,NONE,NO,fibre; manufacturer,Used Vintage garment
CONTINUITY,NEW,,,VN-ONLN-13295,Caribbean Silk Shirt (XL),VN-ONLN-13295,Caribbean Silk Shirt (XL),CIN7_IMPORT,Vintage,Vintage,1,3,customs desc; fibre; manufacturer,,,,1,,1,,1,,,CIN7,,NONE,,NONE,NO,fibre; manufacturer,Used Vintage garment
CONTINUITY,NEW,,,VN-ONLN-10895,Diesel Tee (L),VN-ONLN-10895,Diesel Tee (L),CIN7_IMPORT,Vintage,Vintage,1,3,customs desc; fibre; manufacturer,,,,1,,1,,1,,,CIN7,,NONE,,NONE,NO,fibre; manufacturer,Used Vintage garment
CONTINUITY,NEW,,,LIV-ODT-WH,Odette White,LIV-ODT-WH,Odette White,CIN7_IMPORT,Livid Femme,Livid,4,3,customs desc; fibre; manufacturer,,,,1,,1,,1,,,CIN7,,CIN7,,NONE,NO,manufacturer,Women Dress - 100% Cotton
CONTINUITY,NEW,,,VN-ONLN-13465,San Francisco 49ers Tee (XL),VN-ONLN-13465,San Francisco 49ers Tee (XL),CIN7_IMPORT,Vintage,Vintage,1,3,customs desc; fibre; manufacturer,,,,1,,1,,1,,,CIN7,,NONE,,NONE,NO,fibre; manufacturer,Used Vintage garment
CONTINUITY,NEW,,,VN-ONLN-11546,90's Nautica Quarter Zip (S),VN-ONLN-11546,90's Nautica Quarter Zip (S),CIN7_IMPORT,Vintage,Vintage,1,3,customs desc; fibre; manufacturer,,,,1,,1,,1,,,CIN7,,NONE,,NONE,NO,fibre; manufacturer,Used Vintage garment
CONTINUITY,NEW,,,VN-ONLN-10191,Tommy Hilfiger Quarter zip (L),VN-ONLN-10191,Tommy Hilfiger Quarter zip (L),CIN7_IMPORT,Vintage,Vintage,1,3,customs desc; fibre; manufacturer,,,,1,,1,,1,,,CIN7,,NONE,,NONE,NO,fibre; manufacturer,Used Vintage garment
CONTINUITY,NEW,,,VN-ONLN-11839,Brooks Brothers Shirt (L),VN-ONLN-11839,Brooks Brothers Shirt (L),CIN7_IMPORT,Vintage,Vintage,1,3,customs desc; fibre; manufacturer,,,,1,,1,,1,,,CIN7,,NONE,,NONE,NO,fibre; manufacturer,Used Vintage garment
CONTINUITY,NEW,,,VN-ONLN,Polo Ralph Lauren Shirt (S),VN-ONLN,Polo Ralph Lauren Shirt (S),CIN7_IMPORT,Vintage,Vintage,113,5,HS code; customs desc; fibre; origin; manufacturer,,,1,1,,1,1,1,,NONE,CIN7,,NONE,CIN7,NONE,NO,HS code; fibre; manufacturer,Used Vintage garment
CONTINUITY,NEW,,,VN-ONLN-11043,90's Boy Scout Shirt (L),VN-ONLN-11043,90's Boy Scout Shirt (L),CIN7_IMPORT,Vintage,Vintage,1,3,customs desc; fibre; manufacturer,,,,1,,1,,1,,,CIN7,,NONE,,NONE,NO,fibre; manufacturer,Used Vintage garment
CONTINUITY,NEW,,,LIV-STN-RD-CHCK-LS,Stone Red Check Loose,LIV-STN-RD-CHCK-LS,Stone Red Check Loose,CIN7_IMPORT,Livid Men,Livid,2,3,customs desc; fibre; manufacturer,,,,1,,1,,1,,,CIN7,,CIN7,,NONE,NO,manufacturer,Men's Shirt - 100% cotton
CONTINUITY,NEW,,,VN-ONLN-10995,Dior Sunglasses (OneSize),VN-ONLN-10995,Dior Sunglasses (OneSize),CIN7_IMPORT,Vintage,Vintage,1,3,customs desc; fibre; manufacturer,,,,1,,1,,1,,,CIN7,,NONE,,NONE,NO,fibre; manufacturer,Used Vintage garment
CONTINUITY,NEW,,,VN-ONLN-13297,Women's Caribbean Shirt (3XL),VN-ONLN-13297,Women's Caribbean Shirt (3XL),CIN7_IMPORT,Vintage,Vintage,1,3,customs desc; fibre; manufacturer,,,,1,,1,,1,,,CIN7,,NONE,,NONE,NO,fibre; manufacturer,Used Vintage garment
CONTINUITY,NEW,,,VN-ONLN-11441,90's College Sweat (XL),VN-ONLN-11441,90's College Sweat (XL),CIN7_IMPORT,Vintage,Vintage,1,3,customs desc; fibre; manufacturer,,,,1,,1,,1,,,CIN7,,NONE,,NONE,NO,fibre; manufacturer,Used Vintage garment
CONTINUITY,NEW,,,VN-ONLN-12984,JCPenney USA Olympics Sweatshirt (XL),VN-ONLN-12984,JCPenney USA Olympics Sweatshirt (XL),CIN7_IMPORT,Vintage,Vintage,1,3,customs desc; fibre; manufacturer,,,,1,,1,,1,,,CIN7,,NONE,,NONE,NO,fibre; manufacturer,Used Vintage garment
CONTINUITY,NEW,,,VN-ONLN-13055,1989 Chicago Cubs Champions Sweatshirt (XL),VN-ONLN-13055,1989 Chicago Cubs Champions Sweatshirt (XL),CIN7_IMPORT,Vintage,Vintage,1,3,customs desc; fibre; manufacturer,,,,1,,1,,1,,,CIN7,,NONE,,NONE,NO,fibre; manufacturer,Used Vintage garment
CONTINUITY,NEW,,,VN-ONLN-13040,FUBU Denim Carpenter Jeans (W29),VN-ONLN-13040,FUBU Denim Carpenter Jeans (W29),CIN7_IMPORT,Vintage,Vintage,1,3,customs desc; fibre; manufacturer,,,,1,,1,,1,,,CIN7,,NONE,,NONE,NO,fibre; manufacturer,Used Vintage garment
CONTINUITY,NEW,,,VN-ONLN-10082,1960's US Army Jungle Jacket (M),VN-ONLN-10082,1960's US Army Jungle Jacket (M),CIN7_IMPORT,Vintage,Vintage,1,3,customs desc; fibre; manufacturer,,,,1,,1,,1,,,CIN7,,NONE,,NONE,NO,fibre; manufacturer,Used Vintage garment
CONTINUITY,NEW,,,VN-ONLN-12766,L.L. Bean Flannel Shirt (M),VN-ONLN-12766,L.L. Bean Flannel Shirt (M),CIN7_IMPORT,Vintage,Vintage,1,3,customs desc; fibre; manufacturer,,,,1,,1,,1,,,CIN7,,NONE,,NONE,NO,fibre; manufacturer,Used Vintage garment
CONTINUITY,NEW,,,VN-ONLN-9648,Calvin Klein Khakis flannel shirt (XL),VN-ONLN-9648,Calvin Klein Khakis flannel shirt (XL),CIN7_IMPORT,Vintage,Vintage,1,3,customs desc; fibre; manufacturer,,,,1,,1,,1,,,CIN7,,NONE,,NONE,NO,fibre; manufacturer,Used Vintage garment
CONTINUITY,NEW,,,VN-ONLN-9137,80's Hollywood YMCA Wildcats sweat (L),VN-ONLN-9137,80's Hollywood YMCA Wildcats sweat (L),CIN7_IMPORT,Vintage,Vintage,1,3,customs desc; fibre; manufacturer,,,,1,,1,,1,,,CIN7,,NONE,,NONE,NO,fibre; manufacturer,Used Vintage garment
CONTINUITY,NEW,,,VN-ONLN-11355,Tommy Hilfilger Shirt (S),VN-ONLN-11355,Tommy Hilfilger Shirt (S),CIN7_IMPORT,Vintage,Vintage,1,3,customs desc; fibre; manufacturer,,,,1,,1,,1,,,CIN7,,NONE,,NONE,NO,fibre; manufacturer,Used Vintage garment
CONTINUITY,NEW,,,EXT-RT-MRST-NVY,Merino Lambs Wool Stripe Socks Maroon/Navy Blue,EXT-RT-MRST-NVY,Merino Lambs Wool Stripe Socks Maroon/Navy Blue,CIN7_IMPORT,Rototo,Rototo,2,4,HS code; customs desc; fibre; manufacturer,,,1,1,,1,,1,,CIN7,CIN7,,CIN7,,NONE,NO,manufacturer,Socks - 100% wool
CONTINUITY,NEW,,,VN-ONLN-13240,Napapjiri Cargo Shorts (W31),VN-ONLN-13240,Napapjiri Cargo Shorts (W31),CIN7_IMPORT,Vintage,Vintage,1,3,customs desc; fibre; manufacturer,,,,1,,1,,1,,,CIN7,,NONE,,NONE,NO,fibre; manufacturer,Used Vintage garment
CONTINUITY,NEW,,,LIV-EV-JPN-INDG-RNS,Evie Japan Indigo Rinse,LIV-EV-JPN-INDG-RNS,Evie Japan Indigo Rinse,CIN7_IMPORT,Livid Femme,Livid,10,3,customs desc; fibre; manufacturer,,,,1,,1,,1,,,CIN7,,CIN7,,NONE,NO,manufacturer,Men's jeans - 100% cotton
CONTINUITY,NEW,,,VN-ONLN-13062,70´s Nike Danish Football Jersey  (XL),VN-ONLN-13062,70´s Nike Danish Football Jersey  (XL),CIN7_IMPORT,Vintage,Vintage,1,3,customs desc; fibre; manufacturer,,,,1,,1,,1,,,CIN7,,NONE,,NONE,NO,fibre; manufacturer,Used Vintage garment
CONTINUITY,NEW,,,VN-ONLN-12101,Issey Miyake Tie (OneSize),VN-ONLN-12101,Issey Miyake Tie (OneSize),CIN7_IMPORT,Vintage,Vintage,1,3,customs desc; fibre; manufacturer,,,,1,,1,,1,,,CIN7,,NONE,,NONE,NO,fibre; manufacturer,Used Vintage garment
CONTINUITY,NEW,,,VN-ONLN-11912,Benetton Wool Overshirt (L),VN-ONLN-11912,Benetton Wool Overshirt (L),CIN7_IMPORT,Vintage,Vintage,1,3,customs desc; fibre; manufacturer,,,,1,,1,,1,,,CIN7,,NONE,,NONE,NO,fibre; manufacturer,Used Vintage garment
CONTINUITY,NEW,,,VN-ONLN-9983,Champion Reverse Weave Sweatshirt (M),VN-ONLN-9983,Champion Reverse Weave Sweatshirt (M),CIN7_IMPORT,Vintage,Vintage,1,3,customs desc; fibre; manufacturer,,,,1,,1,,1,,,CIN7,,NONE,,NONE,NO,fibre; manufacturer,Used Vintage garment
CONTINUITY,NEW,,,VN-ONLN-9832,80's Cardinals Just say no tee (L),VN-ONLN-9832,80's Cardinals Just say no tee (L),CIN7_IMPORT,Vintage,Vintage,1,3,customs desc; fibre; manufacturer,,,,1,,1,,1,,,CIN7,,NONE,,NONE,NO,fibre; manufacturer,Used Vintage garment
CONTINUITY,NEW,,,VN-ONLN-13593,80's Champion Arkansas Tee (XL),VN-ONLN-13593,80's Champion Arkansas Tee (XL),CIN7_IMPORT,Vintage,Vintage,1,3,customs desc; fibre; manufacturer,,,,1,,1,,1,,,CIN7,,NONE,,NONE,NO,fibre; manufacturer,Used Vintage garment
CONTINUITY,NEW,,,VN-ONLN-13172,Kids Polo Ralph Lauren Tennis Dress (L),VN-ONLN-13172,Kids Polo Ralph Lauren Tennis Dress (L),CIN7_IMPORT,Vintage,Vintage,1,3,customs desc; fibre; manufacturer,,,,1,,1,,1,,,CIN7,,NONE,,NONE,NO,fibre; manufacturer,Used Vintage garment
CONTINUITY,NEW,,,VN-ONLN-10332,Tommy Hilfiger shirt (XL),VN-ONLN-10332,Tommy Hilfiger shirt (XL),CIN7_IMPORT,Vintage,Vintage,1,3,customs desc; fibre; manufacturer,,,,1,,1,,1,,,CIN7,,NONE,,NONE,NO,fibre; manufacturer,Used Vintage garment
CONTINUITY,NEW,,,VN-ONLN-10529,80's Bandana (OneSize),VN-ONLN-10529,80's Bandana (OneSize),CIN7_IMPORT,Vintage,Vintage,1,3,customs desc; fibre; manufacturer,,,,1,,1,,1,,,CIN7,,NONE,,NONE,NO,fibre; manufacturer,Used Vintage garment
CONTINUITY,NEW,,,VN-ONLN-13476,Champion Ollie Crewneck (M),VN-ONLN-13476,Champion Ollie Crewneck (M),CIN7_IMPORT,Vintage,Vintage,1,3,customs desc; fibre; manufacturer,,,,1,,1,,1,,,CIN7,,NONE,,NONE,NO,fibre; manufacturer,Used Vintage garment
CONTINUITY,NEW,,,LIV-DN-SHDW,Dune Japan Shadow,LIV-DN-SHDW,Dune Japan Shadow,CIN7_IMPORT,Livid Men,Livid,8,3,customs desc; fibre; manufacturer,,,,1,,1,,1,,,CIN7,,CIN7,,NONE,NO,manufacturer,Men's jeans - 100% cotton
CONTINUITY,NEW,,,VN-ONLN-12304,2-in-1 Workwear Bomber Jacket  (L),VN-ONLN-12304,2-in-1 Workwear Bomber Jacket  (L),CIN7_IMPORT,Vintage,Vintage,1,3,customs desc; fibre; manufacturer,,,,1,,1,,1,,,CIN7,,NONE,,NONE,NO,fibre; manufacturer,Used Vintage garment
CONTINUITY,NEW,,,VN-ONLN-11302,2000 Eastern Championship Sweater (M),VN-ONLN-11302,2000 Eastern Championship Sweater (M),CIN7_IMPORT,Vintage,Vintage,1,3,customs desc; fibre; manufacturer,,,,1,,1,,1,,,CIN7,,NONE,,NONE,NO,fibre; manufacturer,Used Vintage garment
CONTINUITY,NEW,,,VN-ONLN-11557,90's Nautica Quarter Zip (2XL),VN-ONLN-11557,90's Nautica Quarter Zip (2XL),CIN7_IMPORT,Vintage,Vintage,1,3,customs desc; fibre; manufacturer,,,,1,,1,,1,,,CIN7,,NONE,,NONE,NO,fibre; manufacturer,Used Vintage garment
CONTINUITY,NEW,,,VN-ONLN-12515,Burberry Womens Knit Cardigan (M),VN-ONLN-12515,Burberry Womens Knit Cardigan (M),CIN7_IMPORT,Vintage,Vintage,1,3,customs desc; fibre; manufacturer,,,,1,,1,,1,,,CIN7,,NONE,,NONE,NO,fibre; manufacturer,Used Vintage garment
CONTINUITY,NEW,,,VN-ONLN-12851,Adidas Striped Tee (XL),VN-ONLN-12851,Adidas Striped Tee (XL),CIN7_IMPORT,Vintage,Vintage,1,3,customs desc; fibre; manufacturer,,,,1,,1,,1,,,CIN7,,NONE,,NONE,NO,fibre; manufacturer,Used Vintage garment
CONTINUITY,NEW,,,VN-ONLN-12751,Jaquard Wool Knit Sweater (L),VN-ONLN-12751,Jaquard Wool Knit Sweater (L),CIN7_IMPORT,Vintage,Vintage,1,3,customs desc; fibre; manufacturer,,,,1,,1,,1,,,CIN7,,NONE,,NONE,NO,fibre; manufacturer,Used Vintage garment
CONTINUITY,NEW,,,VN-ONLN-9432,90's multiknit sweater (XL),VN-ONLN-9432,90's multiknit sweater (XL),CIN7_IMPORT,Vintage,Vintage,1,3,customs desc; fibre; manufacturer,,,,1,,1,,1,,,CIN7,,NONE,,NONE,NO,fibre; manufacturer,Used Vintage garment
CONTINUITY,NEW,,,VN-ONLN-10910,Diesel Denim Jacket (M),VN-ONLN-10910,Diesel Denim Jacket (M),CIN7_IMPORT,Vintage,Vintage,1,3,customs desc; fibre; manufacturer,,,,1,,1,,1,,,CIN7,,NONE,,NONE,NO,fibre; manufacturer,Used Vintage garment
CONTINUITY,NEW,,,VN-ONLN-12739,Tommy Hilfiger Shirt (2XL),VN-ONLN-12739,Tommy Hilfiger Shirt (2XL),CIN7_IMPORT,Vintage,Vintage,1,3,customs desc; fibre; manufacturer,,,,1,,1,,1,,,CIN7,,NONE,,NONE,NO,fibre; manufacturer,Used Vintage garment
CONTINUITY,NEW,,,VN-ONLN-13176,Lightweight Tennis Polo Jersey  (L),VN-ONLN-13176,Lightweight Tennis Polo Jersey  (L),CIN7_IMPORT,Vintage,Vintage,1,3,customs desc; fibre; manufacturer,,,,1,,1,,1,,,CIN7,,NONE,,NONE,NO,fibre; manufacturer,Used Vintage garment
CONTINUITY,NEW,,,EXT-HST-NOH-BGM,Noah Beige Multi,EXT-HST-NOH-BGM,Noah Beige Multi,CIN7_IMPORT,Hestra,Hestra,2,3,customs desc; fibre; manufacturer,,,,1,,1,,1,,,CIN7,,CIN7,,NONE,NO,manufacturer,Leather Gloves
CONTINUITY,NEW,,,EXT-WLW-OPN-BLK,Open Black,EXT-WLW-OPN-BLK,Open Black,CIN7_IMPORT,Wollow,Wollow,7,4,customs desc; fibre; origin; manufacturer,,,,1,,1,1,1,,,CIN7,,NONE,CIN7,NONE,NO,fibre; manufacturer,Men Shoes
CONTINUITY,NEW,,,LIV-Liz-T,Liz Dress Tulip Squiggle,LIV-Liz-T,Liz Dress Tulip Squiggle,CIN7_IMPORT,Livid Femme,Livid,4,3,customs desc; fibre; manufacturer,,,,1,,1,,1,,,CIN7,,CIN7,,NONE,NO,manufacturer,Women Dress - 100% Cotton
CONTINUITY,NEW,,,VN-ONLN-10110,Y2K Levi's Hello Kitty trucker jacket (S),VN-ONLN-10110,Y2K Levi's Hello Kitty trucker jacket (S),CIN7_IMPORT,Vintage,Vintage,1,3,customs desc; fibre; manufacturer,,,,1,,1,,1,,,CIN7,,NONE,,NONE,NO,fibre; manufacturer,Used Vintage garment
CONTINUITY,NEW,,,EXT-RW-3110-EG-BLK,3110 EG x RW Shop Moc Triple Black,EXT-RW-3110-EG-BLK,3110 EG x RW Shop Moc Triple Black,CIN7_IMPORT,Red Wing,Red Wing,3,3,customs desc; fibre; manufacturer,,,,1,,1,,1,,,CIN7,,NONE,,NONE,NO,fibre; manufacturer,Men Shoes
CONTINUITY,NEW,,,LIV-MRCR-CHRCL-MLNG,Mercer Charcoal Melange,LIV-MRCR-CHRCL-MLNG,Mercer Charcoal Melange,CIN7_IMPORT,Livid Femme,Livid,3,4,customs desc; fibre; origin; manufacturer,,,,1,,1,1,1,,,CIN7,,CIN7,CIN7,NONE,NO,manufacturer,Men's Sweater - Knitted 100% wiil
CONTINUITY,NEW,,,VN-ONLN-13503,Mayan Republic Tee (XL),VN-ONLN-13503,Mayan Republic Tee (XL),CIN7_IMPORT,Vintage,Vintage,1,3,customs desc; fibre; manufacturer,,,,1,,1,,1,,,CIN7,,NONE,,NONE,NO,fibre; manufacturer,Used Vintage garment
CONTINUITY,NEW,,,VN-ONLN-12559,Barbour Flannel Shirt (XL),VN-ONLN-12559,Barbour Flannel Shirt (XL),CIN7_IMPORT,Vintage,Vintage,1,3,customs desc; fibre; manufacturer,,,,1,,1,,1,,,CIN7,,NONE,,NONE,NO,fibre; manufacturer,Used Vintage garment
CONTINUITY,NEW,,,VN-ONLN-13571,L.L. Bean Chamois Cloth Shirt (L),VN-ONLN-13571,L.L. Bean Chamois Cloth Shirt (L),CIN7_IMPORT,Vintage,Vintage,1,3,customs desc; fibre; manufacturer,,,,1,,1,,1,,,CIN7,,NONE,,NONE,NO,fibre; manufacturer,Used Vintage garment
CONTINUITY,NEW,,,VN-ONLN-9151,Carhartt denim jeans (w32),VN-ONLN-9151,Carhartt denim jeans (w32),CIN7_IMPORT,Vintage,Vintage,1,3,customs desc; fibre; manufacturer,,,,1,,1,,1,,,CIN7,,NONE,,NONE,NO,fibre; manufacturer,Used Vintage garment
CONTINUITY,NEW,,,VN-ONLN-11600,Tommy Hilfiger Shirt (M),VN-ONLN-11600,Tommy Hilfiger Shirt (M),CIN7_IMPORT,Vintage,Vintage,1,3,customs desc; fibre; manufacturer,,,,1,,1,,1,,,CIN7,,NONE,,NONE,NO,fibre; manufacturer,Used Vintage garment
CONTINUITY,NEW,,,LIV-NEIL-2PK-GR,Neil Trunk 2-pack Grey Melange,LIV-NEIL-2PK-GR,Neil Trunk 2-pack Grey Melange,CIN7_IMPORT,Livid Men,Livid,2,3,customs desc; fibre; manufacturer,,,,1,,1,,1,,,CIN7,,NONE,,NONE,NO,fibre; manufacturer,500
CONTINUITY,NEW,,,LIV-LR-PPR-YRN-BLCK,Lora Paper yarn Black,LIV-LR-PPR-YRN-BLCK,Lora Paper yarn Black,CIN7_IMPORT,Livid Femme,Livid,3,3,customs desc; fibre; manufacturer,,,,1,,1,,1,,,CIN7,,CIN7,,NONE,NO,manufacturer,Women's Skirt - 100% Cotton
CONTINUITY,NEW,,,LIV-RLY-CHRCL,Riley Charcoal,LIV-RLY-CHRCL,Riley Charcoal,CIN7_IMPORT,Livid Men,Livid,2,3,customs desc; fibre; manufacturer,,,,1,,1,,1,,,CIN7,,CIN7,,NONE,NO,manufacturer,Men's Sweater - Knitted 100% wiil
CONTINUITY,NEW,,,VN-ONLN-13404,1994 California Earthquake Survivor Tee (L),VN-ONLN-13404,1994 California Earthquake Survivor Tee (L),CIN7_IMPORT,Vintage,Vintage,1,3,customs desc; fibre; manufacturer,,,,1,,1,,1,,,CIN7,,NONE,,NONE,NO,fibre; manufacturer,Used Vintage garment
CONTINUITY,NEW,,,VN-ONLN-11006,Dolce & Gabbana Sunglasses (OneSize),VN-ONLN-11006,Dolce & Gabbana Sunglasses (OneSize),CIN7_IMPORT,Vintage,Vintage,1,3,customs desc; fibre; manufacturer,,,,1,,1,,1,,,CIN7,,NONE,,NONE,NO,fibre; manufacturer,Used Vintage garment
CONTINUITY,NEW,,,LIV-FM-LSL-BKFLW,Leslie Black Flower,LIV-FM-LSL-BKFLW,Leslie Black Flower,CIN7_IMPORT,Livid Femme,Livid,4,3,customs desc; fibre; manufacturer,,,,1,,1,,1,,,CIN7,,CIN7,,NONE,NO,manufacturer,Women Dress - 100% Cotton
CONTINUITY,NEW,,,VN-ONLN-11319,Tommy Hilfilger Shirt (XL),VN-ONLN-11319,Tommy Hilfilger Shirt (XL),CIN7_IMPORT,Vintage,Vintage,1,3,customs desc; fibre; manufacturer,,,,1,,1,,1,,,CIN7,,NONE,,NONE,NO,fibre; manufacturer,Used Vintage garment
CONTINUITY,NEW,,,VN-ONLN-13234,Carhartt Crewneck Sweatshirt (L),VN-ONLN-13234,Carhartt Crewneck Sweatshirt (L),CIN7_IMPORT,Vintage,Vintage,1,3,customs desc; fibre; manufacturer,,,,1,,1,,1,,,CIN7,,NONE,,NONE,NO,fibre; manufacturer,Used Vintage garment
CONTINUITY,NEW,,,VN-ONLN-13170,Women's Ralph Lauren Sport Tennis Dress (M),VN-ONLN-13170,Women's Ralph Lauren Sport Tennis Dress (M),CIN7_IMPORT,Vintage,Vintage,1,3,customs desc; fibre; manufacturer,,,,1,,1,,1,,,CIN7,,NONE,,NONE,NO,fibre; manufacturer,Used Vintage garment
CONTINUITY,NEW,,,VN-ONLN-10447,Tommy Bahama Silk Shirt (M) (M),VN-ONLN-10447,Tommy Bahama Silk Shirt (M) (M),CIN7_IMPORT,Vintage,Vintage,1,3,customs desc; fibre; manufacturer,,,,1,,1,,1,,,CIN7,,NONE,,NONE,NO,fibre; manufacturer,Used Vintage garment
CONTINUITY,NEW,,,VN-ONLN-13587,1994 Philadelphia Eagles Tee (XL),VN-ONLN-13587,1994 Philadelphia Eagles Tee (XL),CIN7_IMPORT,Vintage,Vintage,1,3,customs desc; fibre; manufacturer,,,,1,,1,,1,,,CIN7,,NONE,,NONE,NO,fibre; manufacturer,Used Vintage garment
CONTINUITY,NEW,,,VN-ONLN-9403,Tommy Hilfiger Trech coat (S),VN-ONLN-9403,Tommy Hilfiger Trech coat (S),CIN7_IMPORT,Vintage,Vintage,1,3,customs desc; fibre; manufacturer,,,,1,,1,,1,,,CIN7,,NONE,,NONE,NO,fibre; manufacturer,Used Vintage garment
CONTINUITY,NEW,,,VN-ONLN-10809,Vintage Summer Knit (S),VN-ONLN-10809,Vintage Summer Knit (S),CIN7_IMPORT,Vintage,Vintage,1,3,customs desc; fibre; manufacturer,,,,1,,1,,1,,,CIN7,,NONE,,NONE,NO,fibre; manufacturer,Used Vintage garment
CONTINUITY,NEW,,,VN-ONLN-10998,Versace Sunglasses (OneSize),VN-ONLN-10998,Versace Sunglasses (OneSize),CIN7_IMPORT,Vintage,Vintage,1,3,customs desc; fibre; manufacturer,,,,1,,1,,1,,,CIN7,,NONE,,NONE,NO,fibre; manufacturer,Used Vintage garment
CONTINUITY,NEW,,,VN-ONLN-10107,NFL 49ers tee (L),VN-ONLN-10107,NFL 49ers tee (L),CIN7_IMPORT,Vintage,Vintage,1,3,customs desc; fibre; manufacturer,,,,1,,1,,1,,,CIN7,,NONE,,NONE,NO,fibre; manufacturer,Used Vintage garment
CONTINUITY,NEW,,,VN-ONLN-13019,Rabbitohs Rugby Shirt (L),VN-ONLN-13019,Rabbitohs Rugby Shirt (L),CIN7_IMPORT,Vintage,Vintage,1,3,customs desc; fibre; manufacturer,,,,1,,1,,1,,,CIN7,,NONE,,NONE,NO,fibre; manufacturer,Used Vintage garment
CONTINUITY,NEW,,,VN-ONLN-13293,Caribbean Rayon Shirt (S),VN-ONLN-13293,Caribbean Rayon Shirt (S),CIN7_IMPORT,Vintage,Vintage,1,3,customs desc; fibre; manufacturer,,,,1,,1,,1,,,CIN7,,NONE,,NONE,NO,fibre; manufacturer,Used Vintage garment
CONTINUITY,NEW,,,LIV-CSSDY-BLCK-OXFRD,Cassidy Black Oxford,LIV-CSSDY-BLCK-OXFRD,Cassidy Black Oxford,CIN7_IMPORT,Livid Men,Livid,3,3,customs desc; fibre; manufacturer,,,,1,,1,,1,,,CIN7,,CIN7,,NONE,NO,manufacturer,Men's Shirt - 100% cotton
CONTINUITY,NEW,,,VN-ONLN-13137,Polo by Ralph Lauren Shirt (XL),VN-ONLN-13137,Polo by Ralph Lauren Shirt (XL),CIN7_IMPORT,Vintage,Vintage,1,3,customs desc; fibre; manufacturer,,,,1,,1,,1,,,CIN7,,NONE,,NONE,NO,fibre; manufacturer,Used Vintage garment
CONTINUITY,NEW,,,VN-ONLN-11633,Chaps by Ralph Lauren Shirt (XL),VN-ONLN-11633,Chaps by Ralph Lauren Shirt (XL),CIN7_IMPORT,Vintage,Vintage,1,3,customs desc; fibre; manufacturer,,,,1,,1,,1,,,CIN7,,NONE,,NONE,NO,fibre; manufacturer,Used Vintage garment
CONTINUITY,NEW,,,EXT-NOV-SMBLK,Star Master All Black,EXT-NOV-SMBLK,Star Master All Black,CIN7_IMPORT,Novesta,Novesta,3,3,customs desc; fibre; manufacturer,,,,1,,1,,1,,,CIN7,,NONE,,NONE,NO,fibre; manufacturer,Men Shoes
CONTINUITY,NEW,,,VN-ONLN-12945,Armani Silk Tie (OneSize),VN-ONLN-12945,Armani Silk Tie (OneSize),CIN7_IMPORT,Vintage,Vintage,1,3,customs desc; fibre; manufacturer,,,,1,,1,,1,,,CIN7,,NONE,,NONE,NO,fibre; manufacturer,Used Vintage garment
CONTINUITY,NEW,,,VN-ONLN-13166,Women's Tommy Hilfiger Tennis Dress (L),VN-ONLN-13166,Women's Tommy Hilfiger Tennis Dress (L),CIN7_IMPORT,Vintage,Vintage,1,3,customs desc; fibre; manufacturer,,,,1,,1,,1,,,CIN7,,NONE,,NONE,NO,fibre; manufacturer,Used Vintage garment
CONTINUITY,NEW,,,VN-ONLN-13278,Budweiser Buds Tee (XL),VN-ONLN-13278,Budweiser Buds Tee (XL),CIN7_IMPORT,Vintage,Vintage,1,3,customs desc; fibre; manufacturer,,,,1,,1,,1,,,CIN7,,NONE,,NONE,NO,fibre; manufacturer,Used Vintage garment
CONTINUITY,NEW,,,VN-ONLN-12073,Brooks Brothers Regent Shirt (M),VN-ONLN-12073,Brooks Brothers Regent Shirt (M),CIN7_IMPORT,Vintage,Vintage,1,3,customs desc; fibre; manufacturer,,,,1,,1,,1,,,CIN7,,NONE,,NONE,NO,fibre; manufacturer,Used Vintage garment
CONTINUITY,NEW,,,VN-ONLN-13252,Silk Resort Shirt (XL),VN-ONLN-13252,Silk Resort Shirt (XL),CIN7_IMPORT,Vintage,Vintage,1,3,customs desc; fibre; manufacturer,,,,1,,1,,1,,,CIN7,,NONE,,NONE,NO,fibre; manufacturer,Used Vintage garment
CONTINUITY,NEW,,,VN-ONLN-11332,Chaps by Ralph Lauren Shirt (XL),VN-ONLN-11332,Chaps by Ralph Lauren Shirt (XL),CIN7_IMPORT,Vintage,Vintage,1,3,customs desc; fibre; manufacturer,,,,1,,1,,1,,,CIN7,,NONE,,NONE,NO,fibre; manufacturer,Used Vintage garment
CONTINUITY,NEW,,,VN-ONLN-12734,Numbuck Leather Bomber Jacket (L),VN-ONLN-12734,Numbuck Leather Bomber Jacket (L),CIN7_IMPORT,Vintage,Vintage,1,3,customs desc; fibre; manufacturer,,,,1,,1,,1,,,CIN7,,NONE,,NONE,NO,fibre; manufacturer,Used Vintage garment
CONTINUITY,NEW,,,VN-ONLN-10249,Lanvin Sunglasses (OneSize),VN-ONLN-10249,Lanvin Sunglasses (OneSize),CIN7_IMPORT,Vintage,Vintage,1,3,customs desc; fibre; manufacturer,,,,1,,1,,1,,,CIN7,,NONE,,NONE,NO,fibre; manufacturer,Used Vintage garment
CONTINUITY,NEW,,,VN-ONLN-13538,Nautica Quarter Zip Knit (XL),VN-ONLN-13538,Nautica Quarter Zip Knit (XL),CIN7_IMPORT,Vintage,Vintage,1,3,customs desc; fibre; manufacturer,,,,1,,1,,1,,,CIN7,,NONE,,NONE,NO,fibre; manufacturer,Used Vintage garment
CONTINUITY,NEW,,,LIV-KRLN-JV,Keri Linen Java,LIV-KRLN-JV,Keri Linen Java,CIN7_IMPORT,Livid Unisex,Livid,1,3,customs desc; fibre; manufacturer,,,,1,,1,,1,,,CIN7,,CIN7,,NONE,NO,manufacturer,Men's jeans - 100% cotton
CONTINUITY,NEW,,,VN-ONLN-11076,Wrangler Western Shirt (L),VN-ONLN-11076,Wrangler Western Shirt (L),CIN7_IMPORT,Vintage,Vintage,1,3,customs desc; fibre; manufacturer,,,,1,,1,,1,,,CIN7,,NONE,,NONE,NO,fibre; manufacturer,Used Vintage garment
CONTINUITY,NEW,,,VN-ONLN-12881,Polo Ralph Lauren Shirt (L),VN-ONLN-12881,Polo Ralph Lauren Shirt (L),CIN7_IMPORT,Vintage,Vintage,1,3,customs desc; fibre; manufacturer,,,,1,,1,,1,,,CIN7,,NONE,,NONE,NO,fibre; manufacturer,Used Vintage garment
CONTINUITY,NEW,,,VN-ONLN-13206,Ralph Lauren Short Sleeve Shirt (L),VN-ONLN-13206,Ralph Lauren Short Sleeve Shirt (L),CIN7_IMPORT,Vintage,Vintage,1,3,customs desc; fibre; manufacturer,,,,1,,1,,1,,,CIN7,,NONE,,NONE,NO,fibre; manufacturer,Used Vintage garment
CONTINUITY,NEW,,,VN-ONLN-12902,Coogi Style Knit Sweater (XL),VN-ONLN-12902,Coogi Style Knit Sweater (XL),CIN7_IMPORT,Vintage,Vintage,1,3,customs desc; fibre; manufacturer,,,,1,,1,,1,,,CIN7,,NONE,,NONE,NO,fibre; manufacturer,Used Vintage garment
CONTINUITY,NEW,,,VN-ONLN-12936,Pierre Cardin Silk Tie (OneSize),VN-ONLN-12936,Pierre Cardin Silk Tie (OneSize),CIN7_IMPORT,Vintage,Vintage,1,3,customs desc; fibre; manufacturer,,,,1,,1,,1,,,CIN7,,NONE,,NONE,NO,fibre; manufacturer,Used Vintage garment
CONTINUITY,NEW,,,VN-ONLN-10968,Levi's 505 Denim Shorts (W33),VN-ONLN-10968,Levi's 505 Denim Shorts (W33),CIN7_IMPORT,Vintage,Vintage,1,3,customs desc; fibre; manufacturer,,,,1,,1,,1,,,CIN7,,NONE,,NONE,NO,fibre; manufacturer,Used Vintage garment
CONTINUITY,NEW,,,LIV-FM-TK-BKST,Tiki Black Satin,LIV-FM-TK-BKST,Tiki Black Satin,CIN7_IMPORT,Livid Femme,Livid,3,3,customs desc; fibre; manufacturer,,,,1,,1,,1,,,CIN7,,CIN7,,NONE,NO,manufacturer,Men's Shirt - 100% cotton
CONTINUITY,NEW,,,VN-ONLN-13486,Silk Resort Shirt (XL),VN-ONLN-13486,Silk Resort Shirt (XL),CIN7_IMPORT,Vintage,Vintage,1,3,customs desc; fibre; manufacturer,,,,1,,1,,1,,,CIN7,,NONE,,NONE,NO,fibre; manufacturer,Used Vintage garment
CONTINUITY,NEW,,,VN-ONLN-11762,Woolrich Shirt (M),VN-ONLN-11762,Woolrich Shirt (M),CIN7_IMPORT,Vintage,Vintage,1,3,customs desc; fibre; manufacturer,,,,1,,1,,1,,,CIN7,,NONE,,NONE,NO,fibre; manufacturer,Used Vintage garment
CONTINUITY,NEW,,,VN-ONLN-12075,Ralph Lauren Yarmoth Shirt (L),VN-ONLN-12075,Ralph Lauren Yarmoth Shirt (L),CIN7_IMPORT,Vintage,Vintage,1,3,customs desc; fibre; manufacturer,,,,1,,1,,1,,,CIN7,,NONE,,NONE,NO,fibre; manufacturer,Used Vintage garment
CONTINUITY,NEW,,,VN-ONLN-12284,Wool Knit Cardigan (XS),VN-ONLN-12284,Wool Knit Cardigan (XS),CIN7_IMPORT,Vintage,Vintage,1,3,customs desc; fibre; manufacturer,,,,1,,1,,1,,,CIN7,,NONE,,NONE,NO,fibre; manufacturer,Used Vintage garment
CONTINUITY,NEW,,,LIV-NLN-BLCK,Nolan Black,LIV-NLN-BLCK,Nolan Black,CIN7_IMPORT,Livid Men,Livid,3,3,customs desc; fibre; manufacturer,,,,1,,1,,1,,,CIN7,,CIN7,,NONE,NO,manufacturer,Men's Sweater - Knitted 100% wiil
CONTINUITY,NEW,,,VN-ONLN-13105,Napapijri Wool Quarter Zip (XL),VN-ONLN-13105,Napapijri Wool Quarter Zip (XL),CIN7_IMPORT,Vintage,Vintage,1,3,customs desc; fibre; manufacturer,,,,1,,1,,1,,,CIN7,,NONE,,NONE,NO,fibre; manufacturer,Used Vintage garment
CONTINUITY,NEW,,,VN-ONLN-13343,Women's Blouse Shirt (M),VN-ONLN-13343,Women's Blouse Shirt (M),CIN7_IMPORT,Vintage,Vintage,1,3,customs desc; fibre; manufacturer,,,,1,,1,,1,,,CIN7,,NONE,,NONE,NO,fibre; manufacturer,Used Vintage garment
CONTINUITY,NEW,,,VN-ONLN-11091,Plains Western Shirt (S),VN-ONLN-11091,Plains Western Shirt (S),CIN7_IMPORT,Vintage,Vintage,1,3,customs desc; fibre; manufacturer,,,,1,,1,,1,,,CIN7,,NONE,,NONE,NO,fibre; manufacturer,Used Vintage garment
CONTINUITY,NEW,,,VN-ONLN-10172,1998 River Run tee (L),VN-ONLN-10172,1998 River Run tee (L),CIN7_IMPORT,Vintage,Vintage,1,3,customs desc; fibre; manufacturer,,,,1,,1,,1,,,CIN7,,NONE,,NONE,NO,fibre; manufacturer,Used Vintage garment
CONTINUITY,NEW,,,VN-ONLN-12829,Worker Jacket (M),VN-ONLN-12829,Worker Jacket (M),CIN7_IMPORT,Vintage,Vintage,1,3,customs desc; fibre; manufacturer,,,,1,,1,,1,,,CIN7,,NONE,,NONE,NO,fibre; manufacturer,Used Vintage garment
CONTINUITY,NEW,,,VN-ONLN-13468,NASCAR Rusty Tee (M),VN-ONLN-13468,NASCAR Rusty Tee (M),CIN7_IMPORT,Vintage,Vintage,1,3,customs desc; fibre; manufacturer,,,,1,,1,,1,,,CIN7,,NONE,,NONE,NO,fibre; manufacturer,Used Vintage garment
CONTINUITY,NEW,,,VN-ONLN-13193,Jaguar E-Type Racing Rugby Shirt (L),VN-ONLN-13193,Jaguar E-Type Racing Rugby Shirt (L),CIN7_IMPORT,Vintage,Vintage,1,3,customs desc; fibre; manufacturer,,,,1,,1,,1,,,CIN7,,NONE,,NONE,NO,fibre; manufacturer,Used Vintage garment
CONTINUITY,NEW,,,VN-ONLN-9773,Polo Ralph Lauren merino/cashmere cable knit (XS),VN-ONLN-9773,Polo Ralph Lauren merino/cashmere cable knit (XS),CIN7_IMPORT,Vintage,Vintage,1,3,customs desc; fibre; manufacturer,,,,1,,1,,1,,,CIN7,,NONE,,NONE,NO,fibre; manufacturer,Used Vintage garment
CONTINUITY,NEW,,,EXT-DME-DI23SPBLM-X01X021BLK,Balbi Black,EXT-DME-DI23SPBLM-X01X021BLK,Balbi Black,CIN7_IMPORT,Diemme,Diemme,1,4,HS code; customs desc; fibre; manufacturer,,,1,1,,1,,1,,CIN7,CIN7,,NONE,,NONE,NO,fibre; manufacturer,Men Shoes
CONTINUITY,NEW,,,VN-ONLN-12499,Ralph Lauren Striped Shirt (XL),VN-ONLN-12499,Ralph Lauren Striped Shirt (XL),CIN7_IMPORT,Vintage,Vintage,1,3,customs desc; fibre; manufacturer,,,,1,,1,,1,,,CIN7,,NONE,,NONE,NO,fibre; manufacturer,Used Vintage garment
CONTINUITY,NEW,,,VN-ONLN-13449,Timberland Flannel Shirt (XL),VN-ONLN-13449,Timberland Flannel Shirt (XL),CIN7_IMPORT,Vintage,Vintage,1,3,customs desc; fibre; manufacturer,,,,1,,1,,1,,,CIN7,,NONE,,NONE,NO,fibre; manufacturer,Used Vintage garment
CONTINUITY,NEW,,,LIV-DYR-CHRCL,Dyer Charcoal,LIV-DYR-CHRCL,Dyer Charcoal,CIN7_IMPORT,Livid Men,Livid,1,3,customs desc; fibre; manufacturer,,,,1,,1,,1,,,CIN7,,CIN7,,NONE,NO,manufacturer,Men's Sweater - 100% cotton
CONTINUITY,NEW,,,VN-ONLN-13544,Chaps by Ralph Lauren Quarter Zip Knit (S),VN-ONLN-13544,Chaps by Ralph Lauren Quarter Zip Knit (S),CIN7_IMPORT,Vintage,Vintage,1,3,customs desc; fibre; manufacturer,,,,1,,1,,1,,,CIN7,,NONE,,NONE,NO,fibre; manufacturer,Used Vintage garment
CONTINUITY,NEW,,,VN-ONLN-11547,90's Vintage Burlington College Quarter Zip (S),VN-ONLN-11547,90's Vintage Burlington College Quarter Zip (S),CIN7_IMPORT,Vintage,Vintage,1,3,customs desc; fibre; manufacturer,,,,1,,1,,1,,,CIN7,,NONE,,NONE,NO,fibre; manufacturer,Used Vintage garment
CONTINUITY,NEW,,,VN-ONLN-11074,Levi's Western Shirt (M),VN-ONLN-11074,Levi's Western Shirt (M),CIN7_IMPORT,Vintage,Vintage,1,3,customs desc; fibre; manufacturer,,,,1,,1,,1,,,CIN7,,NONE,,NONE,NO,fibre; manufacturer,Used Vintage garment
CONTINUITY,NEW,,,VN-ONLN-13186,Barbarian Rugby Wear Shirt (M),VN-ONLN-13186,Barbarian Rugby Wear Shirt (M),CIN7_IMPORT,Vintage,Vintage,1,3,customs desc; fibre; manufacturer,,,,1,,1,,1,,,CIN7,,NONE,,NONE,NO,fibre; manufacturer,Used Vintage garment
CONTINUITY,NEW,,,VN-ONLN-10472,Nike Tee (XL) (XL),VN-ONLN-10472,Nike Tee (XL) (XL),CIN7_IMPORT,Vintage,Vintage,1,3,customs desc; fibre; manufacturer,,,,1,,1,,1,,,CIN7,,NONE,,NONE,NO,fibre; manufacturer,Used Vintage garment
CONTINUITY,NEW,,,VN-ONLN-10958,80's Adidas Tee (M),VN-ONLN-10958,80's Adidas Tee (M),CIN7_IMPORT,Vintage,Vintage,1,3,customs desc; fibre; manufacturer,,,,1,,1,,1,,,CIN7,,NONE,,NONE,NO,fibre; manufacturer,Used Vintage garment
CONTINUITY,NEW,,,VN-ONLN-9421,1990 Joe Montana SF 49ers tee (XL),VN-ONLN-9421,1990 Joe Montana SF 49ers tee (XL),CIN7_IMPORT,Vintage,Vintage,1,3,customs desc; fibre; manufacturer,,,,1,,1,,1,,,CIN7,,NONE,,NONE,NO,fibre; manufacturer,Used Vintage garment
CONTINUITY,NEW,,,VN-ONLN-13550,Dark Striped Shirt (2XL),VN-ONLN-13550,Dark Striped Shirt (2XL),CIN7_IMPORT,Vintage,Vintage,1,3,customs desc; fibre; manufacturer,,,,1,,1,,1,,,CIN7,,NONE,,NONE,NO,fibre; manufacturer,Used Vintage garment
CONTINUITY,NEW,,,VN-ONLN-10253,Tommy Hilfiger shirt (L),VN-ONLN-10253,Tommy Hilfiger shirt (L),CIN7_IMPORT,Vintage,Vintage,1,3,customs desc; fibre; manufacturer,,,,1,,1,,1,,,CIN7,,NONE,,NONE,NO,fibre; manufacturer,Used Vintage garment
CONTINUITY,NEW,,,VN-ONLN-10220,Versace Sunglasses (OneSize),VN-ONLN-10220,Versace Sunglasses (OneSize),CIN7_IMPORT,Vintage,Vintage,1,3,customs desc; fibre; manufacturer,,,,1,,1,,1,,,CIN7,,NONE,,NONE,NO,fibre; manufacturer,Used Vintage garment
CONTINUITY,NEW,,,VN-ONLN-9745,90's Lucky Luke wool zip overshirt (S),VN-ONLN-9745,90's Lucky Luke wool zip overshirt (S),CIN7_IMPORT,Vintage,Vintage,1,3,customs desc; fibre; manufacturer,,,,1,,1,,1,,,CIN7,,NONE,,NONE,NO,fibre; manufacturer,Used Vintage garment
CONTINUITY,NEW,,,LIV-Iro-S-G,Iro Sage Green,LIV-Iro-S-G,Iro Sage Green,CIN7_IMPORT,Livid Femme,Livid,3,3,customs desc; fibre; manufacturer,,,,1,,1,,1,,,CIN7,,CIN7,,NONE,NO,manufacturer,Men's Sweater - Knitted 100% wiil
CONTINUITY,NEW,,,VN-ONLN-13344,Checkered Blouse Top (M),VN-ONLN-13344,Checkered Blouse Top (M),CIN7_IMPORT,Vintage,Vintage,1,3,customs desc; fibre; manufacturer,,,,1,,1,,1,,,CIN7,,NONE,,NONE,NO,fibre; manufacturer,Used Vintage garment
CONTINUITY,NEW,,,VN-ONLN-12993,Marie Vestkjær Leather Bomber Jacket (XL),VN-ONLN-12993,Marie Vestkjær Leather Bomber Jacket (XL),CIN7_IMPORT,Vintage,Vintage,1,3,customs desc; fibre; manufacturer,,,,1,,1,,1,,,CIN7,,NONE,,NONE,NO,fibre; manufacturer,Used Vintage garment
CONTINUITY,NEW,,,VN-ONLN-13299,Caribbean Rayon Shirt (S),VN-ONLN-13299,Caribbean Rayon Shirt (S),CIN7_IMPORT,Vintage,Vintage,1,3,customs desc; fibre; manufacturer,,,,1,,1,,1,,,CIN7,,NONE,,NONE,NO,fibre; manufacturer,Used Vintage garment
CONTINUITY,NEW,,,VN-ONLN-12724,Silk Resort Shirt (XL),VN-ONLN-12724,Silk Resort Shirt (XL),CIN7_IMPORT,Vintage,Vintage,1,3,customs desc; fibre; manufacturer,,,,1,,1,,1,,,CIN7,,NONE,,NONE,NO,fibre; manufacturer,Used Vintage garment
CONTINUITY,NEW,,,VN-ONLN-13073,Cleveland Browns Tee (M),VN-ONLN-13073,Cleveland Browns Tee (M),CIN7_IMPORT,Vintage,Vintage,1,3,customs desc; fibre; manufacturer,,,,1,,1,,1,,,CIN7,,NONE,,NONE,NO,fibre; manufacturer,Used Vintage garment
CONTINUITY,NEW,,,VN-ONLN-11306,WU Huskies College Sweater (XL),VN-ONLN-11306,WU Huskies College Sweater (XL),CIN7_IMPORT,Vintage,Vintage,1,3,customs desc; fibre; manufacturer,,,,1,,1,,1,,,CIN7,,NONE,,NONE,NO,fibre; manufacturer,Used Vintage garment
CONTINUITY,NEW,,,VN-ONLN-11589,Tommy Hilfiger Shirt (XL),VN-ONLN-11589,Tommy Hilfiger Shirt (XL),CIN7_IMPORT,Vintage,Vintage,1,3,customs desc; fibre; manufacturer,,,,1,,1,,1,,,CIN7,,NONE,,NONE,NO,fibre; manufacturer,Used Vintage garment
CONTINUITY,NEW,,,VN-ONLN-11353,Tommy Hilfilger Shirt (XL),VN-ONLN-11353,Tommy Hilfilger Shirt (XL),CIN7_IMPORT,Vintage,Vintage,1,3,customs desc; fibre; manufacturer,,,,1,,1,,1,,,CIN7,,NONE,,NONE,NO,fibre; manufacturer,Used Vintage garment
CONTINUITY,NEW,,,VN-ONLN-11582,Woolrich Shirt (XL),VN-ONLN-11582,Woolrich Shirt (XL),CIN7_IMPORT,Vintage,Vintage,1,3,customs desc; fibre; manufacturer,,,,1,,1,,1,,,CIN7,,NONE,,NONE,NO,fibre; manufacturer,Used Vintage garment
CONTINUITY,NEW,,,VN-ONLN-12768,L.L. Bean Flannel Shirt (S),VN-ONLN-12768,L.L. Bean Flannel Shirt (S),CIN7_IMPORT,Vintage,Vintage,1,3,customs desc; fibre; manufacturer,,,,1,,1,,1,,,CIN7,,NONE,,NONE,NO,fibre; manufacturer,Used Vintage garment
CONTINUITY,NEW,,,VN-ONLN-10089,Aigle summer seersucker shirt (42),VN-ONLN-10089,Aigle summer seersucker shirt (42),CIN7_IMPORT,Vintage,Vintage,1,3,customs desc; fibre; manufacturer,,,,1,,1,,1,,,CIN7,,NONE,,NONE,NO,fibre; manufacturer,Used Vintage garment
CONTINUITY,NEW,,,VN-ONLN-9514,L.L. Bean flannel Hoody (S),VN-ONLN-9514,L.L. Bean flannel Hoody (S),CIN7_IMPORT,Vintage,Vintage,1,3,customs desc; fibre; manufacturer,,,,1,,1,,1,,,CIN7,,NONE,,NONE,NO,fibre; manufacturer,Used Vintage garment
CONTINUITY,NEW,,,VN-ONLN-13356,"Carhartt ""Simple Pant"" Denim Shorts (W33)",VN-ONLN-13356,"Carhartt ""Simple Pant"" Denim Shorts (W33)",CIN7_IMPORT,Vintage,Vintage,1,3,customs desc; fibre; manufacturer,,,,1,,1,,1,,,CIN7,,NONE,,NONE,NO,fibre; manufacturer,Used Vintage garment
CONTINUITY,NEW,,,VN-ONLN-11619,Polo by Ralph Lauren Shirt (S),VN-ONLN-11619,Polo by Ralph Lauren Shirt (S),CIN7_IMPORT,Vintage,Vintage,1,3,customs desc; fibre; manufacturer,,,,1,,1,,1,,,CIN7,,NONE,,NONE,NO,fibre; manufacturer,Used Vintage garment
CONTINUITY,NEW,,,VN-ONLN-13552,Big Boy Rugby Shirt (2XL),VN-ONLN-13552,Big Boy Rugby Shirt (2XL),CIN7_IMPORT,Vintage,Vintage,1,3,customs desc; fibre; manufacturer,,,,1,,1,,1,,,CIN7,,NONE,,NONE,NO,fibre; manufacturer,Used Vintage garment
CONTINUITY,NEW,,,VN-ONLN-9270,90's Eearthquakes Soccer tee (M),VN-ONLN-9270,90's Eearthquakes Soccer tee (M),CIN7_IMPORT,Vintage,Vintage,1,3,customs desc; fibre; manufacturer,,,,1,,1,,1,,,CIN7,,NONE,,NONE,NO,fibre; manufacturer,Used Vintage garment
CONTINUITY,NEW,,,VN-ONLN-9341,1960's Drexel U Varsity jacket (M),VN-ONLN-9341,1960's Drexel U Varsity jacket (M),CIN7_IMPORT,Vintage,Vintage,1,3,customs desc; fibre; manufacturer,,,,1,,1,,1,,,CIN7,,NONE,,NONE,NO,fibre; manufacturer,Used Vintage garment
CONTINUITY,NEW,,,VN-ONLN-11032,Valentino Body Sweater (M),VN-ONLN-11032,Valentino Body Sweater (M),CIN7_IMPORT,Vintage,Vintage,1,3,customs desc; fibre; manufacturer,,,,1,,1,,1,,,CIN7,,NONE,,NONE,NO,fibre; manufacturer,Used Vintage garment
CONTINUITY,NEW,,,VN-ONLN-9023,1997 Cleveland Indians sweat (L),VN-ONLN-9023,1997 Cleveland Indians sweat (L),CIN7_IMPORT,Vintage,Vintage,1,3,customs desc; fibre; manufacturer,,,,1,,1,,1,,,CIN7,,NONE,,NONE,NO,fibre; manufacturer,Used Vintage garment
CONTINUITY,NEW,,,LIV-HLL-CHRCL-MLNG,Hilal Charcoal Melange,LIV-HLL-CHRCL-MLNG,Hilal Charcoal Melange,CIN7_IMPORT,Livid Men,Livid,1,3,customs desc; fibre; manufacturer,,,,1,,1,,1,,,CIN7,,CIN7,,NONE,NO,manufacturer,Men's Sweater - 100% cotton
CONTINUITY,NEW,,,VN-ONLN-12536,90's Burberry Womens Wool Shirt (M),VN-ONLN-12536,90's Burberry Womens Wool Shirt (M),CIN7_IMPORT,Vintage,Vintage,1,3,customs desc; fibre; manufacturer,,,,1,,1,,1,,,CIN7,,NONE,,NONE,NO,fibre; manufacturer,Used Vintage garment
CONTINUITY,NEW,,,VN-ONLN-11100,Tommy Hilfilger Western Shirt (L),VN-ONLN-11100,Tommy Hilfilger Western Shirt (L),CIN7_IMPORT,Vintage,Vintage,1,3,customs desc; fibre; manufacturer,,,,1,,1,,1,,,CIN7,,NONE,,NONE,NO,fibre; manufacturer,Used Vintage garment
CONTINUITY,NEW,,,VN-ONLN-10401,Tommy Bahama Silk Shirt (XL) (XL),VN-ONLN-10401,Tommy Bahama Silk Shirt (XL) (XL),CIN7_IMPORT,Vintage,Vintage,1,3,customs desc; fibre; manufacturer,,,,1,,1,,1,,,CIN7,,NONE,,NONE,NO,fibre; manufacturer,Used Vintage garment
CONTINUITY,NEW,,,VN-ONLN-10092,NY Giants Longsleeve (L),VN-ONLN-10092,NY Giants Longsleeve (L),CIN7_IMPORT,Vintage,Vintage,1,3,customs desc; fibre; manufacturer,,,,1,,1,,1,,,CIN7,,NONE,,NONE,NO,fibre; manufacturer,Used Vintage garment
CONTINUITY,NEW,,,VN-ONLN-11077,Lee Western Shirt (M),VN-ONLN-11077,Lee Western Shirt (M),CIN7_IMPORT,Vintage,Vintage,1,3,customs desc; fibre; manufacturer,,,,1,,1,,1,,,CIN7,,NONE,,NONE,NO,fibre; manufacturer,Used Vintage garment
CONTINUITY,NEW,,,VN-ONLN-11651,Traditional Knit Cardigan (XS),VN-ONLN-11651,Traditional Knit Cardigan (XS),CIN7_IMPORT,Vintage,Vintage,1,3,customs desc; fibre; manufacturer,,,,1,,1,,1,,,CIN7,,NONE,,NONE,NO,fibre; manufacturer,Used Vintage garment
CONTINUITY,NEW,,,VN-ONLN-10429,Caribbean Silk Shirt (S) (S),VN-ONLN-10429,Caribbean Silk Shirt (S) (S),CIN7_IMPORT,Vintage,Vintage,1,3,customs desc; fibre; manufacturer,,,,1,,1,,1,,,CIN7,,NONE,,NONE,NO,fibre; manufacturer,Used Vintage garment
CONTINUITY,NEW,,,VN-ONLN-13590,"Auburn University ""War Eagle"" Tee (M)",VN-ONLN-13590,"Auburn University ""War Eagle"" Tee (M)",CIN7_IMPORT,Vintage,Vintage,1,3,customs desc; fibre; manufacturer,,,,1,,1,,1,,,CIN7,,NONE,,NONE,NO,fibre; manufacturer,Used Vintage garment
CONTINUITY,NEW,,,VN-ONLN-13085,Carhartt Cargo Shorts (W28),VN-ONLN-13085,Carhartt Cargo Shorts (W28),CIN7_IMPORT,Vintage,Vintage,1,3,customs desc; fibre; manufacturer,,,,1,,1,,1,,,CIN7,,NONE,,NONE,NO,fibre; manufacturer,Used Vintage garment
CONTINUITY,NEW,,,VN-ONLN-11104,Chaps by Ralph Lauren Shirt (L),VN-ONLN-11104,Chaps by Ralph Lauren Shirt (L),CIN7_IMPORT,Vintage,Vintage,1,3,customs desc; fibre; manufacturer,,,,1,,1,,1,,,CIN7,,NONE,,NONE,NO,fibre; manufacturer,Used Vintage garment
CONTINUITY,NEW,,,VN-ONLN-9124,Dickies ripped and repaired carpenters (w32),VN-ONLN-9124,Dickies ripped and repaired carpenters (w32),CIN7_IMPORT,Vintage,Vintage,1,3,customs desc; fibre; manufacturer,,,,1,,1,,1,,,CIN7,,NONE,,NONE,NO,fibre; manufacturer,Used Vintage garment
CONTINUITY,NEW,,,VN-ONLN-12732,Leather Carcoat  (XL),VN-ONLN-12732,Leather Carcoat  (XL),CIN7_IMPORT,Vintage,Vintage,1,3,customs desc; fibre; manufacturer,,,,1,,1,,1,,,CIN7,,NONE,,NONE,NO,fibre; manufacturer,Used Vintage garment
CONTINUITY,NEW,,,VN-ONLN-12449,Polo by Ralph Lauren Shirt (M),VN-ONLN-12449,Polo by Ralph Lauren Shirt (M),CIN7_IMPORT,Vintage,Vintage,1,3,customs desc; fibre; manufacturer,,,,1,,1,,1,,,CIN7,,NONE,,NONE,NO,fibre; manufacturer,Used Vintage garment
CONTINUITY,NEW,,,VN-ONLN-10544,90's Disney Denim Shirt (L),VN-ONLN-10544,90's Disney Denim Shirt (L),CIN7_IMPORT,Vintage,Vintage,1,3,customs desc; fibre; manufacturer,,,,1,,1,,1,,,CIN7,,NONE,,NONE,NO,fibre; manufacturer,Used Vintage garment
CONTINUITY,NEW,,,VN-ONLN-12633,Japanese Worker Jacket (L),VN-ONLN-12633,Japanese Worker Jacket (L),CIN7_IMPORT,Vintage,Vintage,1,3,customs desc; fibre; manufacturer,,,,1,,1,,1,,,CIN7,,NONE,,NONE,NO,fibre; manufacturer,Used Vintage garment
CONTINUITY,NEW,,,VN-ONLN-10811,70's K-Mart knitted Shirt (S),VN-ONLN-10811,70's K-Mart knitted Shirt (S),CIN7_IMPORT,Vintage,Vintage,1,3,customs desc; fibre; manufacturer,,,,1,,1,,1,,,CIN7,,NONE,,NONE,NO,fibre; manufacturer,Used Vintage garment
CONTINUITY,NEW,,,VN-ONLN-11753,L.L. Bean Shirt (M),VN-ONLN-11753,L.L. Bean Shirt (M),CIN7_IMPORT,Vintage,Vintage,1,3,customs desc; fibre; manufacturer,,,,1,,1,,1,,,CIN7,,NONE,,NONE,NO,fibre; manufacturer,Used Vintage garment
CONTINUITY,NEW,,,VN-ONLN-11477,Light Print Shirt (M),VN-ONLN-11477,Light Print Shirt (M),CIN7_IMPORT,Vintage,Vintage,1,3,customs desc; fibre; manufacturer,,,,1,,1,,1,,,CIN7,,NONE,,NONE,NO,fibre; manufacturer,Used Vintage garment
CONTINUITY,NEW,,,VN-ONLN-12561,Polo by Ralph Lauren Shirt (L),VN-ONLN-12561,Polo by Ralph Lauren Shirt (L),CIN7_IMPORT,Vintage,Vintage,1,3,customs desc; fibre; manufacturer,,,,1,,1,,1,,,CIN7,,NONE,,NONE,NO,fibre; manufacturer,Used Vintage garment
CONTINUITY,NEW,,,VN-ONLN-13493,Silk Resort Shirt (2XL),VN-ONLN-13493,Silk Resort Shirt (2XL),CIN7_IMPORT,Vintage,Vintage,1,3,customs desc; fibre; manufacturer,,,,1,,1,,1,,,CIN7,,NONE,,NONE,NO,fibre; manufacturer,Used Vintage garment
CONTINUITY,NEW,,,VN-ONLN-11042,Lee Sports Utah Jazz Shirt (L),VN-ONLN-11042,Lee Sports Utah Jazz Shirt (L),CIN7_IMPORT,Vintage,Vintage,1,3,customs desc; fibre; manufacturer,,,,1,,1,,1,,,CIN7,,NONE,,NONE,NO,fibre; manufacturer,Used Vintage garment
CONTINUITY,NEW,,,VN-ONLN-12919,Ralph Lauren Yarmouth Shirt (L),VN-ONLN-12919,Ralph Lauren Yarmouth Shirt (L),CIN7_IMPORT,Vintage,Vintage,1,3,customs desc; fibre; manufacturer,,,,1,,1,,1,,,CIN7,,NONE,,NONE,NO,fibre; manufacturer,Used Vintage garment
CONTINUITY,NEW,,,VN-ONLN-11625,Tommy Hilfiger Shirt (M),VN-ONLN-11625,Tommy Hilfiger Shirt (M),CIN7_IMPORT,Vintage,Vintage,1,3,customs desc; fibre; manufacturer,,,,1,,1,,1,,,CIN7,,NONE,,NONE,NO,fibre; manufacturer,Used Vintage garment
CONTINUITY,NEW,,,VN-ONLN-11942,Italian Wool Knit Sweater (M),VN-ONLN-11942,Italian Wool Knit Sweater (M),CIN7_IMPORT,Vintage,Vintage,1,3,customs desc; fibre; manufacturer,,,,1,,1,,1,,,CIN7,,NONE,,NONE,NO,fibre; manufacturer,Used Vintage garment
CONTINUITY,NEW,,,VN-ONLN-9336,70's Marching band varsity jacket (S),VN-ONLN-9336,70's Marching band varsity jacket (S),CIN7_IMPORT,Vintage,Vintage,1,3,customs desc; fibre; manufacturer,,,,1,,1,,1,,,CIN7,,NONE,,NONE,NO,fibre; manufacturer,Used Vintage garment
CONTINUITY,NEW,,,VN-ONLN-9104,Carhartt FR Carpenters women's (w31),VN-ONLN-9104,Carhartt FR Carpenters women's (w31),CIN7_IMPORT,Vintage,Vintage,1,3,customs desc; fibre; manufacturer,,,,1,,1,,1,,,CIN7,,NONE,,NONE,NO,fibre; manufacturer,Used Vintage garment
CONTINUITY,NEW,,,VN-ONLN-13165,Women's Ralph Lauren Sport Tennis Dress (S),VN-ONLN-13165,Women's Ralph Lauren Sport Tennis Dress (S),CIN7_IMPORT,Vintage,Vintage,1,3,customs desc; fibre; manufacturer,,,,1,,1,,1,,,CIN7,,NONE,,NONE,NO,fibre; manufacturer,Used Vintage garment
CONTINUITY,NEW,,,LIV-HLL-WHT,Hilal White,LIV-HLL-WHT,Hilal White,CIN7_IMPORT,Livid Men,Livid,3,3,customs desc; fibre; manufacturer,,,,1,,1,,1,,,CIN7,,CIN7,,NONE,NO,manufacturer,Men's Sweater - 100% cotton
CONTINUITY,NEW,,,VN-ONLN-10476,Nike Print Tee (L) (L),VN-ONLN-10476,Nike Print Tee (L) (L),CIN7_IMPORT,Vintage,Vintage,1,3,customs desc; fibre; manufacturer,,,,1,,1,,1,,,CIN7,,NONE,,NONE,NO,fibre; manufacturer,Used Vintage garment
CONTINUITY,NEW,,,EXT-PB-LC,Laces Avoriaz Red,EXT-PB-LC,Laces Avoriaz Red,CIN7_IMPORT,Paraboot,Paraboot,1,4,HS code; customs desc; fibre; manufacturer,,,1,1,,1,,1,,CIN7,CIN7,,NONE,,NONE,NO,fibre; manufacturer,Men Shoes
CONTINUITY,NEW,,,EXT-PB-BRGC-LSNR,Bergerac Lis Noir,EXT-PB-BRGC-LSNR,Bergerac Lis Noir,CIN7_IMPORT,Paraboot,Paraboot,3,4,HS code; customs desc; fibre; manufacturer,,,1,1,,1,,1,,CIN7,CIN7,,NONE,,NONE,NO,fibre; manufacturer,Men Shoes
CONTINUITY,NEW,,,VN-ONLN-10232,Karl Lagerfeld Sunglasses (OneSize),VN-ONLN-10232,Karl Lagerfeld Sunglasses (OneSize),CIN7_IMPORT,Vintage,Vintage,1,3,customs desc; fibre; manufacturer,,,,1,,1,,1,,,CIN7,,NONE,,NONE,NO,fibre; manufacturer,Used Vintage garment
CONTINUITY,NEW,,,VN-ONLN-13049,"Givenchy ""Destroyed"" Hoodie (M)",VN-ONLN-13049,"Givenchy ""Destroyed"" Hoodie (M)",CIN7_IMPORT,Vintage,Vintage,1,3,customs desc; fibre; manufacturer,,,,1,,1,,1,,,CIN7,,NONE,,NONE,NO,fibre; manufacturer,Used Vintage garment
CONTINUITY,NEW,,,VN-ONLN-13298,Caribbean Silk Shirt (L),VN-ONLN-13298,Caribbean Silk Shirt (L),CIN7_IMPORT,Vintage,Vintage,1,3,customs desc; fibre; manufacturer,,,,1,,1,,1,,,CIN7,,NONE,,NONE,NO,fibre; manufacturer,Used Vintage garment
CONTINUITY,NEW,,,VN-ONLN-13183,Burberry Monogram Cotton Shorts (W28),VN-ONLN-13183,Burberry Monogram Cotton Shorts (W28),CIN7_IMPORT,Vintage,Vintage,1,3,customs desc; fibre; manufacturer,,,,1,,1,,1,,,CIN7,,NONE,,NONE,NO,fibre; manufacturer,Used Vintage garment
CONTINUITY,NEW,,,VN-ONLN-13456,Timberland Flannel Shirt (M),VN-ONLN-13456,Timberland Flannel Shirt (M),CIN7_IMPORT,Vintage,Vintage,1,3,customs desc; fibre; manufacturer,,,,1,,1,,1,,,CIN7,,NONE,,NONE,NO,fibre; manufacturer,Used Vintage garment
CONTINUITY,NEW,,,VN-ONLN-13155,Women's Tommy Hilfiger Tennis Dress (M),VN-ONLN-13155,Women's Tommy Hilfiger Tennis Dress (M),CIN7_IMPORT,Vintage,Vintage,1,3,customs desc; fibre; manufacturer,,,,1,,1,,1,,,CIN7,,NONE,,NONE,NO,fibre; manufacturer,Used Vintage garment
CONTINUITY,NEW,,,VN-ONLN-11897,Italian Knit Cardigan (M),VN-ONLN-11897,Italian Knit Cardigan (M),CIN7_IMPORT,Vintage,Vintage,1,3,customs desc; fibre; manufacturer,,,,1,,1,,1,,,CIN7,,NONE,,NONE,NO,fibre; manufacturer,Used Vintage garment
CONTINUITY,NEW,,,VN-ONLN-13575,Eddie Bauer Chamois Cloth Shirt (XL),VN-ONLN-13575,Eddie Bauer Chamois Cloth Shirt (XL),CIN7_IMPORT,Vintage,Vintage,1,3,customs desc; fibre; manufacturer,,,,1,,1,,1,,,CIN7,,NONE,,NONE,NO,fibre; manufacturer,Used Vintage garment
CONTINUITY,NEW,,,LIV-STN-BKFW,Stone Black Floral,LIV-STN-BKFW,Stone Black Floral,CIN7_IMPORT,Livid Men,Livid,4,3,customs desc; fibre; manufacturer,,,,1,,1,,1,,,CIN7,,CIN7,,NONE,NO,manufacturer,Men's Shirt - 100% cotton
CONTINUITY,NEW,,,VN-ONLN-12600,Tomy Hilfiger Jeans Shirt (L),VN-ONLN-12600,Tomy Hilfiger Jeans Shirt (L),CIN7_IMPORT,Vintage,Vintage,1,3,customs desc; fibre; manufacturer,,,,1,,1,,1,,,CIN7,,NONE,,NONE,NO,fibre; manufacturer,Used Vintage garment
CONTINUITY,NEW,,,VN-ONLN-12745,Jaquard Knit Sweater (L),VN-ONLN-12745,Jaquard Knit Sweater (L),CIN7_IMPORT,Vintage,Vintage,1,3,customs desc; fibre; manufacturer,,,,1,,1,,1,,,CIN7,,NONE,,NONE,NO,fibre; manufacturer,Used Vintage garment
CONTINUITY,NEW,,,VN-ONLN-11866,DKNY Tie (OneSize),VN-ONLN-11866,DKNY Tie (OneSize),CIN7_IMPORT,Vintage,Vintage,1,3,customs desc; fibre; manufacturer,,,,1,,1,,1,,,CIN7,,NONE,,NONE,NO,fibre; manufacturer,Used Vintage garment
CONTINUITY,NEW,,,VN-ONLN-13322,1999 Looney Tunes Basketball Tee (2XL),VN-ONLN-13322,1999 Looney Tunes Basketball Tee (2XL),CIN7_IMPORT,Vintage,Vintage,1,3,customs desc; fibre; manufacturer,,,,1,,1,,1,,,CIN7,,NONE,,NONE,NO,fibre; manufacturer,Used Vintage garment
CONTINUITY,NEW,,,VN-ONLN-13405,2011 NASCAR Digger & Friends Tee (2XL),VN-ONLN-13405,2011 NASCAR Digger & Friends Tee (2XL),CIN7_IMPORT,Vintage,Vintage,1,3,customs desc; fibre; manufacturer,,,,1,,1,,1,,,CIN7,,NONE,,NONE,NO,fibre; manufacturer,Used Vintage garment
CONTINUITY,NEW,,,VN-ONLN-11313,Lamatta Knitted Sweater (L),VN-ONLN-11313,Lamatta Knitted Sweater (L),CIN7_IMPORT,Vintage,Vintage,1,3,customs desc; fibre; manufacturer,,,,1,,1,,1,,,CIN7,,NONE,,NONE,NO,fibre; manufacturer,Used Vintage garment
CONTINUITY,NEW,,,VN-ONLN-12774,Varsity Denim Jacket (XL),VN-ONLN-12774,Varsity Denim Jacket (XL),CIN7_IMPORT,Vintage,Vintage,1,3,customs desc; fibre; manufacturer,,,,1,,1,,1,,,CIN7,,NONE,,NONE,NO,fibre; manufacturer,Used Vintage garment
CONTINUITY,NEW,,,VN-ONLN-13467,Green Bay Packers Tee (L),VN-ONLN-13467,Green Bay Packers Tee (L),CIN7_IMPORT,Vintage,Vintage,1,3,customs desc; fibre; manufacturer,,,,1,,1,,1,,,CIN7,,NONE,,NONE,NO,fibre; manufacturer,Used Vintage garment
CONTINUITY,NEW,,,VN-ONLN-12588,Wrangler Denim Shirt (M),VN-ONLN-12588,Wrangler Denim Shirt (M),CIN7_IMPORT,Vintage,Vintage,1,3,customs desc; fibre; manufacturer,,,,1,,1,,1,,,CIN7,,NONE,,NONE,NO,fibre; manufacturer,Used Vintage garment
CONTINUITY,NEW,,,VN-ONLN-12211,Ralph Lauren Shirt (M),VN-ONLN-12211,Ralph Lauren Shirt (M),CIN7_IMPORT,Vintage,Vintage,1,3,customs desc; fibre; manufacturer,,,,1,,1,,1,,,CIN7,,NONE,,NONE,NO,fibre; manufacturer,Used Vintage garment
CONTINUITY,NEW,,,VN-ONLN-12231,Argyle Wool Knit Sweater (2XL),VN-ONLN-12231,Argyle Wool Knit Sweater (2XL),CIN7_IMPORT,Vintage,Vintage,1,3,customs desc; fibre; manufacturer,,,,1,,1,,1,,,CIN7,,NONE,,NONE,NO,fibre; manufacturer,Used Vintage garment
CONTINUITY,NEW,,,VN-ONLN-9476,80's Swedish brushed pattern knit (L),VN-ONLN-9476,80's Swedish brushed pattern knit (L),CIN7_IMPORT,Vintage,Vintage,1,3,customs desc; fibre; manufacturer,,,,1,,1,,1,,,CIN7,,NONE,,NONE,NO,fibre; manufacturer,Used Vintage garment
CONTINUITY,NEW,,,VN-ONLN-11587,90's Striped US Shirt (L),VN-ONLN-11587,90's Striped US Shirt (L),CIN7_IMPORT,Vintage,Vintage,1,3,customs desc; fibre; manufacturer,,,,1,,1,,1,,,CIN7,,NONE,,NONE,NO,fibre; manufacturer,Used Vintage garment
CONTINUITY,NEW,,,VN-ONLN-11472,90's Plain College Sweat (L),VN-ONLN-11472,90's Plain College Sweat (L),CIN7_IMPORT,Vintage,Vintage,1,3,customs desc; fibre; manufacturer,,,,1,,1,,1,,,CIN7,,NONE,,NONE,NO,fibre; manufacturer,Used Vintage garment
CONTINUITY,NEW,,,VN-ONLN-12981,Hanes Kansas City Chiefs Sweatshirt (XL),VN-ONLN-12981,Hanes Kansas City Chiefs Sweatshirt (XL),CIN7_IMPORT,Vintage,Vintage,1,3,customs desc; fibre; manufacturer,,,,1,,1,,1,,,CIN7,,NONE,,NONE,NO,fibre; manufacturer,Used Vintage garment
CONTINUITY,NEW,,,VN-ONLN-11039,Armani Jeans Light Summer Jacket (XL),VN-ONLN-11039,Armani Jeans Light Summer Jacket (XL),CIN7_IMPORT,Vintage,Vintage,1,3,customs desc; fibre; manufacturer,,,,1,,1,,1,,,CIN7,,NONE,,NONE,NO,fibre; manufacturer,Used Vintage garment
CONTINUITY,NEW,,,VN-ONLN-12084,2019 Diesel Womens Blouse (S),VN-ONLN-12084,2019 Diesel Womens Blouse (S),CIN7_IMPORT,Vintage,Vintage,1,3,customs desc; fibre; manufacturer,,,,1,,1,,1,,,CIN7,,NONE,,NONE,NO,fibre; manufacturer,Used Vintage garment
CONTINUITY,NEW,,,VN-ONLN-9071,1993 Levi's beige denim shit (S),VN-ONLN-9071,1993 Levi's beige denim shit (S),CIN7_IMPORT,Vintage,Vintage,1,3,customs desc; fibre; manufacturer,,,,1,,1,,1,,,CIN7,,NONE,,NONE,NO,fibre; manufacturer,Used Vintage garment
CONTINUITY,NEW,,,LIV-AVA-JP-BLSHDW,Ava Japan Blue Shadow,LIV-AVA-JP-BLSHDW,Ava Japan Blue Shadow,CIN7_IMPORT,Livid Femme,Livid,11,3,customs desc; fibre; manufacturer,,,,1,,1,,1,,,CIN7,,CIN7,,NONE,NO,manufacturer,Men's jeans - 100% cotton
CONTINUITY,NEW,,,VN-ONLN-13223,Green Bay Packers Tee (M),VN-ONLN-13223,Green Bay Packers Tee (M),CIN7_IMPORT,Vintage,Vintage,1,3,customs desc; fibre; manufacturer,,,,1,,1,,1,,,CIN7,,NONE,,NONE,NO,fibre; manufacturer,Used Vintage garment
CONTINUITY,NEW,,,VN-ONLN-12946,Calvin Klein Silk Tie (OneSize),VN-ONLN-12946,Calvin Klein Silk Tie (OneSize),CIN7_IMPORT,Vintage,Vintage,1,3,customs desc; fibre; manufacturer,,,,1,,1,,1,,,CIN7,,NONE,,NONE,NO,fibre; manufacturer,Used Vintage garment
CONTINUITY,NEW,,,VN-ONLN-11360,Polo by Ralph Lauren Shirt (S),VN-ONLN-11360,Polo by Ralph Lauren Shirt (S),CIN7_IMPORT,Vintage,Vintage,1,3,customs desc; fibre; manufacturer,,,,1,,1,,1,,,CIN7,,NONE,,NONE,NO,fibre; manufacturer,Used Vintage garment
CONTINUITY,NEW,,,VN-ONLN-10860,Tommy Bahama Silk Shirt (2XL),VN-ONLN-10860,Tommy Bahama Silk Shirt (2XL),CIN7_IMPORT,Vintage,Vintage,1,3,customs desc; fibre; manufacturer,,,,1,,1,,1,,,CIN7,,NONE,,NONE,NO,fibre; manufacturer,Used Vintage garment
CONTINUITY,NEW,,,LIV-EDVRD-JPN-RNS,Edvard Japan Rinse,LIV-EDVRD-JPN-RNS,Edvard Japan Rinse,CIN7_IMPORT,Livid Men,Livid,4,3,customs desc; fibre; manufacturer,,,,1,,1,,1,,,CIN7,,CIN7,,NONE,NO,manufacturer,Men's jeans - 100% cotton
CONTINUITY,NEW,,,LIV-Morin-BK,Morin Black Linen,LIV-Morin-BK,Morin Black Linen,CIN7_IMPORT,Livid Men,Livid,1,3,customs desc; fibre; manufacturer,,,,1,,1,,1,,,CIN7,,CIN7,,NONE,NO,manufacturer,Men's Sweater - Knitted 100% wiil
CONTINUITY,NEW,,,VN-ONLN-11985,Lanvin Tie (OneSize),VN-ONLN-11985,Lanvin Tie (OneSize),CIN7_IMPORT,Vintage,Vintage,1,3,customs desc; fibre; manufacturer,,,,1,,1,,1,,,CIN7,,NONE,,NONE,NO,fibre; manufacturer,Used Vintage garment
CONTINUITY,NEW,,,VN-ONLN-9265,80's silk blend Nike Running tee (L),VN-ONLN-9265,80's silk blend Nike Running tee (L),CIN7_IMPORT,Vintage,Vintage,1,3,customs desc; fibre; manufacturer,,,,1,,1,,1,,,CIN7,,NONE,,NONE,NO,fibre; manufacturer,Used Vintage garment
CONTINUITY,NEW,,,VN-ONLN-13354,Burberry Chino Shorts (W30),VN-ONLN-13354,Burberry Chino Shorts (W30),CIN7_IMPORT,Vintage,Vintage,1,3,customs desc; fibre; manufacturer,,,,1,,1,,1,,,CIN7,,NONE,,NONE,NO,fibre; manufacturer,Used Vintage garment
CONTINUITY,NEW,,,VN-ONLN-12900,San Marco Wool Knit Sweater (L),VN-ONLN-12900,San Marco Wool Knit Sweater (L),CIN7_IMPORT,Vintage,Vintage,1,3,customs desc; fibre; manufacturer,,,,1,,1,,1,,,CIN7,,NONE,,NONE,NO,fibre; manufacturer,Used Vintage garment
CONTINUITY,NEW,,,LIV-Barnes-B,Barnes Japan Beige,LIV-Barnes-B,Barnes Japan Beige,CIN7_IMPORT,Livid Men,Livid,1,3,customs desc; fibre; manufacturer,,,,1,,1,,1,,,CIN7,,CIN7,,NONE,NO,manufacturer,Men's trouser - 100% cotton
CONTINUITY,NEW,,,VN-ONLN-13419,Morro Bay CA Tee (M),VN-ONLN-13419,Morro Bay CA Tee (M),CIN7_IMPORT,Vintage,Vintage,1,3,customs desc; fibre; manufacturer,,,,1,,1,,1,,,CIN7,,NONE,,NONE,NO,fibre; manufacturer,Used Vintage garment
CONTINUITY,NEW,,,VN-ONLN-10060,Harley Tee (M),VN-ONLN-10060,Harley Tee (M),CIN7_IMPORT,Vintage,Vintage,1,3,customs desc; fibre; manufacturer,,,,1,,1,,1,,,CIN7,,NONE,,NONE,NO,fibre; manufacturer,Used Vintage garment
CONTINUITY,NEW,,,VN-ONLN-12005,Traditional Knit Sweater (M),VN-ONLN-12005,Traditional Knit Sweater (M),CIN7_IMPORT,Vintage,Vintage,1,3,customs desc; fibre; manufacturer,,,,1,,1,,1,,,CIN7,,NONE,,NONE,NO,fibre; manufacturer,Used Vintage garment
CONTINUITY,NEW,,,VN-ONLN-10214,Gucci Sunglasses (OneSize),VN-ONLN-10214,Gucci Sunglasses (OneSize),CIN7_IMPORT,Vintage,Vintage,1,3,customs desc; fibre; manufacturer,,,,1,,1,,1,,,CIN7,,NONE,,NONE,NO,fibre; manufacturer,Used Vintage garment
CONTINUITY,NEW,,,VN-ONLN-10892,Diesel Chambray work shirt (M),VN-ONLN-10892,Diesel Chambray work shirt (M),CIN7_IMPORT,Vintage,Vintage,1,3,customs desc; fibre; manufacturer,,,,1,,1,,1,,,CIN7,,NONE,,NONE,NO,fibre; manufacturer,Used Vintage garment
CONTINUITY,NEW,,,VN-ONLN-13492,Silk Resort Shirt (2XL),VN-ONLN-13492,Silk Resort Shirt (2XL),CIN7_IMPORT,Vintage,Vintage,1,3,customs desc; fibre; manufacturer,,,,1,,1,,1,,,CIN7,,NONE,,NONE,NO,fibre; manufacturer,Used Vintage garment
CONTINUITY,NEW,,,VN-ONLN-10969,Wrangler Carpenter Denim Shorts (W36),VN-ONLN-10969,Wrangler Carpenter Denim Shorts (W36),CIN7_IMPORT,Vintage,Vintage,1,3,customs desc; fibre; manufacturer,,,,1,,1,,1,,,CIN7,,NONE,,NONE,NO,fibre; manufacturer,Used Vintage garment
CONTINUITY,NEW,,,EXT-PR-AVR-VLGR,Avoriaz Velours Graphite,EXT-PR-AVR-VLGR,Avoriaz Velours Graphite,CIN7_IMPORT,Paraboot,Paraboot,2,3,customs desc; fibre; manufacturer,,,,1,,1,,1,,,CIN7,,NONE,,NONE,NO,fibre; manufacturer,Men Shoes
CONTINUITY,NEW,,,VN-ONLN-12854,Nike Tank Top  (L),VN-ONLN-12854,Nike Tank Top  (L),CIN7_IMPORT,Vintage,Vintage,1,3,customs desc; fibre; manufacturer,,,,1,,1,,1,,,CIN7,,NONE,,NONE,NO,fibre; manufacturer,Used Vintage garment
CONTINUITY,NEW,,,LIV-BLK-TP,Blake Taupe,LIV-BLK-TP,Blake Taupe,CIN7_IMPORT,Livid Unisex,Livid,6,3,customs desc; fibre; manufacturer,,,,1,,1,,1,,,CIN7,,CIN7,,NONE,NO,manufacturer,Men jacket - 100% Wool
CONTINUITY,NEW,,,VN-ONLN-10489,Napapijri Pique (XL) (XL),VN-ONLN-10489,Napapijri Pique (XL) (XL),CIN7_IMPORT,Vintage,Vintage,1,3,customs desc; fibre; manufacturer,,,,1,,1,,1,,,CIN7,,NONE,,NONE,NO,fibre; manufacturer,Used Vintage garment
CONTINUITY,NEW,,,VN-ONLN-11009,Gucci Sunglasses (OneSize),VN-ONLN-11009,Gucci Sunglasses (OneSize),CIN7_IMPORT,Vintage,Vintage,1,3,customs desc; fibre; manufacturer,,,,1,,1,,1,,,CIN7,,NONE,,NONE,NO,fibre; manufacturer,Used Vintage garment
CONTINUITY,NEW,,,VN-ONLN-11601,Tommy Hilfiger Shirt (M),VN-ONLN-11601,Tommy Hilfiger Shirt (M),CIN7_IMPORT,Vintage,Vintage,1,3,customs desc; fibre; manufacturer,,,,1,,1,,1,,,CIN7,,NONE,,NONE,NO,fibre; manufacturer,Used Vintage garment
CONTINUITY,NEW,,,VN-ONLN-13109,Polo by Ralph Lauren Wool Quarter Zip (XL),VN-ONLN-13109,Polo by Ralph Lauren Wool Quarter Zip (XL),CIN7_IMPORT,Vintage,Vintage,1,3,customs desc; fibre; manufacturer,,,,1,,1,,1,,,CIN7,,NONE,,NONE,NO,fibre; manufacturer,Used Vintage garment
CONTINUITY,NEW,,,VN-ONLN-13326,Alpha Industries NASA Hoodie (M),VN-ONLN-13326,Alpha Industries NASA Hoodie (M),CIN7_IMPORT,Vintage,Vintage,1,3,customs desc; fibre; manufacturer,,,,1,,1,,1,,,CIN7,,NONE,,NONE,NO,fibre; manufacturer,Used Vintage garment
CONTINUITY,NEW,,,VN-ONLN-12326,Jaquard Wool Knit Sweater (L),VN-ONLN-12326,Jaquard Wool Knit Sweater (L),CIN7_IMPORT,Vintage,Vintage,1,3,customs desc; fibre; manufacturer,,,,1,,1,,1,,,CIN7,,NONE,,NONE,NO,fibre; manufacturer,Used Vintage garment
CONTINUITY,NEW,,,VN-ONLN-10201,Dior Sunglasses (OneSize),VN-ONLN-10201,Dior Sunglasses (OneSize),CIN7_IMPORT,Vintage,Vintage,1,3,customs desc; fibre; manufacturer,,,,1,,1,,1,,,CIN7,,NONE,,NONE,NO,fibre; manufacturer,Used Vintage garment
CONTINUITY,NEW,,,VN-ONLN-13182,Burberry Linen Shorts (W31),VN-ONLN-13182,Burberry Linen Shorts (W31),CIN7_IMPORT,Vintage,Vintage,1,3,customs desc; fibre; manufacturer,,,,1,,1,,1,,,CIN7,,NONE,,NONE,NO,fibre; manufacturer,Used Vintage garment
CONTINUITY,NEW,,,VN-ONLN-11370,Polo by Ralph Lauren Shirt (L),VN-ONLN-11370,Polo by Ralph Lauren Shirt (L),CIN7_IMPORT,Vintage,Vintage,1,3,customs desc; fibre; manufacturer,,,,1,,1,,1,,,CIN7,,NONE,,NONE,NO,fibre; manufacturer,Used Vintage garment
CONTINUITY,NEW,,,LIV-PLTH-CHRCL-MRN,Plath Charcoal Merino,LIV-PLTH-CHRCL-MRN,Plath Charcoal Merino,CIN7_IMPORT,Livid Unisex,Livid,1,3,customs desc; fibre; manufacturer,,,,1,,1,,1,,,CIN7,,CIN7,,NONE,NO,manufacturer,Men's beanie - 100% Wool
CONTINUITY,NEW,,,VN-ONLN-10117,Eddie Bauer linen shirt (XL),VN-ONLN-10117,Eddie Bauer linen shirt (XL),CIN7_IMPORT,Vintage,Vintage,1,3,customs desc; fibre; manufacturer,,,,1,,1,,1,,,CIN7,,NONE,,NONE,NO,fibre; manufacturer,Used Vintage garment
CONTINUITY,NEW,,,VN-ONLN-13586,L.L. Bean Flannel Shirt (2XL),VN-ONLN-13586,L.L. Bean Flannel Shirt (2XL),CIN7_IMPORT,Vintage,Vintage,1,3,customs desc; fibre; manufacturer,,,,1,,1,,1,,,CIN7,,NONE,,NONE,NO,fibre; manufacturer,Used Vintage garment
CONTINUITY,NEW,,,VN-ONLN-13088,Marlboro Classics Cargo Shorts (W33),VN-ONLN-13088,Marlboro Classics Cargo Shorts (W33),CIN7_IMPORT,Vintage,Vintage,1,3,customs desc; fibre; manufacturer,,,,1,,1,,1,,,CIN7,,NONE,,NONE,NO,fibre; manufacturer,Used Vintage garment
CONTINUITY,NEW,,,VN-ONLN-12849,Nike Tee (M),VN-ONLN-12849,Nike Tee (M),CIN7_IMPORT,Vintage,Vintage,1,3,customs desc; fibre; manufacturer,,,,1,,1,,1,,,CIN7,,NONE,,NONE,NO,fibre; manufacturer,Used Vintage garment
CONTINUITY,NEW,,,VN-ONLN-13320,Disney Mickey Mouse Sweatshirt (M),VN-ONLN-13320,Disney Mickey Mouse Sweatshirt (M),CIN7_IMPORT,Vintage,Vintage,1,3,customs desc; fibre; manufacturer,,,,1,,1,,1,,,CIN7,,NONE,,NONE,NO,fibre; manufacturer,Used Vintage garment
CONTINUITY,NEW,,,EXT-BKST-BSTN-SD-NW-NVY,Boston Suede New Navy,EXT-BKST-BSTN-SD-NW-NVY,Boston Suede New Navy,CIN7_IMPORT,Birkenstock,Birkenstock,1,3,customs desc; fibre; manufacturer,,,,1,,1,,1,,,CIN7,,CIN7,,NONE,NO,manufacturer,Unisex sandals - 100% leather
CONTINUITY,NEW,,,VN-ONLN-13573,Eddie Bauer Chamois Cloth Shirt (L),VN-ONLN-13573,Eddie Bauer Chamois Cloth Shirt (L),CIN7_IMPORT,Vintage,Vintage,1,3,customs desc; fibre; manufacturer,,,,1,,1,,1,,,CIN7,,NONE,,NONE,NO,fibre; manufacturer,Used Vintage garment
CONTINUITY,NEW,,,VN-ONLN-13543,Chaps by Ralph Lauren Quarter Zip (XL),VN-ONLN-13543,Chaps by Ralph Lauren Quarter Zip (XL),CIN7_IMPORT,Vintage,Vintage,1,3,customs desc; fibre; manufacturer,,,,1,,1,,1,,,CIN7,,NONE,,NONE,NO,fibre; manufacturer,Used Vintage garment
CONTINUITY,NEW,,,VN-ONLN-10158,Tommy Hilfiger oversized wool overshirt (L),VN-ONLN-10158,Tommy Hilfiger oversized wool overshirt (L),CIN7_IMPORT,Vintage,Vintage,1,3,customs desc; fibre; manufacturer,,,,1,,1,,1,,,CIN7,,NONE,,NONE,NO,fibre; manufacturer,Used Vintage garment
CONTINUITY,NEW,,,VN-ONLN-10685,90's Disney Tee (M),VN-ONLN-10685,90's Disney Tee (M),CIN7_IMPORT,Vintage,Vintage,1,3,customs desc; fibre; manufacturer,,,,1,,1,,1,,,CIN7,,NONE,,NONE,NO,fibre; manufacturer,Used Vintage garment
CONTINUITY,NEW,,,VN-ONLN-12483,Tommy Hilfiger Striped Cotton Sweater (XL),VN-ONLN-12483,Tommy Hilfiger Striped Cotton Sweater (XL),CIN7_IMPORT,Vintage,Vintage,1,3,customs desc; fibre; manufacturer,,,,1,,1,,1,,,CIN7,,NONE,,NONE,NO,fibre; manufacturer,Used Vintage garment
CONTINUITY,NEW,,,VN-ONLN-13567,Striped Knit Sweater (L),VN-ONLN-13567,Striped Knit Sweater (L),CIN7_IMPORT,Vintage,Vintage,1,3,customs desc; fibre; manufacturer,,,,1,,1,,1,,,CIN7,,NONE,,NONE,NO,fibre; manufacturer,Used Vintage garment
CONTINUITY,NEW,,,VN-ONLN-12784,Looney Tunes Denim Jacket (L),VN-ONLN-12784,Looney Tunes Denim Jacket (L),CIN7_IMPORT,Vintage,Vintage,1,3,customs desc; fibre; manufacturer,,,,1,,1,,1,,,CIN7,,NONE,,NONE,NO,fibre; manufacturer,Used Vintage garment
CONTINUITY,NEW,,,VN-ONLN-10319,Silk textured shirt (L),VN-ONLN-10319,Silk textured shirt (L),CIN7_IMPORT,Vintage,Vintage,1,3,customs desc; fibre; manufacturer,,,,1,,1,,1,,,CIN7,,NONE,,NONE,NO,fibre; manufacturer,Used Vintage garment
CONTINUITY,NEW,,,VN-ONLN-13123,Women's Burberry Shirt (XS),VN-ONLN-13123,Women's Burberry Shirt (XS),CIN7_IMPORT,Vintage,Vintage,1,3,customs desc; fibre; manufacturer,,,,1,,1,,1,,,CIN7,,NONE,,NONE,NO,fibre; manufacturer,Used Vintage garment
CONTINUITY,NEW,,,VN-ONLN-13536,Nautica Quarter Zip Knit (XL),VN-ONLN-13536,Nautica Quarter Zip Knit (XL),CIN7_IMPORT,Vintage,Vintage,1,3,customs desc; fibre; manufacturer,,,,1,,1,,1,,,CIN7,,NONE,,NONE,NO,fibre; manufacturer,Used Vintage garment
CONTINUITY,NEW,,,VN-ONLN-9946,South Carolina U Denim Shirt (M),VN-ONLN-9946,South Carolina U Denim Shirt (M),CIN7_IMPORT,Vintage,Vintage,1,3,customs desc; fibre; manufacturer,,,,1,,1,,1,,,CIN7,,NONE,,NONE,NO,fibre; manufacturer,Used Vintage garment
CONTINUITY,NEW,,,VN-ONLN-12573,Pattern Jaquard Knit Sweater (S),VN-ONLN-12573,Pattern Jaquard Knit Sweater (S),CIN7_IMPORT,Vintage,Vintage,1,3,customs desc; fibre; manufacturer,,,,1,,1,,1,,,CIN7,,NONE,,NONE,NO,fibre; manufacturer,Used Vintage garment
CONTINUITY,NEW,,,VN-ONLN-13595,"""I'm Not Normal"" Tee (S)",VN-ONLN-13595,"""I'm Not Normal"" Tee (S)",CIN7_IMPORT,Vintage,Vintage,1,3,customs desc; fibre; manufacturer,,,,1,,1,,1,,,CIN7,,NONE,,NONE,NO,fibre; manufacturer,Used Vintage garment
CONTINUITY,NEW,,,VN-ONLN-9826,1985 Villanova Wildcats tee (M),VN-ONLN-9826,1985 Villanova Wildcats tee (M),CIN7_IMPORT,Vintage,Vintage,1,3,customs desc; fibre; manufacturer,,,,1,,1,,1,,,CIN7,,NONE,,NONE,NO,fibre; manufacturer,Used Vintage garment
CONTINUITY,NEW,,,VN-ONLN-11632,Boss by Hugo Boss Shirt (XL),VN-ONLN-11632,Boss by Hugo Boss Shirt (XL),CIN7_IMPORT,Vintage,Vintage,1,3,customs desc; fibre; manufacturer,,,,1,,1,,1,,,CIN7,,NONE,,NONE,NO,fibre; manufacturer,Used Vintage garment
CONTINUITY,NEW,,,VN-ONLN-12731,Tommy Bahama Silk Shirt (M),VN-ONLN-12731,Tommy Bahama Silk Shirt (M),CIN7_IMPORT,Vintage,Vintage,1,3,customs desc; fibre; manufacturer,,,,1,,1,,1,,,CIN7,,NONE,,NONE,NO,fibre; manufacturer,Used Vintage garment
CONTINUITY,NEW,,,VN-ONLN-10555,90's Reebok Universal Studios Running Tee (XL),VN-ONLN-10555,90's Reebok Universal Studios Running Tee (XL),CIN7_IMPORT,Vintage,Vintage,1,3,customs desc; fibre; manufacturer,,,,1,,1,,1,,,CIN7,,NONE,,NONE,NO,fibre; manufacturer,Used Vintage garment
CONTINUITY,NEW,,,VN-ONLN-13230,1982 Florida State Tee (S),VN-ONLN-13230,1982 Florida State Tee (S),CIN7_IMPORT,Vintage,Vintage,1,3,customs desc; fibre; manufacturer,,,,1,,1,,1,,,CIN7,,NONE,,NONE,NO,fibre; manufacturer,Used Vintage garment
CONTINUITY,NEW,,,VN-ONLN-9337,90's plain varsity jacket (S),VN-ONLN-9337,90's plain varsity jacket (S),CIN7_IMPORT,Vintage,Vintage,1,3,customs desc; fibre; manufacturer,,,,1,,1,,1,,,CIN7,,NONE,,NONE,NO,fibre; manufacturer,Used Vintage garment
CONTINUITY,NEW,,,VN-ONLN-11068,Dan River Western Shirt (M),VN-ONLN-11068,Dan River Western Shirt (M),CIN7_IMPORT,Vintage,Vintage,1,3,customs desc; fibre; manufacturer,,,,1,,1,,1,,,CIN7,,NONE,,NONE,NO,fibre; manufacturer,Used Vintage garment
CONTINUITY,NEW,,,VN-ONLN-12955,McGregor Lightweight Harrington Jacket (L),VN-ONLN-12955,McGregor Lightweight Harrington Jacket (L),CIN7_IMPORT,Vintage,Vintage,1,3,customs desc; fibre; manufacturer,,,,1,,1,,1,,,CIN7,,NONE,,NONE,NO,fibre; manufacturer,Used Vintage garment
CONTINUITY,NEW,,,VN-ONLN-10103,1998 Stanford Cardinal tee (XL),VN-ONLN-10103,1998 Stanford Cardinal tee (XL),CIN7_IMPORT,Vintage,Vintage,1,3,customs desc; fibre; manufacturer,,,,1,,1,,1,,,CIN7,,NONE,,NONE,NO,fibre; manufacturer,Used Vintage garment
CONTINUITY,NEW,,,VN-ONLN-13568,V-Neck Wool Knit Sweater (L),VN-ONLN-13568,V-Neck Wool Knit Sweater (L),CIN7_IMPORT,Vintage,Vintage,1,3,customs desc; fibre; manufacturer,,,,1,,1,,1,,,CIN7,,NONE,,NONE,NO,fibre; manufacturer,Used Vintage garment
CONTINUITY,NEW,,,VN-ONLN-10278,Tommy Hilfiger Magnetic button shirt (M),VN-ONLN-10278,Tommy Hilfiger Magnetic button shirt (M),CIN7_IMPORT,Vintage,Vintage,1,3,customs desc; fibre; manufacturer,,,,1,,1,,1,,,CIN7,,NONE,,NONE,NO,fibre; manufacturer,Used Vintage garment
CONTINUITY,NEW,,,VN-ONLN-9449,90's Italian pattern knit (M),VN-ONLN-9449,90's Italian pattern knit (M),CIN7_IMPORT,Vintage,Vintage,1,3,customs desc; fibre; manufacturer,,,,1,,1,,1,,,CIN7,,NONE,,NONE,NO,fibre; manufacturer,Used Vintage garment
CONTINUITY,NEW,,,VN-ONLN-13334,Polo by Ralph Lauren Silk Tie (OneSize),VN-ONLN-13334,Polo by Ralph Lauren Silk Tie (OneSize),CIN7_IMPORT,Vintage,Vintage,1,3,customs desc; fibre; manufacturer,,,,1,,1,,1,,,CIN7,,NONE,,NONE,NO,fibre; manufacturer,Used Vintage garment
CONTINUITY,NEW,,,VN-ONLN-12953,Champion Track Jacket (2XL),VN-ONLN-12953,Champion Track Jacket (2XL),CIN7_IMPORT,Vintage,Vintage,1,3,customs desc; fibre; manufacturer,,,,1,,1,,1,,,CIN7,,NONE,,NONE,NO,fibre; manufacturer,Used Vintage garment
CONTINUITY,NEW,,,VN-ONLN-9849,90's Nike Oregon State Beavers tee (L),VN-ONLN-9849,90's Nike Oregon State Beavers tee (L),CIN7_IMPORT,Vintage,Vintage,1,3,customs desc; fibre; manufacturer,,,,1,,1,,1,,,CIN7,,NONE,,NONE,NO,fibre; manufacturer,Used Vintage garment
CONTINUITY,NEW,,,VN-ONLN-13056,2001 Lee Tennessee Titans Sweatshirt (L),VN-ONLN-13056,2001 Lee Tennessee Titans Sweatshirt (L),CIN7_IMPORT,Vintage,Vintage,1,3,customs desc; fibre; manufacturer,,,,1,,1,,1,,,CIN7,,NONE,,NONE,NO,fibre; manufacturer,Used Vintage garment
CONTINUITY,NEW,,,VN-ONLN-12599,Woolrich Hunting Shirt (L),VN-ONLN-12599,Woolrich Hunting Shirt (L),CIN7_IMPORT,Vintage,Vintage,1,4,price; customs desc; fibre; manufacturer,,1,,1,,1,,1,NONE,,CIN7,,NONE,,NONE,NO,price; fibre; manufacturer,Used Vintage garment
CONTINUITY,NEW,,,VN-ONLN-13089,Think Pink Corduroy Shirt (XL),VN-ONLN-13089,Think Pink Corduroy Shirt (XL),CIN7_IMPORT,Vintage,Vintage,1,3,customs desc; fibre; manufacturer,,,,1,,1,,1,,,CIN7,,NONE,,NONE,NO,fibre; manufacturer,Used Vintage garment
CONTINUITY,NEW,,,VN-ONLN-12401,Wrangler Western Denim Shirt (2XL),VN-ONLN-12401,Wrangler Western Denim Shirt (2XL),CIN7_IMPORT,Vintage,Vintage,1,3,customs desc; fibre; manufacturer,,,,1,,1,,1,,,CIN7,,NONE,,NONE,NO,fibre; manufacturer,Used Vintage garment
CONTINUITY,NEW,,,VN-ONLN-11310,Black&White Knitted Sweater (M),VN-ONLN-11310,Black&White Knitted Sweater (M),CIN7_IMPORT,Vintage,Vintage,1,3,customs desc; fibre; manufacturer,,,,1,,1,,1,,,CIN7,,NONE,,NONE,NO,fibre; manufacturer,Used Vintage garment
CONTINUITY,NEW,,,VN-ONLN-13135,Ralph Lauren Blake Shirt (XL),VN-ONLN-13135,Ralph Lauren Blake Shirt (XL),CIN7_IMPORT,Vintage,Vintage,1,3,customs desc; fibre; manufacturer,,,,1,,1,,1,,,CIN7,,NONE,,NONE,NO,fibre; manufacturer,Used Vintage garment
CONTINUITY,NEW,,,VN-ONLN-10961,1995 Seattle Mariners Tee (M),VN-ONLN-10961,1995 Seattle Mariners Tee (M),CIN7_IMPORT,Vintage,Vintage,1,3,customs desc; fibre; manufacturer,,,,1,,1,,1,,,CIN7,,NONE,,NONE,NO,fibre; manufacturer,Used Vintage garment
CONTINUITY,NEW,,,VN-ONLN-10829,Hugo Boss Skirt (W28),VN-ONLN-10829,Hugo Boss Skirt (W28),CIN7_IMPORT,Vintage,Vintage,1,3,customs desc; fibre; manufacturer,,,,1,,1,,1,,,CIN7,,NONE,,NONE,NO,fibre; manufacturer,Used Vintage garment
CONTINUITY,NEW,,,VN-ONLN-13390,NSW Rugby League Rugby Shirt  (2XL),VN-ONLN-13390,NSW Rugby League Rugby Shirt  (2XL),CIN7_IMPORT,Vintage,Vintage,1,3,customs desc; fibre; manufacturer,,,,1,,1,,1,,,CIN7,,NONE,,NONE,NO,fibre; manufacturer,Used Vintage garment
CONTINUITY,NEW,,,VN-ONLN-9027,90's ECU Pirates Russell Athletic sweat (XL),VN-ONLN-9027,90's ECU Pirates Russell Athletic sweat (XL),CIN7_IMPORT,Vintage,Vintage,1,3,customs desc; fibre; manufacturer,,,,1,,1,,1,,,CIN7,,NONE,,NONE,NO,fibre; manufacturer,Used Vintage garment
CONTINUITY,NEW,,,VN-ONLN-12844,Adidas Striped Tee (M),VN-ONLN-12844,Adidas Striped Tee (M),CIN7_IMPORT,Vintage,Vintage,1,3,customs desc; fibre; manufacturer,,,,1,,1,,1,,,CIN7,,NONE,,NONE,NO,fibre; manufacturer,Used Vintage garment
CONTINUITY,NEW,,,VN-ONLN-13361,Dickes Carpenter Denim Shorts (W31),VN-ONLN-13361,Dickes Carpenter Denim Shorts (W31),CIN7_IMPORT,Vintage,Vintage,1,3,customs desc; fibre; manufacturer,,,,1,,1,,1,,,CIN7,,NONE,,NONE,NO,fibre; manufacturer,Used Vintage garment
CONTINUITY,NEW,,,VN-ONLN-13558,Old Navy Rugby Shirt (S),VN-ONLN-13558,Old Navy Rugby Shirt (S),CIN7_IMPORT,Vintage,Vintage,1,3,customs desc; fibre; manufacturer,,,,1,,1,,1,,,CIN7,,NONE,,NONE,NO,fibre; manufacturer,Used Vintage garment
CONTINUITY,NEW,,,VN-ONLN-12771,Red Dog Varsity Denim Jacket (XL),VN-ONLN-12771,Red Dog Varsity Denim Jacket (XL),CIN7_IMPORT,Vintage,Vintage,1,3,customs desc; fibre; manufacturer,,,,1,,1,,1,,,CIN7,,NONE,,NONE,NO,fibre; manufacturer,Used Vintage garment
CONTINUITY,NEW,,,VN-ONLN-10207,Prada Sunglasses (OneSize),VN-ONLN-10207,Prada Sunglasses (OneSize),CIN7_IMPORT,Vintage,Vintage,1,3,customs desc; fibre; manufacturer,,,,1,,1,,1,,,CIN7,,NONE,,NONE,NO,fibre; manufacturer,Used Vintage garment
CONTINUITY,NEW,,,VN-ONLN-11304,GW Colonials College Sweater (L),VN-ONLN-11304,GW Colonials College Sweater (L),CIN7_IMPORT,Vintage,Vintage,1,3,customs desc; fibre; manufacturer,,,,1,,1,,1,,,CIN7,,NONE,,NONE,NO,fibre; manufacturer,Used Vintage garment
CONTINUITY,NEW,,,VN-ONLN-13066,FUBU Basketball Jersey (S),VN-ONLN-13066,FUBU Basketball Jersey (S),CIN7_IMPORT,Vintage,Vintage,1,3,customs desc; fibre; manufacturer,,,,1,,1,,1,,,CIN7,,NONE,,NONE,NO,fibre; manufacturer,Used Vintage garment
CONTINUITY,NEW,,,VN-ONLN-13363,Tommy Bahama Silk Shirt (XL),VN-ONLN-13363,Tommy Bahama Silk Shirt (XL),CIN7_IMPORT,Vintage,Vintage,1,3,customs desc; fibre; manufacturer,,,,1,,1,,1,,,CIN7,,NONE,,NONE,NO,fibre; manufacturer,Used Vintage garment
CONTINUITY,NEW,,,VN-ONLN-9388,Home-knitted cable-knit vest (S),VN-ONLN-9388,Home-knitted cable-knit vest (S),CIN7_IMPORT,Vintage,Vintage,1,3,customs desc; fibre; manufacturer,,,,1,,1,,1,,,CIN7,,NONE,,NONE,NO,fibre; manufacturer,Used Vintage garment
CONTINUITY,NEW,,,VN-ONLN-10242,Bottega Veneta Sunglasses (OneSize),VN-ONLN-10242,Bottega Veneta Sunglasses (OneSize),CIN7_IMPORT,Vintage,Vintage,1,3,customs desc; fibre; manufacturer,,,,1,,1,,1,,,CIN7,,NONE,,NONE,NO,fibre; manufacturer,Used Vintage garment
CONTINUITY,NEW,,,VN-ONLN-12602,Carhartt Rain Defender Jacket (XL),VN-ONLN-12602,Carhartt Rain Defender Jacket (XL),CIN7_IMPORT,Vintage,Vintage,1,3,customs desc; fibre; manufacturer,,,,1,,1,,1,,,CIN7,,NONE,,NONE,NO,fibre; manufacturer,Used Vintage garment
CONTINUITY,NEW,,,LIV-WRN-BK,Wren Black,LIV-WRN-BK,Wren Black,CIN7_IMPORT,Livid Femme,Livid,1,3,customs desc; fibre; manufacturer,,,,1,,1,,1,,,CIN7,,CIN7,,NONE,NO,manufacturer,Men's Sweater - Knitted 100% wiil
CONTINUITY,NEW,,,EXT-HST-AND-BLK,Andrew Black,EXT-HST-AND-BLK,Andrew Black,CIN7_IMPORT,Hestra,Hestra,1,3,customs desc; fibre; manufacturer,,,,1,,1,,1,,,CIN7,,CIN7,,NONE,NO,manufacturer,Leather Gloves
CONTINUITY,NEW,,,VN-ONLN-13195,Albertslund IF Football Scarf (OneSize),VN-ONLN-13195,Albertslund IF Football Scarf (OneSize),CIN7_IMPORT,Vintage,Vintage,1,3,customs desc; fibre; manufacturer,,,,1,,1,,1,,,CIN7,,NONE,,NONE,NO,fibre; manufacturer,Used Vintage garment
CONTINUITY,NEW,,,VN-ONLN-13460,1993 US Arabian Horse Championships Tee (M),VN-ONLN-13460,1993 US Arabian Horse Championships Tee (M),CIN7_IMPORT,Vintage,Vintage,1,3,customs desc; fibre; manufacturer,,,,1,,1,,1,,,CIN7,,NONE,,NONE,NO,fibre; manufacturer,Used Vintage garment
CONTINUITY,NEW,,,VN-ONLN-12759,Russell Baseball Sweatshirt (XL),VN-ONLN-12759,Russell Baseball Sweatshirt (XL),CIN7_IMPORT,Vintage,Vintage,1,3,customs desc; fibre; manufacturer,,,,1,,1,,1,,,CIN7,,NONE,,NONE,NO,fibre; manufacturer,Used Vintage garment
CONTINUITY,NEW,,,VN-ONLN-13561,Aquinas College Rugby Shirt (L),VN-ONLN-13561,Aquinas College Rugby Shirt (L),CIN7_IMPORT,Vintage,Vintage,1,3,customs desc; fibre; manufacturer,,,,1,,1,,1,,,CIN7,,NONE,,NONE,NO,fibre; manufacturer,Used Vintage garment
CONTINUITY,NEW,,,VN-ONLN-11887,Traditional Wool Sweater (M),VN-ONLN-11887,Traditional Wool Sweater (M),CIN7_IMPORT,Vintage,Vintage,1,3,customs desc; fibre; manufacturer,,,,1,,1,,1,,,CIN7,,NONE,,NONE,NO,fibre; manufacturer,Used Vintage garment
CONTINUITY,NEW,,,VN-ONLN-10861,Silk Resort Shirt (2XL),VN-ONLN-10861,Silk Resort Shirt (2XL),CIN7_IMPORT,Vintage,Vintage,1,3,customs desc; fibre; manufacturer,,,,1,,1,,1,,,CIN7,,NONE,,NONE,NO,fibre; manufacturer,Used Vintage garment
CONTINUITY,NEW,,,VN-ONLN-11432,G-Star Raw Turleneck Knit (XL),VN-ONLN-11432,G-Star Raw Turleneck Knit (XL),CIN7_IMPORT,Vintage,Vintage,1,3,customs desc; fibre; manufacturer,,,,1,,1,,1,,,CIN7,,NONE,,NONE,NO,fibre; manufacturer,Used Vintage garment
CONTINUITY,NEW,,,VN-ONLN-13537,Tommy Hilfiger Quarter Zip Knit (XL),VN-ONLN-13537,Tommy Hilfiger Quarter Zip Knit (XL),CIN7_IMPORT,Vintage,Vintage,1,3,customs desc; fibre; manufacturer,,,,1,,1,,1,,,CIN7,,NONE,,NONE,NO,fibre; manufacturer,Used Vintage garment
CONTINUITY,NEW,,,VN-ONLN-13589,1985 Looney Tunes Football Tee (2XL),VN-ONLN-13589,1985 Looney Tunes Football Tee (2XL),CIN7_IMPORT,Vintage,Vintage,1,3,customs desc; fibre; manufacturer,,,,1,,1,,1,,,CIN7,,NONE,,NONE,NO,fibre; manufacturer,Used Vintage garment
CONTINUITY,NEW,,,VN-ONLN-10538,Levi's Denim Skirt (W31),VN-ONLN-10538,Levi's Denim Skirt (W31),CIN7_IMPORT,Vintage,Vintage,1,3,customs desc; fibre; manufacturer,,,,1,,1,,1,,,CIN7,,NONE,,NONE,NO,fibre; manufacturer,Used Vintage garment
CONTINUITY,NEW,,,VN-ONLN-12034,Diesel Denim Vest (L),VN-ONLN-12034,Diesel Denim Vest (L),CIN7_IMPORT,Vintage,Vintage,1,3,customs desc; fibre; manufacturer,,,,1,,1,,1,,,CIN7,,NONE,,NONE,NO,fibre; manufacturer,Used Vintage garment
CONTINUITY,NEW,,,VN-ONLN-11015,Prada Sunglasses (OneSize),VN-ONLN-11015,Prada Sunglasses (OneSize),CIN7_IMPORT,Vintage,Vintage,1,3,customs desc; fibre; manufacturer,,,,1,,1,,1,,,CIN7,,NONE,,NONE,NO,fibre; manufacturer,Used Vintage garment
CONTINUITY,NEW,,,VN-ONLN-9321,Santa Teddy scarf (OneSize),VN-ONLN-9321,Santa Teddy scarf (OneSize),CIN7_IMPORT,Vintage,Vintage,1,3,customs desc; fibre; manufacturer,,,,1,,1,,1,,,CIN7,,NONE,,NONE,NO,fibre; manufacturer,Used Vintage garment
CONTINUITY,NEW,,,VN-ONLN-9324,80's Bandana (OneSize),VN-ONLN-9324,80's Bandana (OneSize),CIN7_IMPORT,Vintage,Vintage,1,3,customs desc; fibre; manufacturer,,,,1,,1,,1,,,CIN7,,NONE,,NONE,NO,fibre; manufacturer,Used Vintage garment
CONTINUITY,NEW,,,VN-ONLN-10557,1997 Toronto Half Marathon Running Tee (XL),VN-ONLN-10557,1997 Toronto Half Marathon Running Tee (XL),CIN7_IMPORT,Vintage,Vintage,1,3,customs desc; fibre; manufacturer,,,,1,,1,,1,,,CIN7,,NONE,,NONE,NO,fibre; manufacturer,Used Vintage garment
CONTINUITY,NEW,,,VN-ONLN-12063,2000's Prada Sport 3-in-1 GORE-TEX Coat jacket (L),VN-ONLN-12063,2000's Prada Sport 3-in-1 GORE-TEX Coat jacket (L),CIN7_IMPORT,Vintage,Vintage,1,3,customs desc; fibre; manufacturer,,,,1,,1,,1,,,CIN7,,NONE,,NONE,NO,fibre; manufacturer,Used Vintage garment
CONTINUITY,NEW,,,VN-ONLN-12388,Heavyweight Fireman Clasp Numbuck Leather Coat (XL),VN-ONLN-12388,Heavyweight Fireman Clasp Numbuck Leather Coat (XL),CIN7_IMPORT,Vintage,Vintage,1,3,customs desc; fibre; manufacturer,,,,1,,1,,1,,,CIN7,,NONE,,NONE,NO,fibre; manufacturer,Used Vintage garment
CONTINUITY,NEW,,,VN-ONLN-12703,Silk Resort Shirt (XL),VN-ONLN-12703,Silk Resort Shirt (XL),CIN7_IMPORT,Vintage,Vintage,1,3,customs desc; fibre; manufacturer,,,,1,,1,,1,,,CIN7,,NONE,,NONE,NO,fibre; manufacturer,Used Vintage garment
CONTINUITY,NEW,,,VN-ONLN-11499,Heavy Textured Shirt (M),VN-ONLN-11499,Heavy Textured Shirt (M),CIN7_IMPORT,Vintage,Vintage,1,3,customs desc; fibre; manufacturer,,,,1,,1,,1,,,CIN7,,NONE,,NONE,NO,fibre; manufacturer,Used Vintage garment
CONTINUITY,NEW,,,VN-ONLN-12652,SF 49ers Crewneck (L),VN-ONLN-12652,SF 49ers Crewneck (L),CIN7_IMPORT,Vintage,Vintage,1,3,customs desc; fibre; manufacturer,,,,1,,1,,1,,,CIN7,,NONE,,NONE,NO,fibre; manufacturer,Used Vintage garment
CONTINUITY,NEW,,,VN-ONLN-13015,Women's Virgnia Tech Rugby Shirt (L),VN-ONLN-13015,Women's Virgnia Tech Rugby Shirt (L),CIN7_IMPORT,Vintage,Vintage,1,3,customs desc; fibre; manufacturer,,,,1,,1,,1,,,CIN7,,NONE,,NONE,NO,fibre; manufacturer,Used Vintage garment
CONTINUITY,NEW,,,VN-ONLN-12364,Tommy Hilfiger Shirt (S),VN-ONLN-12364,Tommy Hilfiger Shirt (S),CIN7_IMPORT,Vintage,Vintage,1,3,customs desc; fibre; manufacturer,,,,1,,1,,1,,,CIN7,,NONE,,NONE,NO,fibre; manufacturer,Used Vintage garment
CONTINUITY,NEW,,,VN-ONLN-12143,Armani Jeans Crewneck (M),VN-ONLN-12143,Armani Jeans Crewneck (M),CIN7_IMPORT,Vintage,Vintage,1,3,customs desc; fibre; manufacturer,,,,1,,1,,1,,,CIN7,,NONE,,NONE,NO,fibre; manufacturer,Used Vintage garment
CONTINUITY,NEW,,,VN-ONLN-11142,Silk Resort Shirt (M),VN-ONLN-11142,Silk Resort Shirt (M),CIN7_IMPORT,Vintage,Vintage,1,3,customs desc; fibre; manufacturer,,,,1,,1,,1,,,CIN7,,NONE,,NONE,NO,fibre; manufacturer,Used Vintage garment
CONTINUITY,NEW,,,VN-ONLN-13198,Odense Boldklub Football Scarf (OneSize),VN-ONLN-13198,Odense Boldklub Football Scarf (OneSize),CIN7_IMPORT,Vintage,Vintage,1,3,customs desc; fibre; manufacturer,,,,1,,1,,1,,,CIN7,,NONE,,NONE,NO,fibre; manufacturer,Used Vintage garment
CONTINUITY,NEW,,,VN-ONLN-9800,1996 Steelers Superbowl tee (M),VN-ONLN-9800,1996 Steelers Superbowl tee (M),CIN7_IMPORT,Vintage,Vintage,1,3,customs desc; fibre; manufacturer,,,,1,,1,,1,,,CIN7,,NONE,,NONE,NO,fibre; manufacturer,Used Vintage garment
CONTINUITY,NEW,,,VN-ONLN-12488,Timberland Sweatshirt (XL),VN-ONLN-12488,Timberland Sweatshirt (XL),CIN7_IMPORT,Vintage,Vintage,1,3,customs desc; fibre; manufacturer,,,,1,,1,,1,,,CIN7,,NONE,,NONE,NO,fibre; manufacturer,Used Vintage garment
CONTINUITY,NEW,,,VN-ONLN-13296,Caribbean Rayon Shirt (L),VN-ONLN-13296,Caribbean Rayon Shirt (L),CIN7_IMPORT,Vintage,Vintage,1,3,customs desc; fibre; manufacturer,,,,1,,1,,1,,,CIN7,,NONE,,NONE,NO,fibre; manufacturer,Used Vintage garment
CONTINUITY,NEW,,,VN-ONLN-13584,OshKosh Western Flannel Shirt (XL),VN-ONLN-13584,OshKosh Western Flannel Shirt (XL),CIN7_IMPORT,Vintage,Vintage,1,3,customs desc; fibre; manufacturer,,,,1,,1,,1,,,CIN7,,NONE,,NONE,NO,fibre; manufacturer,Used Vintage garment
CONTINUITY,NEW,,,VN-ONLN-10053,Harley Tee (L),VN-ONLN-10053,Harley Tee (L),CIN7_IMPORT,Vintage,Vintage,1,3,customs desc; fibre; manufacturer,,,,1,,1,,1,,,CIN7,,NONE,,NONE,NO,fibre; manufacturer,Used Vintage garment
CONTINUITY,NEW,,,VN-ONLN-13324,"Kelloggs ""The Breakfast Club"" Tee (XL)",VN-ONLN-13324,"Kelloggs ""The Breakfast Club"" Tee (XL)",CIN7_IMPORT,Vintage,Vintage,1,3,customs desc; fibre; manufacturer,,,,1,,1,,1,,,CIN7,,NONE,,NONE,NO,fibre; manufacturer,Used Vintage garment
CONTINUITY,NEW,,,VN-ONLN-13511,Nebraska Husker Tee (XL),VN-ONLN-13511,Nebraska Husker Tee (XL),CIN7_IMPORT,Vintage,Vintage,1,3,customs desc; fibre; manufacturer,,,,1,,1,,1,,,CIN7,,NONE,,NONE,NO,fibre; manufacturer,Used Vintage garment
CONTINUITY,NEW,,,VN-ONLN-11505,Heavy Textured Shirt (M),VN-ONLN-11505,Heavy Textured Shirt (M),CIN7_IMPORT,Vintage,Vintage,1,3,customs desc; fibre; manufacturer,,,,1,,1,,1,,,CIN7,,NONE,,NONE,NO,fibre; manufacturer,Used Vintage garment
CONTINUITY,NEW,,,VN-ONLN-13169,Women's Tommy Hilfiger Tennis Dress (S),VN-ONLN-13169,Women's Tommy Hilfiger Tennis Dress (S),CIN7_IMPORT,Vintage,Vintage,1,3,customs desc; fibre; manufacturer,,,,1,,1,,1,,,CIN7,,NONE,,NONE,NO,fibre; manufacturer,Used Vintage garment
CONTINUITY,NEW,,,VN-ONLN-12569,Pattern Jaquard Knit Sweater (S),VN-ONLN-12569,Pattern Jaquard Knit Sweater (S),CIN7_IMPORT,Vintage,Vintage,1,3,customs desc; fibre; manufacturer,,,,1,,1,,1,,,CIN7,,NONE,,NONE,NO,fibre; manufacturer,Used Vintage garment
CONTINUITY,NEW,,,VN-ONLN-10498,Marlboro Classics Pique (M) (M),VN-ONLN-10498,Marlboro Classics Pique (M) (M),CIN7_IMPORT,Vintage,Vintage,1,3,customs desc; fibre; manufacturer,,,,1,,1,,1,,,CIN7,,NONE,,NONE,NO,fibre; manufacturer,Used Vintage garment
CONTINUITY,NEW,,,VN-ONLN-13037,Ecko Unltd Denim Shorts (W36),VN-ONLN-13037,Ecko Unltd Denim Shorts (W36),CIN7_IMPORT,Vintage,Vintage,1,3,customs desc; fibre; manufacturer,,,,1,,1,,1,,,CIN7,,NONE,,NONE,NO,fibre; manufacturer,Used Vintage garment
CONTINUITY,NEW,,,VN-ONLN-9024,80's Georgetown Bulldogs sweat (M),VN-ONLN-9024,80's Georgetown Bulldogs sweat (M),CIN7_IMPORT,Vintage,Vintage,1,3,customs desc; fibre; manufacturer,,,,1,,1,,1,,,CIN7,,NONE,,NONE,NO,fibre; manufacturer,Used Vintage garment
CONTINUITY,NEW,,,VN-ONLN-13415,Van Wert Peony Festival Tee (XL),VN-ONLN-13415,Van Wert Peony Festival Tee (XL),CIN7_IMPORT,Vintage,Vintage,1,3,customs desc; fibre; manufacturer,,,,1,,1,,1,,,CIN7,,NONE,,NONE,NO,fibre; manufacturer,Used Vintage garment
CONTINUITY,NEW,,,VN-ONLN-13458,Quad-City Times Hoopfest Tee (XL),VN-ONLN-13458,Quad-City Times Hoopfest Tee (XL),CIN7_IMPORT,Vintage,Vintage,1,3,customs desc; fibre; manufacturer,,,,1,,1,,1,,,CIN7,,NONE,,NONE,NO,fibre; manufacturer,Used Vintage garment
CONTINUITY,NEW,,,VN-ONLN-13028,Women's Rugby Shirt (L),VN-ONLN-13028,Women's Rugby Shirt (L),CIN7_IMPORT,Vintage,Vintage,1,3,customs desc; fibre; manufacturer,,,,1,,1,,1,,,CIN7,,NONE,,NONE,NO,fibre; manufacturer,Used Vintage garment
CONTINUITY,NEW,,,VN-ONLN-9765,Hugo Boss extra fine merino sweater (S),VN-ONLN-9765,Hugo Boss extra fine merino sweater (S),CIN7_IMPORT,Vintage,Vintage,1,3,customs desc; fibre; manufacturer,,,,1,,1,,1,,,CIN7,,NONE,,NONE,NO,fibre; manufacturer,Used Vintage garment
CONTINUITY,NEW,,,VN-ONLN-13491,Silk Resort Shirt (M),VN-ONLN-13491,Silk Resort Shirt (M),CIN7_IMPORT,Vintage,Vintage,1,3,customs desc; fibre; manufacturer,,,,1,,1,,1,,,CIN7,,NONE,,NONE,NO,fibre; manufacturer,Used Vintage garment
CONTINUITY,NEW,,,EXT-PR-AVR-NG,Avoriaz Lisse Neige,EXT-PR-AVR-NG,Avoriaz Lisse Neige,CIN7_IMPORT,Paraboot,Paraboot,6,3,customs desc; fibre; manufacturer,,,,1,,1,,1,,,CIN7,,NONE,,NONE,NO,fibre; manufacturer,Men Shoes
CONTINUITY,NEW,,,LIV-PLTH-BRWN-MHR-MX,Plath Brown Mohair Mix,LIV-PLTH-BRWN-MHR-MX,Plath Brown Mohair Mix,CIN7_IMPORT,Livid Unisex,Livid,1,3,customs desc; fibre; manufacturer,,,,1,,1,,1,,,CIN7,,CIN7,,NONE,NO,manufacturer,Men's beanie - 100% Wool
CONTINUITY,NEW,,,VN-ONLN-11507,Light Print Shirt (L),VN-ONLN-11507,Light Print Shirt (L),CIN7_IMPORT,Vintage,Vintage,1,3,customs desc; fibre; manufacturer,,,,1,,1,,1,,,CIN7,,NONE,,NONE,NO,fibre; manufacturer,Used Vintage garment
CONTINUITY,NEW,,,VN-ONLN-11916,Napapijiri Knit Sweater  (XL),VN-ONLN-11916,Napapijiri Knit Sweater  (XL),CIN7_IMPORT,Vintage,Vintage,1,3,customs desc; fibre; manufacturer,,,,1,,1,,1,,,CIN7,,NONE,,NONE,NO,fibre; manufacturer,Used Vintage garment
CONTINUITY,NEW,,,VN-ONLN-9994,Lacoste cotton sweater (M),VN-ONLN-9994,Lacoste cotton sweater (M),CIN7_IMPORT,Vintage,Vintage,1,3,customs desc; fibre; manufacturer,,,,1,,1,,1,,,CIN7,,NONE,,NONE,NO,fibre; manufacturer,Used Vintage garment
CONTINUITY,NEW,,,VN-ONLN-13042,Tommy Jeans Denim Shorts (W27),VN-ONLN-13042,Tommy Jeans Denim Shorts (W27),CIN7_IMPORT,Vintage,Vintage,1,3,customs desc; fibre; manufacturer,,,,1,,1,,1,,,CIN7,,NONE,,NONE,NO,fibre; manufacturer,Used Vintage garment
CONTINUITY,NEW,,,EXT-PB-IBRS-NR,Iberis Lisse Noir,EXT-PB-IBRS-NR,Iberis Lisse Noir,CIN7_IMPORT,Paraboot,Paraboot,2,3,customs desc; fibre; manufacturer,,,,1,,1,,1,,,CIN7,,NONE,,NONE,NO,fibre; manufacturer,Men Shoes
CONTINUITY,NEW,,,VN-ONLN-11487,Heavy Textured Short Sleeve Shirt (XL),VN-ONLN-11487,Heavy Textured Short Sleeve Shirt (XL),CIN7_IMPORT,Vintage,Vintage,1,3,customs desc; fibre; manufacturer,,,,1,,1,,1,,,CIN7,,NONE,,NONE,NO,fibre; manufacturer,Used Vintage garment
CONTINUITY,NEW,,,VN-ONLN-13104,Harley-Davidson Denim Shirt (L),VN-ONLN-13104,Harley-Davidson Denim Shirt (L),CIN7_IMPORT,Vintage,Vintage,1,3,customs desc; fibre; manufacturer,,,,1,,1,,1,,,CIN7,,NONE,,NONE,NO,fibre; manufacturer,Used Vintage garment
CONTINUITY,NEW,,,VN-ONLN-11133,Silk Resort Shirt (M),VN-ONLN-11133,Silk Resort Shirt (M),CIN7_IMPORT,Vintage,Vintage,1,3,customs desc; fibre; manufacturer,,,,1,,1,,1,,,CIN7,,NONE,,NONE,NO,fibre; manufacturer,Used Vintage garment
CONTINUITY,NEW,,,VN-ONLN-11152,Pierre Cardin Silk Shirt (S),VN-ONLN-11152,Pierre Cardin Silk Shirt (S),CIN7_IMPORT,Vintage,Vintage,1,3,customs desc; fibre; manufacturer,,,,1,,1,,1,,,CIN7,,NONE,,NONE,NO,fibre; manufacturer,Used Vintage garment
CONTINUITY,NEW,,,VN-ONLN-9189,80's Lee Rider Denim jacket (M),VN-ONLN-9189,80's Lee Rider Denim jacket (M),CIN7_IMPORT,Vintage,Vintage,1,3,customs desc; fibre; manufacturer,,,,1,,1,,1,,,CIN7,,NONE,,NONE,NO,fibre; manufacturer,Used Vintage garment
CONTINUITY,NEW,,,VN-ONLN-13214,Carhartt Newel Pant Denim Shorts (W32),VN-ONLN-13214,Carhartt Newel Pant Denim Shorts (W32),CIN7_IMPORT,Vintage,Vintage,1,3,customs desc; fibre; manufacturer,,,,1,,1,,1,,,CIN7,,NONE,,NONE,NO,fibre; manufacturer,Used Vintage garment
CONTINUITY,NEW,,,LIV-FM-NIHM-BK,Niamh Japan Black,LIV-FM-NIHM-BK,Niamh Japan Black,CIN7_IMPORT,Livid Femme,Livid,1,3,customs desc; fibre; manufacturer,,,,1,,1,,1,,,CIN7,,CIN7,,NONE,NO,manufacturer,Women Dress - 100% Cotton
CONTINUITY,NEW,,,VN-ONLN-11555,90's Tommy Hilfiger Quarter Zip (XL),VN-ONLN-11555,90's Tommy Hilfiger Quarter Zip (XL),CIN7_IMPORT,Vintage,Vintage,1,3,customs desc; fibre; manufacturer,,,,1,,1,,1,,,CIN7,,NONE,,NONE,NO,fibre; manufacturer,Used Vintage garment
CONTINUITY,NEW,,,VN-ONLN-9806,1991 Cowboy boot print tee (L),VN-ONLN-9806,1991 Cowboy boot print tee (L),CIN7_IMPORT,Vintage,Vintage,1,3,customs desc; fibre; manufacturer,,,,1,,1,,1,,,CIN7,,NONE,,NONE,NO,fibre; manufacturer,Used Vintage garment
CONTINUITY,NEW,,,VN-ONLN-13506,M&M Mars Tee (L),VN-ONLN-13506,M&M Mars Tee (L),CIN7_IMPORT,Vintage,Vintage,1,3,customs desc; fibre; manufacturer,,,,1,,1,,1,,,CIN7,,NONE,,NONE,NO,fibre; manufacturer,Used Vintage garment
CONTINUITY,NEW,,,VN-ONLN-12510,Burberry Body Pyjamas Complete Set (XL),VN-ONLN-12510,Burberry Body Pyjamas Complete Set (XL),CIN7_IMPORT,Vintage,Vintage,1,3,customs desc; fibre; manufacturer,,,,1,,1,,1,,,CIN7,,NONE,,NONE,NO,fibre; manufacturer,Used Vintage garment
CONTINUITY,NEW,,,VN-ONLN-10988,Nina Ricci Sunglasses (OneSize),VN-ONLN-10988,Nina Ricci Sunglasses (OneSize),CIN7_IMPORT,Vintage,Vintage,1,3,customs desc; fibre; manufacturer,,,,1,,1,,1,,,CIN7,,NONE,,NONE,NO,fibre; manufacturer,Used Vintage garment
CONTINUITY,NEW,,,VN-ONLN-10037,90's Minnesota Vikings Sweat (L),VN-ONLN-10037,90's Minnesota Vikings Sweat (L),CIN7_IMPORT,Vintage,Vintage,1,3,customs desc; fibre; manufacturer,,,,1,,1,,1,,,CIN7,,NONE,,NONE,NO,fibre; manufacturer,Used Vintage garment
CONTINUITY,NEW,,,VN-ONLN-11156,Silk Resort Shirt (XL),VN-ONLN-11156,Silk Resort Shirt (XL),CIN7_IMPORT,Vintage,Vintage,1,3,customs desc; fibre; manufacturer,,,,1,,1,,1,,,CIN7,,NONE,,NONE,NO,fibre; manufacturer,Used Vintage garment
CONTINUITY,NEW,,,VN-ONLN-11321,Tommy Hilfilger Shirt (L),VN-ONLN-11321,Tommy Hilfilger Shirt (L),CIN7_IMPORT,Vintage,Vintage,1,3,customs desc; fibre; manufacturer,,,,1,,1,,1,,,CIN7,,NONE,,NONE,NO,fibre; manufacturer,Used Vintage garment
CONTINUITY,NEW,,,VN-ONLN-12972,Levi's Flannel Shirt (XL),VN-ONLN-12972,Levi's Flannel Shirt (XL),CIN7_IMPORT,Vintage,Vintage,1,3,customs desc; fibre; manufacturer,,,,1,,1,,1,,,CIN7,,NONE,,NONE,NO,fibre; manufacturer,Used Vintage garment
CONTINUITY,NEW,,,VN-ONLN-9067,Levi's Western denim shirt (M),VN-ONLN-9067,Levi's Western denim shirt (M),CIN7_IMPORT,Vintage,Vintage,1,3,customs desc; fibre; manufacturer,,,,1,,1,,1,,,CIN7,,NONE,,NONE,NO,fibre; manufacturer,Used Vintage garment
CONTINUITY,NEW,,,VN-ONLN-12412,Tommy Hilfiger Flannel Shirt (M),VN-ONLN-12412,Tommy Hilfiger Flannel Shirt (M),CIN7_IMPORT,Vintage,Vintage,1,3,customs desc; fibre; manufacturer,,,,1,,1,,1,,,CIN7,,NONE,,NONE,NO,fibre; manufacturer,Used Vintage garment
CONTINUITY,NEW,,,VN-ONLN-10863,Silk Resort Shirt (L),VN-ONLN-10863,Silk Resort Shirt (L),CIN7_IMPORT,Vintage,Vintage,1,3,customs desc; fibre; manufacturer,,,,1,,1,,1,,,CIN7,,NONE,,NONE,NO,fibre; manufacturer,Used Vintage garment
CONTINUITY,NEW,,,VN-ONLN-10456,Nike Redskins Tee (XL) (L),VN-ONLN-10456,Nike Redskins Tee (XL) (L),CIN7_IMPORT,Vintage,Vintage,1,3,customs desc; fibre; manufacturer,,,,1,,1,,1,,,CIN7,,NONE,,NONE,NO,fibre; manufacturer,Used Vintage garment
CONTINUITY,NEW,,,VN-ONLN-10298,Silk textured shirt (M),VN-ONLN-10298,Silk textured shirt (M),CIN7_IMPORT,Vintage,Vintage,1,3,customs desc; fibre; manufacturer,,,,1,,1,,1,,,CIN7,,NONE,,NONE,NO,fibre; manufacturer,Used Vintage garment
CONTINUITY,NEW,,,VN-ONLN-11920,Tommy Hilfiger Knit Sweater (L),VN-ONLN-11920,Tommy Hilfiger Knit Sweater (L),CIN7_IMPORT,Vintage,Vintage,1,3,customs desc; fibre; manufacturer,,,,1,,1,,1,,,CIN7,,NONE,,NONE,NO,fibre; manufacturer,Used Vintage garment
CONTINUITY,NEW,,,LIV-Shea-W,Shea White Loose,LIV-Shea-W,Shea White Loose,CIN7_IMPORT,Livid Men,Livid,1,3,customs desc; fibre; manufacturer,,,,1,,1,,1,,,CIN7,,CIN7,,NONE,NO,manufacturer,Men's Shirt - 100% cotton
CONTINUITY,NEW,,,LIV-WST-CHRCL,West Black,LIV-WST-CHRCL,West Black,CIN7_IMPORT,Livid Men,Livid,2,3,customs desc; fibre; manufacturer,,,,1,,1,,1,,,CIN7,,CIN7,,NONE,NO,manufacturer,Men's Shirt - 100% cotton
CONTINUITY,NEW,,,LIV-EMRSN-JPN-DRY-SLVG,Emerson Japan Dry Selvage,LIV-EMRSN-JPN-DRY-SLVG,Emerson Japan Dry Selvage,CIN7_IMPORT,Livid Men,Livid,1,3,customs desc; fibre; manufacturer,,,,1,,1,,1,,,CIN7,,CIN7,,NONE,NO,manufacturer,Men's jeans - 100% cotton
CONTINUITY,NEW,,,VN-ONLN-11085,Polo by Ralph Lauren Shirt (L),VN-ONLN-11085,Polo by Ralph Lauren Shirt (L),CIN7_IMPORT,Vintage,Vintage,1,3,customs desc; fibre; manufacturer,,,,1,,1,,1,,,CIN7,,NONE,,NONE,NO,fibre; manufacturer,Used Vintage garment
CONTINUITY,NEW,,,VN-ONLN-11088,Polo by Ralph Lauren Shirt (M),VN-ONLN-11088,Polo by Ralph Lauren Shirt (M),CIN7_IMPORT,Vintage,Vintage,1,3,customs desc; fibre; manufacturer,,,,1,,1,,1,,,CIN7,,NONE,,NONE,NO,fibre; manufacturer,Used Vintage garment
CONTINUITY,NEW,,,VN-ONLN-11000,Cacharel Sunglasses (OneSize),VN-ONLN-11000,Cacharel Sunglasses (OneSize),CIN7_IMPORT,Vintage,Vintage,1,3,customs desc; fibre; manufacturer,,,,1,,1,,1,,,CIN7,,NONE,,NONE,NO,fibre; manufacturer,Used Vintage garment
CONTINUITY,NEW,,,VN-ONLN-12455,Jaquard Wool Knit Sweater (M),VN-ONLN-12455,Jaquard Wool Knit Sweater (M),CIN7_IMPORT,Vintage,Vintage,1,3,customs desc; fibre; manufacturer,,,,1,,1,,1,,,CIN7,,NONE,,NONE,NO,fibre; manufacturer,Used Vintage garment
CONTINUITY,NEW,,,LIV-NDL-TEE-WH,Needle Tee White,LIV-NDL-TEE-WH,Needle Tee White,CIN7_IMPORT,Livid Men,Livid,1,3,customs desc; fibre; manufacturer,,,,1,,1,,1,,,CIN7,,CIN7,,NONE,NO,manufacturer,Men's T-Shirt - 100% Cotton
CONTINUITY,NEW,,,VN-ONLN-9505,70's Pendleton Lodge shirt (S),VN-ONLN-9505,70's Pendleton Lodge shirt (S),CIN7_IMPORT,Vintage,Vintage,1,3,customs desc; fibre; manufacturer,,,,1,,1,,1,,,CIN7,,NONE,,NONE,NO,fibre; manufacturer,Used Vintage garment
CONTINUITY,NEW,,,VN-ONLN-11674,Timberland Shirt (L),VN-ONLN-11674,Timberland Shirt (L),CIN7_IMPORT,Vintage,Vintage,1,3,customs desc; fibre; manufacturer,,,,1,,1,,1,,,CIN7,,NONE,,NONE,NO,fibre; manufacturer,Used Vintage garment
CONTINUITY,NEW,,,VN-ONLN-13588,Hollywood Greyhound Track Tee (M),VN-ONLN-13588,Hollywood Greyhound Track Tee (M),CIN7_IMPORT,Vintage,Vintage,1,3,customs desc; fibre; manufacturer,,,,1,,1,,1,,,CIN7,,NONE,,NONE,NO,fibre; manufacturer,Used Vintage garment
CONTINUITY,NEW,,,VN-ONLN-12657,80's Champion Crewneck (L),VN-ONLN-12657,80's Champion Crewneck (L),CIN7_IMPORT,Vintage,Vintage,1,3,customs desc; fibre; manufacturer,,,,1,,1,,1,,,CIN7,,NONE,,NONE,NO,fibre; manufacturer,Used Vintage garment
CONTINUITY,NEW,,,VN-ONLN-13131,Women's Benetton Shirt (M),VN-ONLN-13131,Women's Benetton Shirt (M),CIN7_IMPORT,Vintage,Vintage,1,3,customs desc; fibre; manufacturer,,,,1,,1,,1,,,CIN7,,NONE,,NONE,NO,fibre; manufacturer,Used Vintage garment
CONTINUITY,NEW,,,VN-ONLN-12691,Polo Ralph Lauren Striped Shirt (S),VN-ONLN-12691,Polo Ralph Lauren Striped Shirt (S),CIN7_IMPORT,Vintage,Vintage,1,3,customs desc; fibre; manufacturer,,,,1,,1,,1,,,CIN7,,NONE,,NONE,NO,fibre; manufacturer,Used Vintage garment
CONTINUITY,NEW,,,VN-ONLN-13242,Silk Resort Shirt (L),VN-ONLN-13242,Silk Resort Shirt (L),CIN7_IMPORT,Vintage,Vintage,1,3,customs desc; fibre; manufacturer,,,,1,,1,,1,,,CIN7,,NONE,,NONE,NO,fibre; manufacturer,Used Vintage garment
CONTINUITY,NEW,,,VN-ONLN-9451,Nissan Service work shirt (2XL),VN-ONLN-9451,Nissan Service work shirt (2XL),CIN7_IMPORT,Vintage,Vintage,1,3,customs desc; fibre; manufacturer,,,,1,,1,,1,,,CIN7,,NONE,,NONE,NO,fibre; manufacturer,Used Vintage garment
CONTINUITY,NEW,,,VN-ONLN-12650,Champion Harvard College Crewneck (S),VN-ONLN-12650,Champion Harvard College Crewneck (S),CIN7_IMPORT,Vintage,Vintage,1,3,customs desc; fibre; manufacturer,,,,1,,1,,1,,,CIN7,,NONE,,NONE,NO,fibre; manufacturer,Used Vintage garment
CONTINUITY,NEW,,,VN-ONLN-11672,L.L. Bean Shirt (M),VN-ONLN-11672,L.L. Bean Shirt (M),CIN7_IMPORT,Vintage,Vintage,1,3,customs desc; fibre; manufacturer,,,,1,,1,,1,,,CIN7,,NONE,,NONE,NO,fibre; manufacturer,Used Vintage garment
CONTINUITY,NEW,,,VN-ONLN-10275,Cordura Racing jacket (M),VN-ONLN-10275,Cordura Racing jacket (M),CIN7_IMPORT,Vintage,Vintage,1,3,customs desc; fibre; manufacturer,,,,1,,1,,1,,,CIN7,,NONE,,NONE,NO,fibre; manufacturer,Used Vintage garment
CONTINUITY,NEW,,,VN-ONLN-12420,Bow Striped Knit Sweater (M),VN-ONLN-12420,Bow Striped Knit Sweater (M),CIN7_IMPORT,Vintage,Vintage,1,3,customs desc; fibre; manufacturer,,,,1,,1,,1,,,CIN7,,NONE,,NONE,NO,fibre; manufacturer,Used Vintage garment
CONTINUITY,NEW,,,VN-ONLN-10020,Chaps Ralph Lauren quarter-zip sweater (XL),VN-ONLN-10020,Chaps Ralph Lauren quarter-zip sweater (XL),CIN7_IMPORT,Vintage,Vintage,1,3,customs desc; fibre; manufacturer,,,,1,,1,,1,,,CIN7,,NONE,,NONE,NO,fibre; manufacturer,Used Vintage garment
CONTINUITY,NEW,,,VN-ONLN-11118,Tommy Bahama Silk Shirt (M),VN-ONLN-11118,Tommy Bahama Silk Shirt (M),CIN7_IMPORT,Vintage,Vintage,1,3,customs desc; fibre; manufacturer,,,,1,,1,,1,,,CIN7,,NONE,,NONE,NO,fibre; manufacturer,Used Vintage garment
CONTINUITY,NEW,,,VN-ONLN-13348,Women's Belstaff Nylon Jacket (L),VN-ONLN-13348,Women's Belstaff Nylon Jacket (L),CIN7_IMPORT,Vintage,Vintage,1,3,customs desc; fibre; manufacturer,,,,1,,1,,1,,,CIN7,,NONE,,NONE,NO,fibre; manufacturer,Used Vintage garment
CONTINUITY,NEW,,,VN-ONLN-10966,Wrangler Carpenter Denim Shorts (W34),VN-ONLN-10966,Wrangler Carpenter Denim Shorts (W34),CIN7_IMPORT,Vintage,Vintage,1,3,customs desc; fibre; manufacturer,,,,1,,1,,1,,,CIN7,,NONE,,NONE,NO,fibre; manufacturer,Used Vintage garment
CONTINUITY,NEW,,,VN-ONLN-11465,90's Plain College Sweat (S),VN-ONLN-11465,90's Plain College Sweat (S),CIN7_IMPORT,Vintage,Vintage,1,3,customs desc; fibre; manufacturer,,,,1,,1,,1,,,CIN7,,NONE,,NONE,NO,fibre; manufacturer,Used Vintage garment
CONTINUITY,NEW,,,VN-ONLN-12996,Diesel Denim Division Sweatshirt (S),VN-ONLN-12996,Diesel Denim Division Sweatshirt (S),CIN7_IMPORT,Vintage,Vintage,1,3,customs desc; fibre; manufacturer,,,,1,,1,,1,,,CIN7,,NONE,,NONE,NO,fibre; manufacturer,Used Vintage garment
CONTINUITY,NEW,,,VN-ONLN-11962,Brooks Brothers 346 Shirt (S),VN-ONLN-11962,Brooks Brothers 346 Shirt (S),CIN7_IMPORT,Vintage,Vintage,1,3,customs desc; fibre; manufacturer,,,,1,,1,,1,,,CIN7,,NONE,,NONE,NO,fibre; manufacturer,Used Vintage garment
CONTINUITY,NEW,,,VN-ONLN-10335,Tommy Hilfiger shirt (M),VN-ONLN-10335,Tommy Hilfiger shirt (M),CIN7_IMPORT,Vintage,Vintage,1,3,customs desc; fibre; manufacturer,,,,1,,1,,1,,,CIN7,,NONE,,NONE,NO,fibre; manufacturer,Used Vintage garment
CONTINUITY,NEW,,,VN-ONLN-11915,Diesel College Cardigan (XS),VN-ONLN-11915,Diesel College Cardigan (XS),CIN7_IMPORT,Vintage,Vintage,1,3,customs desc; fibre; manufacturer,,,,1,,1,,1,,,CIN7,,NONE,,NONE,NO,fibre; manufacturer,Used Vintage garment
CONTINUITY,NEW,,,VN-ONLN-12848,Diesel Sticker Tee (L),VN-ONLN-12848,Diesel Sticker Tee (L),CIN7_IMPORT,Vintage,Vintage,1,3,customs desc; fibre; manufacturer,,,,1,,1,,1,,,CIN7,,NONE,,NONE,NO,fibre; manufacturer,Used Vintage garment
CONTINUITY,NEW,,,LIV-HNS-BLCK,Hines Black,LIV-HNS-BLCK,Hines Black,CIN7_IMPORT,Livid Men,Livid,1,3,customs desc; fibre; manufacturer,,,,1,,1,,1,,,CIN7,,CIN7,,NONE,NO,manufacturer,Men's Sweater - 100% cotton
CONTINUITY,NEW,,,VN-ONLN-12107,Napapjiri Wool Knit (3XL),VN-ONLN-12107,Napapjiri Wool Knit (3XL),CIN7_IMPORT,Vintage,Vintage,1,3,customs desc; fibre; manufacturer,,,,1,,1,,1,,,CIN7,,NONE,,NONE,NO,fibre; manufacturer,Used Vintage garment
CONTINUITY,NEW,,,VN-ONLN-10102,90's Nike Basketball camp tee (XL),VN-ONLN-10102,90's Nike Basketball camp tee (XL),CIN7_IMPORT,Vintage,Vintage,1,3,customs desc; fibre; manufacturer,,,,1,,1,,1,,,CIN7,,NONE,,NONE,NO,fibre; manufacturer,Used Vintage garment
CONTINUITY,NEW,,,VN-ONLN-10025,Chaps Ralph Lauren quarter-zip sweater (S),VN-ONLN-10025,Chaps Ralph Lauren quarter-zip sweater (S),CIN7_IMPORT,Vintage,Vintage,1,3,customs desc; fibre; manufacturer,,,,1,,1,,1,,,CIN7,,NONE,,NONE,NO,fibre; manufacturer,Used Vintage garment
CONTINUITY,NEW,,,VN-ONLN-10825,Giorgio Armani Alitalia Uniform Shirt (S),VN-ONLN-10825,Giorgio Armani Alitalia Uniform Shirt (S),CIN7_IMPORT,Vintage,Vintage,1,3,customs desc; fibre; manufacturer,,,,1,,1,,1,,,CIN7,,NONE,,NONE,NO,fibre; manufacturer,Used Vintage garment
CONTINUITY,NEW,,,VN-ONLN-9339,70's Varsity jacket (S),VN-ONLN-9339,70's Varsity jacket (S),CIN7_IMPORT,Vintage,Vintage,1,3,customs desc; fibre; manufacturer,,,,1,,1,,1,,,CIN7,,NONE,,NONE,NO,fibre; manufacturer,Used Vintage garment
CONTINUITY,NEW,,,LIV-FM-NLTR-BK,Nil Turtle,LIV-FM-NLTR-BK,Nil Turtle,CIN7_IMPORT,Livid Femme,Livid,1,3,customs desc; fibre; manufacturer,,,,1,,1,,1,,,CIN7,,CIN7,,NONE,NO,manufacturer,Men's Sweater - 100% cotton
CONTINUITY,NEW,,,VN-ONLN-12954,Champion Track Pants (W29),VN-ONLN-12954,Champion Track Pants (W29),CIN7_IMPORT,Vintage,Vintage,1,3,customs desc; fibre; manufacturer,,,,1,,1,,1,,,CIN7,,NONE,,NONE,NO,fibre; manufacturer,Used Vintage garment
CONTINUITY,NEW,,,VN-ONLN-9756,Tommy Hilfiger light lambswool sweater (L),VN-ONLN-9756,Tommy Hilfiger light lambswool sweater (L),CIN7_IMPORT,Vintage,Vintage,1,3,customs desc; fibre; manufacturer,,,,1,,1,,1,,,CIN7,,NONE,,NONE,NO,fibre; manufacturer,Used Vintage garment
CONTINUITY,NEW,,,VN-ONLN-12620,Japanese Reflective Worker Jacket (M),VN-ONLN-12620,Japanese Reflective Worker Jacket (M),CIN7_IMPORT,Vintage,Vintage,1,4,price; customs desc; fibre; manufacturer,,1,,1,,1,,1,NONE,,CIN7,,NONE,,NONE,NO,price; fibre; manufacturer,Used Vintage garment
CONTINUITY,NEW,,,VN-ONLN-12517,Burberry Merino Wool Knit Sweater (S),VN-ONLN-12517,Burberry Merino Wool Knit Sweater (S),CIN7_IMPORT,Vintage,Vintage,1,3,customs desc; fibre; manufacturer,,,,1,,1,,1,,,CIN7,,NONE,,NONE,NO,fibre; manufacturer,Used Vintage garment
CONTINUITY,NEW,,,VN-ONLN-11028,1996 Oakland Athletics Loony Toons Tee (XL),VN-ONLN-11028,1996 Oakland Athletics Loony Toons Tee (XL),CIN7_IMPORT,Vintage,Vintage,1,3,customs desc; fibre; manufacturer,,,,1,,1,,1,,,CIN7,,NONE,,NONE,NO,fibre; manufacturer,Used Vintage garment
CONTINUITY,NEW,,,LIV-WST-TP,West Taupe,LIV-WST-TP,West Taupe,CIN7_IMPORT,Livid Men,Livid,1,3,customs desc; fibre; manufacturer,,,,1,,1,,1,,,CIN7,,CIN7,,NONE,NO,manufacturer,Men's Shirt - 100% cotton
CONTINUITY,NEW,,,VN-ONLN-10804,Trussardi Jeans Longsleeve (2XL),VN-ONLN-10804,Trussardi Jeans Longsleeve (2XL),CIN7_IMPORT,Vintage,Vintage,1,3,customs desc; fibre; manufacturer,,,,1,,1,,1,,,CIN7,,NONE,,NONE,NO,fibre; manufacturer,Used Vintage garment
CONTINUITY,NEW,,,VN-ONLN-10435,Jamaica Jaxx Silk Shirt (M) (M),VN-ONLN-10435,Jamaica Jaxx Silk Shirt (M) (M),CIN7_IMPORT,Vintage,Vintage,1,3,customs desc; fibre; manufacturer,,,,1,,1,,1,,,CIN7,,NONE,,NONE,NO,fibre; manufacturer,Used Vintage garment
CONTINUITY,NEW,,,VN-ONLN-13001,Diesel Shortsleeve Denim Vest (S),VN-ONLN-13001,Diesel Shortsleeve Denim Vest (S),CIN7_IMPORT,Vintage,Vintage,1,3,customs desc; fibre; manufacturer,,,,1,,1,,1,,,CIN7,,NONE,,NONE,NO,fibre; manufacturer,Used Vintage garment
CONTINUITY,NEW,,,LIV-JN-14-OZ-JPN-DRY-SLVG,Jone 14 Oz Japan Dry Selvage,LIV-JN-14-OZ-JPN-DRY-SLVG,Jone 14 Oz Japan Dry Selvage,CIN7_IMPORT,Livid Men,Livid,1,3,customs desc; fibre; manufacturer,,,,1,,1,,1,,,CIN7,,CIN7,,NONE,NO,manufacturer,Men's jeans - 100% cotton
CONTINUITY,NEW,,,VN-ONLN-12158,80's The Woodsman Camo Shirt (S),VN-ONLN-12158,80's The Woodsman Camo Shirt (S),CIN7_IMPORT,Vintage,Vintage,1,3,customs desc; fibre; manufacturer,,,,1,,1,,1,,,CIN7,,NONE,,NONE,NO,fibre; manufacturer,Used Vintage garment
CONTINUITY,NEW,,,VN-ONLN-10824,Vntage Fila light cotton Jacket (M),VN-ONLN-10824,Vntage Fila light cotton Jacket (M),CIN7_IMPORT,Vintage,Vintage,1,3,customs desc; fibre; manufacturer,,,,1,,1,,1,,,CIN7,,NONE,,NONE,NO,fibre; manufacturer,Used Vintage garment
CONTINUITY,NEW,,,LIV-FM-AYL-WH,Ayla Japan Crisp White,LIV-FM-AYL-WH,Ayla Japan Crisp White,CIN7_IMPORT,Livid Femme,Livid,1,3,customs desc; fibre; manufacturer,,,,1,,1,,1,,,CIN7,,NONE,,NONE,NO,fibre; manufacturer,500
CONTINUITY,NEW,,,VN-ONLN-11766,L.L. Bean Shirt (L),VN-ONLN-11766,L.L. Bean Shirt (L),CIN7_IMPORT,Vintage,Vintage,1,3,customs desc; fibre; manufacturer,,,,1,,1,,1,,,CIN7,,NONE,,NONE,NO,fibre; manufacturer,Used Vintage garment
CONTINUITY,NEW,,,VN-ONLN-9143,Y2K Buffalo Sabres Sweat (L),VN-ONLN-9143,Y2K Buffalo Sabres Sweat (L),CIN7_IMPORT,Vintage,Vintage,1,3,customs desc; fibre; manufacturer,,,,1,,1,,1,,,CIN7,,NONE,,NONE,NO,fibre; manufacturer,Used Vintage garment
CONTINUITY,NEW,,,LIV-TTA-GRY-MLNG,Teta Grey Melange,LIV-TTA-GRY-MLNG,Teta Grey Melange,CIN7_IMPORT,Livid Femme,Livid,2,3,customs desc; fibre; manufacturer,,,,1,,1,,1,,,CIN7,,CIN7,,NONE,NO,manufacturer,Men's Sweater - Knitted 100% wiil
CONTINUITY,NEW,,,VN-ONLN-13582,L.L. Bean Striped Western Shirt (M),VN-ONLN-13582,L.L. Bean Striped Western Shirt (M),CIN7_IMPORT,Vintage,Vintage,1,3,customs desc; fibre; manufacturer,,,,1,,1,,1,,,CIN7,,NONE,,NONE,NO,fibre; manufacturer,Used Vintage garment
CONTINUITY,NEW,,,VN-ONLN-11357,Tommy Hilfilger Shirt (M),VN-ONLN-11357,Tommy Hilfilger Shirt (M),CIN7_IMPORT,Vintage,Vintage,1,3,customs desc; fibre; manufacturer,,,,1,,1,,1,,,CIN7,,NONE,,NONE,NO,fibre; manufacturer,Used Vintage garment
CONTINUITY,NEW,,,VN-ONLN-11458,Nike Hoodie  (S),VN-ONLN-11458,Nike Hoodie  (S),CIN7_IMPORT,Vintage,Vintage,1,3,customs desc; fibre; manufacturer,,,,1,,1,,1,,,CIN7,,NONE,,NONE,NO,fibre; manufacturer,Used Vintage garment
CONTINUITY,NEW,,,VN-ONLN-10752,Moschino Love Tee (S),VN-ONLN-10752,Moschino Love Tee (S),CIN7_IMPORT,Vintage,Vintage,1,3,customs desc; fibre; manufacturer,,,,1,,1,,1,,,CIN7,,NONE,,NONE,NO,fibre; manufacturer,Used Vintage garment
CONTINUITY,NEW,,,VN-ONLN-10069,80's Bandana (OneSize),VN-ONLN-10069,80's Bandana (OneSize),CIN7_IMPORT,Vintage,Vintage,1,3,customs desc; fibre; manufacturer,,,,1,,1,,1,,,CIN7,,NONE,,NONE,NO,fibre; manufacturer,Used Vintage garment
CONTINUITY,NEW,,,VN-ONLN-12535,Burberry Linen Shirt (XL),VN-ONLN-12535,Burberry Linen Shirt (XL),CIN7_IMPORT,Vintage,Vintage,1,3,customs desc; fibre; manufacturer,,,,1,,1,,1,,,CIN7,,NONE,,NONE,NO,fibre; manufacturer,Used Vintage garment
CONTINUITY,NEW,,,VN-ONLN-9915,Tommy Hilfiger striped shirt (XL),VN-ONLN-9915,Tommy Hilfiger striped shirt (XL),CIN7_IMPORT,Vintage,Vintage,1,3,customs desc; fibre; manufacturer,,,,1,,1,,1,,,CIN7,,NONE,,NONE,NO,fibre; manufacturer,Used Vintage garment
CONTINUITY,NEW,,,VN-ONLN-12658,Champion Crewneck (XS),VN-ONLN-12658,Champion Crewneck (XS),CIN7_IMPORT,Vintage,Vintage,1,3,customs desc; fibre; manufacturer,,,,1,,1,,1,,,CIN7,,NONE,,NONE,NO,fibre; manufacturer,Used Vintage garment
CONTINUITY,NEW,,,VN-ONLN-13366,Jamaica Jaxx Silk Shirt (L),VN-ONLN-13366,Jamaica Jaxx Silk Shirt (L),CIN7_IMPORT,Vintage,Vintage,1,3,customs desc; fibre; manufacturer,,,,1,,1,,1,,,CIN7,,NONE,,NONE,NO,fibre; manufacturer,Used Vintage garment
CONTINUITY,NEW,,,VN-ONLN-12174,Armani Jeans Cardigan (S),VN-ONLN-12174,Armani Jeans Cardigan (S),CIN7_IMPORT,Vintage,Vintage,1,3,customs desc; fibre; manufacturer,,,,1,,1,,1,,,CIN7,,NONE,,NONE,NO,fibre; manufacturer,Used Vintage garment
CONTINUITY,NEW,,,LIV-NDLTE-WH,Needle Tee White Fluid,LIV-NDLTE-WH,Needle Tee White Fluid,CIN7_IMPORT,Livid Femme,Livid,2,3,customs desc; fibre; manufacturer,,,,1,,1,,1,,,CIN7,,CIN7,,NONE,NO,manufacturer,Men's T-Shirt - 100% Cotton
CONTINUITY,NEW,,,LIV-CSSDY-BG,Cassidy Beige,LIV-CSSDY-BG,Cassidy Beige,CIN7_IMPORT,Livid Men,Livid,3,3,customs desc; fibre; manufacturer,,,,1,,1,,1,,,CIN7,,CIN7,,NONE,NO,manufacturer,Men's Shirt - 100% cotton
CONTINUITY,NEW,,,VN-ONLN-12459,St. Johns Bay Flannel Shirt (L),VN-ONLN-12459,St. Johns Bay Flannel Shirt (L),CIN7_IMPORT,Vintage,Vintage,1,3,customs desc; fibre; manufacturer,,,,1,,1,,1,,,CIN7,,NONE,,NONE,NO,fibre; manufacturer,Used Vintage garment
CONTINUITY,NEW,,,VN-ONLN-13211,Ralph Lauren Shirt (L),VN-ONLN-13211,Ralph Lauren Shirt (L),CIN7_IMPORT,Vintage,Vintage,1,3,customs desc; fibre; manufacturer,,,,1,,1,,1,,,CIN7,,NONE,,NONE,NO,fibre; manufacturer,Used Vintage garment
CONTINUITY,NEW,,,VN-ONLN-13084,Carhartt Carpenter Shorts (W35),VN-ONLN-13084,Carhartt Carpenter Shorts (W35),CIN7_IMPORT,Vintage,Vintage,1,3,customs desc; fibre; manufacturer,,,,1,,1,,1,,,CIN7,,NONE,,NONE,NO,fibre; manufacturer,Used Vintage garment
CONTINUITY,NEW,,,VN-ONLN-13413,Family Reunion Tee (XL),VN-ONLN-13413,Family Reunion Tee (XL),CIN7_IMPORT,Vintage,Vintage,1,3,customs desc; fibre; manufacturer,,,,1,,1,,1,,,CIN7,,NONE,,NONE,NO,fibre; manufacturer,Used Vintage garment
CONTINUITY,NEW,,,VN-ONLN-11078,Lee Western Shirt (L),VN-ONLN-11078,Lee Western Shirt (L),CIN7_IMPORT,Vintage,Vintage,1,3,customs desc; fibre; manufacturer,,,,1,,1,,1,,,CIN7,,NONE,,NONE,NO,fibre; manufacturer,Used Vintage garment
CONTINUITY,NEW,,,VN-ONLN-10011,Polo Ralph Lauren Shirt (XL),VN-ONLN-10011,Polo Ralph Lauren Shirt (XL),CIN7_IMPORT,Vintage,Vintage,1,3,customs desc; fibre; manufacturer,,,,1,,1,,1,,,CIN7,,NONE,,NONE,NO,fibre; manufacturer,Used Vintage garment
CONTINUITY,NEW,,,VN-ONLN-13545,Levi's Western Denim Shirt (XL),VN-ONLN-13545,Levi's Western Denim Shirt (XL),CIN7_IMPORT,Vintage,Vintage,1,3,customs desc; fibre; manufacturer,,,,1,,1,,1,,,CIN7,,NONE,,NONE,NO,fibre; manufacturer,Used Vintage garment
CONTINUITY,NEW,,,VN-ONLN-12234,Jaquard Wool Knit Sweater (M),VN-ONLN-12234,Jaquard Wool Knit Sweater (M),CIN7_IMPORT,Vintage,Vintage,1,3,customs desc; fibre; manufacturer,,,,1,,1,,1,,,CIN7,,NONE,,NONE,NO,fibre; manufacturer,Used Vintage garment
CONTINUITY,NEW,,,VN-ONLN-9544,80's American wool sweater (M),VN-ONLN-9544,80's American wool sweater (M),CIN7_IMPORT,Vintage,Vintage,1,3,customs desc; fibre; manufacturer,,,,1,,1,,1,,,CIN7,,NONE,,NONE,NO,fibre; manufacturer,Used Vintage garment
CONTINUITY,NEW,,,LIV-RLY-STM,Riley Stone Melange,LIV-RLY-STM,Riley Stone Melange,CIN7_IMPORT,Livid Men,Livid,2,3,customs desc; fibre; manufacturer,,,,1,,1,,1,,,CIN7,,CIN7,,NONE,NO,manufacturer,Men's Sweater - Knitted 100% wiil
CONTINUITY,NEW,,,VN-ONLN-12912,Polo Ralph Lauren Shirt (L),VN-ONLN-12912,Polo Ralph Lauren Shirt (L),CIN7_IMPORT,Vintage,Vintage,1,3,customs desc; fibre; manufacturer,,,,1,,1,,1,,,CIN7,,NONE,,NONE,NO,fibre; manufacturer,Used Vintage garment
CONTINUITY,NEW,,,VN-ONLN-13446,Wrangler Western Aztec Shirt  (M),VN-ONLN-13446,Wrangler Western Aztec Shirt  (M),CIN7_IMPORT,Vintage,Vintage,1,3,customs desc; fibre; manufacturer,,,,1,,1,,1,,,CIN7,,NONE,,NONE,NO,fibre; manufacturer,Used Vintage garment
CONTINUITY,NEW,,,VN-ONLN-10488,Reebok Raiders Pique (XL) (XL),VN-ONLN-10488,Reebok Raiders Pique (XL) (XL),CIN7_IMPORT,Vintage,Vintage,1,3,customs desc; fibre; manufacturer,,,,1,,1,,1,,,CIN7,,NONE,,NONE,NO,fibre; manufacturer,Used Vintage garment
CONTINUITY,NEW,,,VN-ONLN-13594,80's Chicago Bulls x Tasmanian Devil Dunk Tee (L),VN-ONLN-13594,80's Chicago Bulls x Tasmanian Devil Dunk Tee (L),CIN7_IMPORT,Vintage,Vintage,1,3,customs desc; fibre; manufacturer,,,,1,,1,,1,,,CIN7,,NONE,,NONE,NO,fibre; manufacturer,Used Vintage garment
CONTINUITY,NEW,,,VN-ONLN-11760,Woolrich Shirt (L),VN-ONLN-11760,Woolrich Shirt (L),CIN7_IMPORT,Vintage,Vintage,1,3,customs desc; fibre; manufacturer,,,,1,,1,,1,,,CIN7,,NONE,,NONE,NO,fibre; manufacturer,Used Vintage garment
CONTINUITY,NEW,,,VN-ONLN-11045,Lake Warden Shirt (M),VN-ONLN-11045,Lake Warden Shirt (M),CIN7_IMPORT,Vintage,Vintage,1,3,customs desc; fibre; manufacturer,,,,1,,1,,1,,,CIN7,,NONE,,NONE,NO,fibre; manufacturer,Used Vintage garment
CONTINUITY,NEW,,,CAS-ST,Cass Coat Stone,CAS-ST,Cass Coat Stone,CIN7_IMPORT,Livid Femme,Livid,2,3,customs desc; fibre; manufacturer,,,,1,,1,,1,,,CIN7,,CIN7,,NONE,NO,manufacturer,Men jacket - 100% cotton
CONTINUITY,NEW,,,VN-ONLN-11072,Wrangler Western Shirt (XL),VN-ONLN-11072,Wrangler Western Shirt (XL),CIN7_IMPORT,Vintage,Vintage,1,3,customs desc; fibre; manufacturer,,,,1,,1,,1,,,CIN7,,NONE,,NONE,NO,fibre; manufacturer,Used Vintage garment
CONTINUITY,NEW,,,LIV-KLLROVD-PTTY,Nelson Putty Overdye,LIV-KLLROVD-PTTY,Nelson Putty Overdye,CIN7_IMPORT,Livid Men,Livid,1,3,customs desc; fibre; manufacturer,,,,1,,1,,1,,,CIN7,,CIN7,,NONE,NO,manufacturer,Men's Sweater - 100% cotton
CONTINUITY,NEW,,,VN-ONLN-11646,Traditional Knit Sweater (M),VN-ONLN-11646,Traditional Knit Sweater (M),CIN7_IMPORT,Vintage,Vintage,1,3,customs desc; fibre; manufacturer,,,,1,,1,,1,,,CIN7,,NONE,,NONE,NO,fibre; manufacturer,Used Vintage garment
CONTINUITY,NEW,,,VN-ONLN-13246,Silk Resort Shirt (XL),VN-ONLN-13246,Silk Resort Shirt (XL),CIN7_IMPORT,Vintage,Vintage,1,3,customs desc; fibre; manufacturer,,,,1,,1,,1,,,CIN7,,NONE,,NONE,NO,fibre; manufacturer,Used Vintage garment
CONTINUITY,NEW,,,VN-ONLN-13036,Roc-A-Wear Denim Carpenter Denim Shorts (W32),VN-ONLN-13036,Roc-A-Wear Denim Carpenter Denim Shorts (W32),CIN7_IMPORT,Vintage,Vintage,1,3,customs desc; fibre; manufacturer,,,,1,,1,,1,,,CIN7,,NONE,,NONE,NO,fibre; manufacturer,Used Vintage garment
CONTINUITY,NEW,,,VN-ONLN-13307,Caribbean Shirt (XL),VN-ONLN-13307,Caribbean Shirt (XL),CIN7_IMPORT,Vintage,Vintage,1,3,customs desc; fibre; manufacturer,,,,1,,1,,1,,,CIN7,,NONE,,NONE,NO,fibre; manufacturer,Used Vintage garment
CONTINUITY,NEW,,,VN-ONLN-10842,Silk Resort Shirt (L),VN-ONLN-10842,Silk Resort Shirt (L),CIN7_IMPORT,Vintage,Vintage,1,3,customs desc; fibre; manufacturer,,,,1,,1,,1,,,CIN7,,NONE,,NONE,NO,fibre; manufacturer,Used Vintage garment
CONTINUITY,NEW,,,VN-ONLN-13369,Silk Resort Shirt (M),VN-ONLN-13369,Silk Resort Shirt (M),CIN7_IMPORT,Vintage,Vintage,1,3,customs desc; fibre; manufacturer,,,,1,,1,,1,,,CIN7,,NONE,,NONE,NO,fibre; manufacturer,Used Vintage garment
CONTINUITY,NEW,,,VN-ONLN-13355,"Carhartt ""Texas Bermuda"" Denim Shorts (W30)",VN-ONLN-13355,"Carhartt ""Texas Bermuda"" Denim Shorts (W30)",CIN7_IMPORT,Vintage,Vintage,1,3,customs desc; fibre; manufacturer,,,,1,,1,,1,,,CIN7,,NONE,,NONE,NO,fibre; manufacturer,Used Vintage garment
CONTINUITY,NEW,,,VN-ONLN-12082,Guess Sleeveless Shirt top (S),VN-ONLN-12082,Guess Sleeveless Shirt top (S),CIN7_IMPORT,Vintage,Vintage,1,3,customs desc; fibre; manufacturer,,,,1,,1,,1,,,CIN7,,NONE,,NONE,NO,fibre; manufacturer,Used Vintage garment
CONTINUITY,NEW,,,VN-ONLN-13578,Eddie Bauer Chamois Cloth Shirt (XL),VN-ONLN-13578,Eddie Bauer Chamois Cloth Shirt (XL),CIN7_IMPORT,Vintage,Vintage,1,3,customs desc; fibre; manufacturer,,,,1,,1,,1,,,CIN7,,NONE,,NONE,NO,fibre; manufacturer,Used Vintage garment
CONTINUITY,NEW,,,VN-ONLN-13121,Women's Joliete Tokyo Blouse (M),VN-ONLN-13121,Women's Joliete Tokyo Blouse (M),CIN7_IMPORT,Vintage,Vintage,1,3,customs desc; fibre; manufacturer,,,,1,,1,,1,,,CIN7,,NONE,,NONE,NO,fibre; manufacturer,Used Vintage garment
CONTINUITY,NEW,,,VN-ONLN-13323,Looney Tunes Hector the Bulldog Tee (2XL),VN-ONLN-13323,Looney Tunes Hector the Bulldog Tee (2XL),CIN7_IMPORT,Vintage,Vintage,1,3,customs desc; fibre; manufacturer,,,,1,,1,,1,,,CIN7,,NONE,,NONE,NO,fibre; manufacturer,Used Vintage garment
CONTINUITY,NEW,,,VN-ONLN-12229,Traditional Wool Knit Sweater (L),VN-ONLN-12229,Traditional Wool Knit Sweater (L),CIN7_IMPORT,Vintage,Vintage,1,3,customs desc; fibre; manufacturer,,,,1,,1,,1,,,CIN7,,NONE,,NONE,NO,fibre; manufacturer,Used Vintage garment
CONTINUITY,NEW,,,VN-ONLN-11337,Tommy Hilfilger Shirt (L),VN-ONLN-11337,Tommy Hilfilger Shirt (L),CIN7_IMPORT,Vintage,Vintage,1,3,customs desc; fibre; manufacturer,,,,1,,1,,1,,,CIN7,,NONE,,NONE,NO,fibre; manufacturer,Used Vintage garment
CONTINUITY,NEW,,,VN-ONLN-12846,Nike Tee (M),VN-ONLN-12846,Nike Tee (M),CIN7_IMPORT,Vintage,Vintage,1,3,customs desc; fibre; manufacturer,,,,1,,1,,1,,,CIN7,,NONE,,NONE,NO,fibre; manufacturer,Used Vintage garment
CONTINUITY,NEW,,,VN-ONLN-13500,Polo by Ralph Lauren Estate Shirt (XL),VN-ONLN-13500,Polo by Ralph Lauren Estate Shirt (XL),CIN7_IMPORT,Vintage,Vintage,1,3,customs desc; fibre; manufacturer,,,,1,,1,,1,,,CIN7,,NONE,,NONE,NO,fibre; manufacturer,Used Vintage garment
CONTINUITY,NEW,,,VN-ONLN-13226,1997 Green Bay Packers Super Bowl XXXI Winners Tee (L),VN-ONLN-13226,1997 Green Bay Packers Super Bowl XXXI Winners Tee (L),CIN7_IMPORT,Vintage,Vintage,1,3,customs desc; fibre; manufacturer,,,,1,,1,,1,,,CIN7,,NONE,,NONE,NO,fibre; manufacturer,Used Vintage garment
CONTINUITY,NEW,,,VN-ONLN-12814,Ralph Lauren Big Shirt (L),VN-ONLN-12814,Ralph Lauren Big Shirt (L),CIN7_IMPORT,Vintage,Vintage,1,3,customs desc; fibre; manufacturer,,,,1,,1,,1,,,CIN7,,NONE,,NONE,NO,fibre; manufacturer,Used Vintage garment
CONTINUITY,NEW,,,VN-ONLN-10844,Jamaica Jaxx Silk Shirt (M),VN-ONLN-10844,Jamaica Jaxx Silk Shirt (M),CIN7_IMPORT,Vintage,Vintage,1,3,customs desc; fibre; manufacturer,,,,1,,1,,1,,,CIN7,,NONE,,NONE,NO,fibre; manufacturer,Used Vintage garment
CONTINUITY,NEW,,,LIV-NSH-BK,Nash Black XL (FW23),LIV-NSH-BK,Nash Black XL (FW23),CIN7_IMPORT,Livid Unisex,Livid,2,3,customs desc; fibre; manufacturer,,,,1,,1,,1,,,CIN7,,CIN7,,NONE,NO,manufacturer,Men jacket - 100% Wool
CONTINUITY,NEW,,,VN-ONLN-13140,Ralph Lauren Shirt (2XL),VN-ONLN-13140,Ralph Lauren Shirt (2XL),CIN7_IMPORT,Vintage,Vintage,1,3,customs desc; fibre; manufacturer,,,,1,,1,,1,,,CIN7,,NONE,,NONE,NO,fibre; manufacturer,Used Vintage garment
CONTINUITY,NEW,,,VN-ONLN-9171,Tommy Hilfiger Flannel shirt (XL),VN-ONLN-9171,Tommy Hilfiger Flannel shirt (XL),CIN7_IMPORT,Vintage,Vintage,1,3,customs desc; fibre; manufacturer,,,,1,,1,,1,,,CIN7,,NONE,,NONE,NO,fibre; manufacturer,Used Vintage garment
CONTINUITY,NEW,,,VN-ONLN-12421,Traditional Norwegian Wool Knit Sweater (XL),VN-ONLN-12421,Traditional Norwegian Wool Knit Sweater (XL),CIN7_IMPORT,Vintage,Vintage,1,3,customs desc; fibre; manufacturer,,,,1,,1,,1,,,CIN7,,NONE,,NONE,NO,fibre; manufacturer,Used Vintage garment
CONTINUITY,NEW,,,VN-ONLN-12776,Utah Utes Varsity Denim Jacket (XL),VN-ONLN-12776,Utah Utes Varsity Denim Jacket (XL),CIN7_IMPORT,Vintage,Vintage,1,3,customs desc; fibre; manufacturer,,,,1,,1,,1,,,CIN7,,NONE,,NONE,NO,fibre; manufacturer,Used Vintage garment
CONTINUITY,NEW,,,VN-ONLN-13316,Striped Resort Shirt (3XL),VN-ONLN-13316,Striped Resort Shirt (3XL),CIN7_IMPORT,Vintage,Vintage,1,3,customs desc; fibre; manufacturer,,,,1,,1,,1,,,CIN7,,NONE,,NONE,NO,fibre; manufacturer,Used Vintage garment
CONTINUITY,NEW,,,VN-ONLN-13421,1996 Stolen Tee (XL),VN-ONLN-13421,1996 Stolen Tee (XL),CIN7_IMPORT,Vintage,Vintage,1,3,customs desc; fibre; manufacturer,,,,1,,1,,1,,,CIN7,,NONE,,NONE,NO,fibre; manufacturer,Used Vintage garment
CONTINUITY,NEW,,,VN-ONLN-13403,Bambú Rolling Paper Tee (XL),VN-ONLN-13403,Bambú Rolling Paper Tee (XL),CIN7_IMPORT,Vintage,Vintage,1,3,customs desc; fibre; manufacturer,,,,1,,1,,1,,,CIN7,,NONE,,NONE,NO,fibre; manufacturer,Used Vintage garment
CONTINUITY,NEW,,,VN-ONLN-12332,Padded Mohair Wool Knit Bomber (L),VN-ONLN-12332,Padded Mohair Wool Knit Bomber (L),CIN7_IMPORT,Vintage,Vintage,1,3,customs desc; fibre; manufacturer,,,,1,,1,,1,,,CIN7,,NONE,,NONE,NO,fibre; manufacturer,Used Vintage garment
CONTINUITY,NEW,,,VN-ONLN-9254,90's cotton blend pattern knit (M),VN-ONLN-9254,90's cotton blend pattern knit (M),CIN7_IMPORT,Vintage,Vintage,1,3,customs desc; fibre; manufacturer,,,,1,,1,,1,,,CIN7,,NONE,,NONE,NO,fibre; manufacturer,Used Vintage garment
CONTINUITY,NEW,,,VN-ONLN-12712,Silk Resort Shirt (L),VN-ONLN-12712,Silk Resort Shirt (L),CIN7_IMPORT,Vintage,Vintage,1,3,customs desc; fibre; manufacturer,,,,1,,1,,1,,,CIN7,,NONE,,NONE,NO,fibre; manufacturer,Used Vintage garment
CONTINUITY,NEW,,,VN-ONLN-13438,Mammoth Bike Park Longsleeve (XL),VN-ONLN-13438,Mammoth Bike Park Longsleeve (XL),CIN7_IMPORT,Vintage,Vintage,1,3,customs desc; fibre; manufacturer,,,,1,,1,,1,,,CIN7,,NONE,,NONE,NO,fibre; manufacturer,Used Vintage garment
CONTINUITY,NEW,,,LIV-ASH-EC,Ash Ecplise,LIV-ASH-EC,Ash Ecplise,CIN7_IMPORT,Livid Femme,Livid,1,3,customs desc; fibre; manufacturer,,,,1,,1,,1,,,CIN7,,CIN7,,NONE,NO,manufacturer,Men jacket - 100% cotton
CONTINUITY,NEW,,,VN-ONLN-12976,Carhartt Flannel Shirt (XL),VN-ONLN-12976,Carhartt Flannel Shirt (XL),CIN7_IMPORT,Vintage,Vintage,1,3,customs desc; fibre; manufacturer,,,,1,,1,,1,,,CIN7,,NONE,,NONE,NO,fibre; manufacturer,Used Vintage garment
CONTINUITY,NEW,,,VN-ONLN-12494,Emporio Armani Shirt (M),VN-ONLN-12494,Emporio Armani Shirt (M),CIN7_IMPORT,Vintage,Vintage,1,3,customs desc; fibre; manufacturer,,,,1,,1,,1,,,CIN7,,NONE,,NONE,NO,fibre; manufacturer,Used Vintage garment
CONTINUITY,NEW,,,VN-ONLN-13208,Polo Ralph Lauren Shirt (XL),VN-ONLN-13208,Polo Ralph Lauren Shirt (XL),CIN7_IMPORT,Vintage,Vintage,1,3,customs desc; fibre; manufacturer,,,,1,,1,,1,,,CIN7,,NONE,,NONE,NO,fibre; manufacturer,Used Vintage garment
CONTINUITY,NEW,,,VN-ONLN-10909,Diesel Cropped and distressed Denim Jacket (XS),VN-ONLN-10909,Diesel Cropped and distressed Denim Jacket (XS),CIN7_IMPORT,Vintage,Vintage,1,3,customs desc; fibre; manufacturer,,,,1,,1,,1,,,CIN7,,NONE,,NONE,NO,fibre; manufacturer,Used Vintage garment
CONTINUITY,NEW,,,VN-ONLN-13259,Silk Resort Shirt (M),VN-ONLN-13259,Silk Resort Shirt (M),CIN7_IMPORT,Vintage,Vintage,1,3,customs desc; fibre; manufacturer,,,,1,,1,,1,,,CIN7,,NONE,,NONE,NO,fibre; manufacturer,Used Vintage garment
CONTINUITY,NEW,,,VN-ONLN-13244,Silk Resort Shirt (XL),VN-ONLN-13244,Silk Resort Shirt (XL),CIN7_IMPORT,Vintage,Vintage,1,3,customs desc; fibre; manufacturer,,,,1,,1,,1,,,CIN7,,NONE,,NONE,NO,fibre; manufacturer,Used Vintage garment
CONTINUITY,NEW,,,VN-ONLN-13039,Neighborhood NYC Denim Shorts (W32),VN-ONLN-13039,Neighborhood NYC Denim Shorts (W32),CIN7_IMPORT,Vintage,Vintage,1,3,customs desc; fibre; manufacturer,,,,1,,1,,1,,,CIN7,,NONE,,NONE,NO,fibre; manufacturer,Used Vintage garment
CONTINUITY,NEW,,,VN-ONLN-10816,Pierre Cardin Tee (L),VN-ONLN-10816,Pierre Cardin Tee (L),CIN7_IMPORT,Vintage,Vintage,1,3,customs desc; fibre; manufacturer,,,,1,,1,,1,,,CIN7,,NONE,,NONE,NO,fibre; manufacturer,Used Vintage garment
CONTINUITY,NEW,,,VN-ONLN-9051,Tommy Hilfiger quarter zip (S),VN-ONLN-9051,Tommy Hilfiger quarter zip (S),CIN7_IMPORT,Vintage,Vintage,1,3,customs desc; fibre; manufacturer,,,,1,,1,,1,,,CIN7,,NONE,,NONE,NO,fibre; manufacturer,Used Vintage garment
CONTINUITY,NEW,,,VN-ONLN-12717,Jamaica Jaxx Silk Shirt (XL),VN-ONLN-12717,Jamaica Jaxx Silk Shirt (XL),CIN7_IMPORT,Vintage,Vintage,1,3,customs desc; fibre; manufacturer,,,,1,,1,,1,,,CIN7,,NONE,,NONE,NO,fibre; manufacturer,Used Vintage garment
CONTINUITY,NEW,,,VN-ONLN-12970,G.S. Franchi Roma Quarter Zip (L),VN-ONLN-12970,G.S. Franchi Roma Quarter Zip (L),CIN7_IMPORT,Vintage,Vintage,1,3,customs desc; fibre; manufacturer,,,,1,,1,,1,,,CIN7,,NONE,,NONE,NO,fibre; manufacturer,Used Vintage garment
CONTINUITY,NEW,,,VN-ONLN-10833,Versace Couture Jeans (W34),VN-ONLN-10833,Versace Couture Jeans (W34),CIN7_IMPORT,Vintage,Vintage,1,3,customs desc; fibre; manufacturer,,,,1,,1,,1,,,CIN7,,NONE,,NONE,NO,fibre; manufacturer,Used Vintage garment
CONTINUITY,NEW,,,VN-ONLN-12276,Jaquard Knit Sweater (XL),VN-ONLN-12276,Jaquard Knit Sweater (XL),CIN7_IMPORT,Vintage,Vintage,1,3,customs desc; fibre; manufacturer,,,,1,,1,,1,,,CIN7,,NONE,,NONE,NO,fibre; manufacturer,Used Vintage garment
CONTINUITY,NEW,,,VN-ONLN-11490,Light Textured Shirt (L),VN-ONLN-11490,Light Textured Shirt (L),CIN7_IMPORT,Vintage,Vintage,1,3,customs desc; fibre; manufacturer,,,,1,,1,,1,,,CIN7,,NONE,,NONE,NO,fibre; manufacturer,Used Vintage garment
CONTINUITY,NEW,,,VN-ONLN-13238,Wrangler Cargo Shorts (W34),VN-ONLN-13238,Wrangler Cargo Shorts (W34),CIN7_IMPORT,Vintage,Vintage,1,3,customs desc; fibre; manufacturer,,,,1,,1,,1,,,CIN7,,NONE,,NONE,NO,fibre; manufacturer,Used Vintage garment
CONTINUITY,NEW,,,VN-ONLN-12856,Black Leather Bomber Jacket (M),VN-ONLN-12856,Black Leather Bomber Jacket (M),CIN7_IMPORT,Vintage,Vintage,1,3,customs desc; fibre; manufacturer,,,,1,,1,,1,,,CIN7,,NONE,,NONE,NO,fibre; manufacturer,Used Vintage garment
CONTINUITY,NEW,,,VN-ONLN-12470,Kid's Barbour Hooded Waxed Jacket (XL),VN-ONLN-12470,Kid's Barbour Hooded Waxed Jacket (XL),CIN7_IMPORT,Vintage,Vintage,1,3,customs desc; fibre; manufacturer,,,,1,,1,,1,,,CIN7,,NONE,,NONE,NO,fibre; manufacturer,Used Vintage garment
CONTINUITY,NEW,,,VN-ONLN-11532,Vintage Corduroy Shirt (M),VN-ONLN-11532,Vintage Corduroy Shirt (M),CIN7_IMPORT,Vintage,Vintage,1,3,customs desc; fibre; manufacturer,,,,1,,1,,1,,,CIN7,,NONE,,NONE,NO,fibre; manufacturer,Used Vintage garment
CONTINUITY,NEW,,,LIV-IMP-JNE-DRSL,Jone Japan Dry Selvage (Imperfect),LIV-IMP-JNE-DRSL,Jone Japan Dry Selvage (Imperfect),CIN7_IMPORT,Livid Imperfect,Livid,1,6,HS code; customs desc; weight; fibre; origin; manufacturer,,,1,1,1,1,1,1,,NONE,CIN7,NONE,NONE,CIN7,NONE,NO,HS code; weight; fibre; manufacturer,
CONTINUITY,NEW,,,VN-ONLN-9184,70's Jim Penney wool jacket (S),VN-ONLN-9184,70's Jim Penney wool jacket (S),CIN7_IMPORT,Vintage,Vintage,1,3,customs desc; fibre; manufacturer,,,,1,,1,,1,,,CIN7,,NONE,,NONE,NO,fibre; manufacturer,Used Vintage garment
CONTINUITY,NEW,,,VN-ONLN-13106,Nautica Quarter Zip (L),VN-ONLN-13106,Nautica Quarter Zip (L),CIN7_IMPORT,Vintage,Vintage,1,3,customs desc; fibre; manufacturer,,,,1,,1,,1,,,CIN7,,NONE,,NONE,NO,fibre; manufacturer,Used Vintage garment
CONTINUITY,NEW,,,VN-ONLN-13038,Tribal Gear Oversized Denim Shorts (W36),VN-ONLN-13038,Tribal Gear Oversized Denim Shorts (W36),CIN7_IMPORT,Vintage,Vintage,1,3,customs desc; fibre; manufacturer,,,,1,,1,,1,,,CIN7,,NONE,,NONE,NO,fibre; manufacturer,Used Vintage garment
CONTINUITY,NEW,,,VN-ONLN-12324,Jaquard Knit Sweater (XL),VN-ONLN-12324,Jaquard Knit Sweater (XL),CIN7_IMPORT,Vintage,Vintage,1,3,customs desc; fibre; manufacturer,,,,1,,1,,1,,,CIN7,,NONE,,NONE,NO,fibre; manufacturer,Used Vintage garment
CONTINUITY,NEW,,,VN-ONLN-13321,Looney Tunes Daffy Duck Tee (M),VN-ONLN-13321,Looney Tunes Daffy Duck Tee (M),CIN7_IMPORT,Vintage,Vintage,1,3,customs desc; fibre; manufacturer,,,,1,,1,,1,,,CIN7,,NONE,,NONE,NO,fibre; manufacturer,Used Vintage garment
CONTINUITY,NEW,,,VN-ONLN-12065,Brooks Brothers Regent Shirt (S),VN-ONLN-12065,Brooks Brothers Regent Shirt (S),CIN7_IMPORT,Vintage,Vintage,1,3,customs desc; fibre; manufacturer,,,,1,,1,,1,,,CIN7,,NONE,,NONE,NO,fibre; manufacturer,Used Vintage garment
CONTINUITY,NEW,,,VN-ONLN-12395,Lee Western Denim Shirt (M),VN-ONLN-12395,Lee Western Denim Shirt (M),CIN7_IMPORT,Vintage,Vintage,1,3,customs desc; fibre; manufacturer,,,,1,,1,,1,,,CIN7,,NONE,,NONE,NO,fibre; manufacturer,Used Vintage garment
CONTINUITY,NEW,,,VN-ONLN-12866,80's Patagonia Fleece (M),VN-ONLN-12866,80's Patagonia Fleece (M),CIN7_IMPORT,Vintage,Vintage,1,3,customs desc; fibre; manufacturer,,,,1,,1,,1,,,CIN7,,NONE,,NONE,NO,fibre; manufacturer,Used Vintage garment
CONTINUITY,NEW,,,VN-ONLN-12975,Carhartt Flannel Shirt (L),VN-ONLN-12975,Carhartt Flannel Shirt (L),CIN7_IMPORT,Vintage,Vintage,1,3,customs desc; fibre; manufacturer,,,,1,,1,,1,,,CIN7,,NONE,,NONE,NO,fibre; manufacturer,Used Vintage garment
CONTINUITY,NEW,,,VN-ONLN-12458,Setesdal Pattern Knit Sweater (XL),VN-ONLN-12458,Setesdal Pattern Knit Sweater (XL),CIN7_IMPORT,Vintage,Vintage,1,3,customs desc; fibre; manufacturer,,,,1,,1,,1,,,CIN7,,NONE,,NONE,NO,fibre; manufacturer,Used Vintage garment
CONTINUITY,NEW,,,VN-ONLN-12660,Lauren by Ralph Lauren Crewneck (M),VN-ONLN-12660,Lauren by Ralph Lauren Crewneck (M),CIN7_IMPORT,Vintage,Vintage,1,3,customs desc; fibre; manufacturer,,,,1,,1,,1,,,CIN7,,NONE,,NONE,NO,fibre; manufacturer,Used Vintage garment
CONTINUITY,NEW,,,VN-ONLN-11124,Jamiaca Jaxx Silk Shirt (XL),VN-ONLN-11124,Jamiaca Jaxx Silk Shirt (XL),CIN7_IMPORT,Vintage,Vintage,1,3,customs desc; fibre; manufacturer,,,,1,,1,,1,,,CIN7,,NONE,,NONE,NO,fibre; manufacturer,Used Vintage garment
CONTINUITY,NEW,,,VN-ONLN-13313,Striped Resort Shirt (S),VN-ONLN-13313,Striped Resort Shirt (S),CIN7_IMPORT,Vintage,Vintage,1,3,customs desc; fibre; manufacturer,,,,1,,1,,1,,,CIN7,,NONE,,NONE,NO,fibre; manufacturer,Used Vintage garment
CONTINUITY,NEW,,,VN-ONLN-12697,Silk Resort Shirt (XL),VN-ONLN-12697,Silk Resort Shirt (XL),CIN7_IMPORT,Vintage,Vintage,1,3,customs desc; fibre; manufacturer,,,,1,,1,,1,,,CIN7,,NONE,,NONE,NO,fibre; manufacturer,Used Vintage garment
CONTINUITY,NEW,,,VN-ONLN-13120,Women's Thomas Burberry Shirt (M),VN-ONLN-13120,Women's Thomas Burberry Shirt (M),CIN7_IMPORT,Vintage,Vintage,1,3,customs desc; fibre; manufacturer,,,,1,,1,,1,,,CIN7,,NONE,,NONE,NO,fibre; manufacturer,Used Vintage garment
CONTINUITY,NEW,,,VN-ONLN-9930,Tommy Hilfiger striped shirt (L),VN-ONLN-9930,Tommy Hilfiger striped shirt (L),CIN7_IMPORT,Vintage,Vintage,1,3,customs desc; fibre; manufacturer,,,,1,,1,,1,,,CIN7,,NONE,,NONE,NO,fibre; manufacturer,Used Vintage garment
CONTINUITY,NEW,,,VN-ONLN-10954,90's Auburn University Tee (M),VN-ONLN-10954,90's Auburn University Tee (M),CIN7_IMPORT,Vintage,Vintage,1,3,customs desc; fibre; manufacturer,,,,1,,1,,1,,,CIN7,,NONE,,NONE,NO,fibre; manufacturer,Used Vintage garment
CONTINUITY,NEW,,,VN-ONLN-10854,Silk Resort Shirt (M),VN-ONLN-10854,Silk Resort Shirt (M),CIN7_IMPORT,Vintage,Vintage,1,3,customs desc; fibre; manufacturer,,,,1,,1,,1,,,CIN7,,NONE,,NONE,NO,fibre; manufacturer,Used Vintage garment
CONTINUITY,NEW,,,VN-ONLN-10062,Harley Tee (3XL),VN-ONLN-10062,Harley Tee (3XL),CIN7_IMPORT,Vintage,Vintage,1,3,customs desc; fibre; manufacturer,,,,1,,1,,1,,,CIN7,,NONE,,NONE,NO,fibre; manufacturer,Used Vintage garment
CONTINUITY,NEW,,,VN-ONLN-9845,Chevrolet x Baltimore Orioles tee (XL),VN-ONLN-9845,Chevrolet x Baltimore Orioles tee (XL),CIN7_IMPORT,Vintage,Vintage,1,3,customs desc; fibre; manufacturer,,,,1,,1,,1,,,CIN7,,NONE,,NONE,NO,fibre; manufacturer,Used Vintage garment
CONTINUITY,NEW,,,VN-ONLN-11274,PennState Denim Shirt (XL),VN-ONLN-11274,PennState Denim Shirt (XL),CIN7_IMPORT,Vintage,Vintage,1,3,customs desc; fibre; manufacturer,,,,1,,1,,1,,,CIN7,,NONE,,NONE,NO,fibre; manufacturer,Used Vintage garment
CONTINUITY,NEW,,,VN-ONLN-13409,2008 Endangered Species Tee (XL),VN-ONLN-13409,2008 Endangered Species Tee (XL),CIN7_IMPORT,Vintage,Vintage,1,3,customs desc; fibre; manufacturer,,,,1,,1,,1,,,CIN7,,NONE,,NONE,NO,fibre; manufacturer,Used Vintage garment
CONTINUITY,NEW,,,VN-ONLN-11704,Levi Strauss & Co Shirt (S),VN-ONLN-11704,Levi Strauss & Co Shirt (S),CIN7_IMPORT,Vintage,Vintage,1,3,customs desc; fibre; manufacturer,,,,1,,1,,1,,,CIN7,,NONE,,NONE,NO,fibre; manufacturer,Used Vintage garment
CONTINUITY,NEW,,,VN-ONLN-12323,Jaquard Knit Sweater (XL),VN-ONLN-12323,Jaquard Knit Sweater (XL),CIN7_IMPORT,Vintage,Vintage,1,3,customs desc; fibre; manufacturer,,,,1,,1,,1,,,CIN7,,NONE,,NONE,NO,fibre; manufacturer,Used Vintage garment
CONTINUITY,NEW,,,VN-ONLN-13510,Dodgen Tee (L),VN-ONLN-13510,Dodgen Tee (L),CIN7_IMPORT,Vintage,Vintage,1,3,customs desc; fibre; manufacturer,,,,1,,1,,1,,,CIN7,,NONE,,NONE,NO,fibre; manufacturer,Used Vintage garment
CONTINUITY,NEW,,,VN-ONLN-11863,Calvin Klein Tie (OneSize),VN-ONLN-11863,Calvin Klein Tie (OneSize),CIN7_IMPORT,Vintage,Vintage,1,3,customs desc; fibre; manufacturer,,,,1,,1,,1,,,CIN7,,NONE,,NONE,NO,fibre; manufacturer,Used Vintage garment
CONTINUITY,NEW,,,GFTWRP,Gift Wrap,GFTWRP,Gift Wrap,CIN7_IMPORT,wrapin,wrapin,1,7,price; HS code; customs desc; weight; fibre; origin; manufacturer,,1,1,1,1,1,1,1,NONE,NONE,CIN7,NONE,NONE,NONE,NONE,NO,price; HS code; weight; fibre; origin; manufacturer,
CONTINUITY,NEW,,,VN-ONLN-10203,Nina Ricci Sunglasses (OneSize),VN-ONLN-10203,Nina Ricci Sunglasses (OneSize),CIN7_IMPORT,Vintage,Vintage,1,3,customs desc; fibre; manufacturer,,,,1,,1,,1,,,CIN7,,NONE,,NONE,NO,fibre; manufacturer,Used Vintage garment
CONTINUITY,NEW,,,VN-ONLN-13521,Children's Hospital Care Tee (L),VN-ONLN-13521,Children's Hospital Care Tee (L),CIN7_IMPORT,Vintage,Vintage,1,3,customs desc; fibre; manufacturer,,,,1,,1,,1,,,CIN7,,NONE,,NONE,NO,fibre; manufacturer,Used Vintage garment
CONTINUITY,NEW,,,VN-ONLN-10705,Tommy Bahama Silk Shirt (XL),VN-ONLN-10705,Tommy Bahama Silk Shirt (XL),CIN7_IMPORT,Vintage,Vintage,1,3,customs desc; fibre; manufacturer,,,,1,,1,,1,,,CIN7,,NONE,,NONE,NO,fibre; manufacturer,Used Vintage garment
CONTINUITY,NEW,,,VN-ONLN-10386,Polo Ralph Lauren Linen Shirt (2XL),VN-ONLN-10386,Polo Ralph Lauren Linen Shirt (2XL),CIN7_IMPORT,Vintage,Vintage,1,3,customs desc; fibre; manufacturer,,,,1,,1,,1,,,CIN7,,NONE,,NONE,NO,fibre; manufacturer,Used Vintage garment
CONTINUITY,NEW,,,VN-ONLN-10243,Dior Sunglasses (OneSize),VN-ONLN-10243,Dior Sunglasses (OneSize),CIN7_IMPORT,Vintage,Vintage,1,3,customs desc; fibre; manufacturer,,,,1,,1,,1,,,CIN7,,NONE,,NONE,NO,fibre; manufacturer,Used Vintage garment
CONTINUITY,NEW,,,VN-ONLN-10799,Vintage Summer Knit Polo (S),VN-ONLN-10799,Vintage Summer Knit Polo (S),CIN7_IMPORT,Vintage,Vintage,1,3,customs desc; fibre; manufacturer,,,,1,,1,,1,,,CIN7,,NONE,,NONE,NO,fibre; manufacturer,Used Vintage garment
CONTINUITY,NEW,,,VN-ONLN-12484,Tommy Hilfiger Cotton Sweater (L),VN-ONLN-12484,Tommy Hilfiger Cotton Sweater (L),CIN7_IMPORT,Vintage,Vintage,1,3,customs desc; fibre; manufacturer,,,,1,,1,,1,,,CIN7,,NONE,,NONE,NO,fibre; manufacturer,Used Vintage garment
CONTINUITY,NEW,,,VN-ONLN-11376,Tommy Hilfilger Shirt (L),VN-ONLN-11376,Tommy Hilfilger Shirt (L),CIN7_IMPORT,Vintage,Vintage,1,3,customs desc; fibre; manufacturer,,,,1,,1,,1,,,CIN7,,NONE,,NONE,NO,fibre; manufacturer,Used Vintage garment
CONTINUITY,NEW,,,VN-ONLN-12022,90's Fila Winter jacket (L),VN-ONLN-12022,90's Fila Winter jacket (L),CIN7_IMPORT,Vintage,Vintage,1,3,customs desc; fibre; manufacturer,,,,1,,1,,1,,,CIN7,,NONE,,NONE,NO,fibre; manufacturer,Used Vintage garment
CONTINUITY,NEW,,,VN-ONLN-13266,Silk Resort Shirt (S),VN-ONLN-13266,Silk Resort Shirt (S),CIN7_IMPORT,Vintage,Vintage,1,3,customs desc; fibre; manufacturer,,,,1,,1,,1,,,CIN7,,NONE,,NONE,NO,fibre; manufacturer,Used Vintage garment
CONTINUITY,NEW,,,VN-ONLN-12086,Italian Wool Knit Cardigan (S),VN-ONLN-12086,Italian Wool Knit Cardigan (S),CIN7_IMPORT,Vintage,Vintage,1,3,customs desc; fibre; manufacturer,,,,1,,1,,1,,,CIN7,,NONE,,NONE,NO,fibre; manufacturer,Used Vintage garment
CONTINUITY,NEW,,,VN-ONLN-12091,Traditional Norwegian Style Knit (L),VN-ONLN-12091,Traditional Norwegian Style Knit (L),CIN7_IMPORT,Vintage,Vintage,1,3,customs desc; fibre; manufacturer,,,,1,,1,,1,,,CIN7,,NONE,,NONE,NO,fibre; manufacturer,Used Vintage garment
CONTINUITY,NEW,,,VN-ONLN-12418,Striped Wool Knit Sweater (L),VN-ONLN-12418,Striped Wool Knit Sweater (L),CIN7_IMPORT,Vintage,Vintage,1,3,customs desc; fibre; manufacturer,,,,1,,1,,1,,,CIN7,,NONE,,NONE,NO,fibre; manufacturer,Used Vintage garment
CONTINUITY,NEW,,,VN-ONLN-12235,Argyle Wool Knit Sweater (M),VN-ONLN-12235,Argyle Wool Knit Sweater (M),CIN7_IMPORT,Vintage,Vintage,1,3,customs desc; fibre; manufacturer,,,,1,,1,,1,,,CIN7,,NONE,,NONE,NO,fibre; manufacturer,Used Vintage garment
CONTINUITY,NEW,,,VN-ONLN-10231,Dolce & Gabbana Sunglasses (OneSize),VN-ONLN-10231,Dolce & Gabbana Sunglasses (OneSize),CIN7_IMPORT,Vintage,Vintage,1,3,customs desc; fibre; manufacturer,,,,1,,1,,1,,,CIN7,,NONE,,NONE,NO,fibre; manufacturer,Used Vintage garment
CONTINUITY,NEW,,,VN-ONLN-11504,Heavy Textured Shirt (L),VN-ONLN-11504,Heavy Textured Shirt (L),CIN7_IMPORT,Vintage,Vintage,1,3,customs desc; fibre; manufacturer,,,,1,,1,,1,,,CIN7,,NONE,,NONE,NO,fibre; manufacturer,Used Vintage garment
CONTINUITY,NEW,,,VN-ONLN-13351,CP Company Chino Pants (W29),VN-ONLN-13351,CP Company Chino Pants (W29),CIN7_IMPORT,Vintage,Vintage,1,3,customs desc; fibre; manufacturer,,,,1,,1,,1,,,CIN7,,NONE,,NONE,NO,fibre; manufacturer,Used Vintage garment
CONTINUITY,NEW,,,VN-ONLN-10475,Nike Print Tee (M) (M),VN-ONLN-10475,Nike Print Tee (M) (M),CIN7_IMPORT,Vintage,Vintage,1,3,customs desc; fibre; manufacturer,,,,1,,1,,1,,,CIN7,,NONE,,NONE,NO,fibre; manufacturer,Used Vintage garment
CONTINUITY,NEW,,,VN-ONLN-9623,Italian Chunky Merino sweater (S),VN-ONLN-9623,Italian Chunky Merino sweater (S),CIN7_IMPORT,Vintage,Vintage,1,3,customs desc; fibre; manufacturer,,,,1,,1,,1,,,CIN7,,NONE,,NONE,NO,fibre; manufacturer,Used Vintage garment
CONTINUITY,NEW,,,VN-ONLN-9649,1960's Woolrich flannel shirt (S),VN-ONLN-9649,1960's Woolrich flannel shirt (S),CIN7_IMPORT,Vintage,Vintage,1,3,customs desc; fibre; manufacturer,,,,1,,1,,1,,,CIN7,,NONE,,NONE,NO,fibre; manufacturer,Used Vintage garment
CONTINUITY,NEW,,,VN-ONLN-13111,Chaps Ralph Lauren Quarter Zip (L),VN-ONLN-13111,Chaps Ralph Lauren Quarter Zip (L),CIN7_IMPORT,Vintage,Vintage,1,3,customs desc; fibre; manufacturer,,,,1,,1,,1,,,CIN7,,NONE,,NONE,NO,fibre; manufacturer,Used Vintage garment
CONTINUITY,NEW,,,VN-ONLN-13433,1993 Lambuth University Homecoming Tee (XL),VN-ONLN-13433,1993 Lambuth University Homecoming Tee (XL),CIN7_IMPORT,Vintage,Vintage,1,3,customs desc; fibre; manufacturer,,,,1,,1,,1,,,CIN7,,NONE,,NONE,NO,fibre; manufacturer,Used Vintage garment
CONTINUITY,NEW,,,VN-ONLN-12994,Diesel Logo Hoodie (L),VN-ONLN-12994,Diesel Logo Hoodie (L),CIN7_IMPORT,Vintage,Vintage,1,3,customs desc; fibre; manufacturer,,,,1,,1,,1,,,CIN7,,NONE,,NONE,NO,fibre; manufacturer,Used Vintage garment
CONTINUITY,NEW,,,VN-ONLN-13513,Women's Champion Cropped Longsleeve (XS),VN-ONLN-13513,Women's Champion Cropped Longsleeve (XS),CIN7_IMPORT,Vintage,Vintage,1,3,customs desc; fibre; manufacturer,,,,1,,1,,1,,,CIN7,,NONE,,NONE,NO,fibre; manufacturer,Used Vintage garment
CONTINUITY,NEW,,,VN-ONLN-11018,1998 Loony Toons Vacation Tanktop (L),VN-ONLN-11018,1998 Loony Toons Vacation Tanktop (L),CIN7_IMPORT,Vintage,Vintage,1,3,customs desc; fibre; manufacturer,,,,1,,1,,1,,,CIN7,,NONE,,NONE,NO,fibre; manufacturer,Used Vintage garment
CONTINUITY,NEW,,,VN-ONLN-13576,Carhartt Worker Shirt (M),VN-ONLN-13576,Carhartt Worker Shirt (M),CIN7_IMPORT,Vintage,Vintage,1,3,customs desc; fibre; manufacturer,,,,1,,1,,1,,,CIN7,,NONE,,NONE,NO,fibre; manufacturer,Used Vintage garment
CONTINUITY,NEW,,,VN-ONLN-12644,Ralph Lauren Sport Crewneck (M),VN-ONLN-12644,Ralph Lauren Sport Crewneck (M),CIN7_IMPORT,Vintage,Vintage,1,3,customs desc; fibre; manufacturer,,,,1,,1,,1,,,CIN7,,NONE,,NONE,NO,fibre; manufacturer,Used Vintage garment
CONTINUITY,NEW,,,VN-ONLN-12404,2019 Napapjiri Crewneck Sweatshirt (L),VN-ONLN-12404,2019 Napapjiri Crewneck Sweatshirt (L),CIN7_IMPORT,Vintage,Vintage,1,3,customs desc; fibre; manufacturer,,,,1,,1,,1,,,CIN7,,NONE,,NONE,NO,fibre; manufacturer,Used Vintage garment
CONTINUITY,NEW,,,LIV-BAL-CTNT,Bale Chestnut Casentino,LIV-BAL-CTNT,Bale Chestnut Casentino,CIN7_IMPORT,Livid Unisex,Livid,1,5,HS code; customs desc; weight; fibre; manufacturer,,,1,1,1,1,,1,,NONE,CIN7,NONE,NONE,,NONE,NO,HS code; weight; fibre; manufacturer,
CONTINUITY,NEW,,,VN-ONLN-13362,Tommy Bahama Silk Shirt (M),VN-ONLN-13362,Tommy Bahama Silk Shirt (M),CIN7_IMPORT,Vintage,Vintage,1,3,customs desc; fibre; manufacturer,,,,1,,1,,1,,,CIN7,,NONE,,NONE,NO,fibre; manufacturer,Used Vintage garment
CONTINUITY,NEW,,,VN-ONLN-13341,Burberry Short Sleeve Shirt (XL),VN-ONLN-13341,Burberry Short Sleeve Shirt (XL),CIN7_IMPORT,Vintage,Vintage,1,3,customs desc; fibre; manufacturer,,,,1,,1,,1,,,CIN7,,NONE,,NONE,NO,fibre; manufacturer,Used Vintage garment
CONTINUITY,NEW,,,VN-ONLN-11186,Pierre Cardin Silk Shirt (2XL),VN-ONLN-11186,Pierre Cardin Silk Shirt (2XL),CIN7_IMPORT,Vintage,Vintage,1,3,customs desc; fibre; manufacturer,,,,1,,1,,1,,,CIN7,,NONE,,NONE,NO,fibre; manufacturer,Used Vintage garment
FW26,CARRYOVER,,1,LIV-KVN-GRY,Kevin Grey,LIV-KVN-GRY,Kevin Grey,CIN7_IMPORT,Livid Men,Livid,5,5,price; customs desc; fibre; origin; manufacturer,,1,,1,,1,1,1,OTHER_SEASON,,CIN7,,CIN7,CIN7,NONE,NO,manufacturer,Men's Sweater - Knitted 100% wiil
FW26,NEW,,1,LIV-RCHMND-2-PCK-GRML,Grey Melange,LIV-M-RCHMND,Richmond,THREADFLOW,Livid Men,Livid,6,1,price,,1,,,,,,,OTHER_SEASON,,,,,,,YES,,Men's T-Shirt - 100% Cotton
FW26,NEW,,,LIV-M-CCSNL-WHT-X,White Ox,LIV-M-CCSNL,Occasional,THREADFLOW,Livid Men,Livid,0,2,variants; price,1,1,,,,,,,NONE,,,,,,,NO,variants; price,
FW26,NEW,,,LIV-W-BTH-CRD-BN,Bean,LIV-W-BTH-CRD,Beth Cord,THREADFLOW,Livid Femme,Livid,0,3,variants; price; fibre,1,1,,,,1,,,NONE,,,,NONE,,,NO,variants; price; fibre,
FW26,NEW,,,LIV-STCK-PLM,Plum,LIV-M-STCK,Stack,THREADFLOW,Livid Men,Livid,4,1,fibre,,,,,,1,,,,,,,CIN7,,,YES,,Men's Sweater - Knitted 100% wool
FW26,NEW,,,LIV-BLR-BLCK,Black,LIV-W-BLR,Blair,THREADFLOW,Livid Femme,Livid,4,1,fibre,,,,,,1,,,,,,,CIN7,,,YES,,Men's Sweater - Knitted 100% wool
FW26,NEW,,,LIV-M-BRNS-WRK-ST-TRSR-BLCK,Black,LIV-M-BRNS-WRK-ST-TRSR,Barnes Work Suit Trouser,THREADFLOW,Livid Men,Livid,0,2,variants; price,1,1,,,,,,,NONE,,,,,,,NO,variants; price,
FW26,NEW,,,LIV-M-BRNS-WRK-ST-TRSR-GRN,Green,LIV-M-BRNS-WRK-ST-TRSR,Barnes Work Suit Trouser,THREADFLOW,Livid Men,Livid,0,2,variants; price,1,1,,,,,,,NONE,,,,,,,NO,variants; price,
FW26,NEW,,,LIV-AK-GRY,Black,LIV-W-K,Aiko,THREADFLOW,Livid Femme,Livid,4,1,fibre,,,,,,1,,,,,,,CIN7,,,YES,,Men's Sweater - Knitted 100% wool
FW26,NEW,,,LIV-CRDGN-BLCK,Black,LIV-M-CRDGN,Cardigan,THREADFLOW,Livid Men,Livid,5,1,fibre,,,,,,1,,,,,,,CIN7,,,YES,,Men's Sweater - Knitted 100% wool
FW26,NEW,,,LIV-RM-BLCK,Black,LIV-W-RM,Rima,THREADFLOW,Livid Femme,Livid,4,1,fibre,,,,,,1,,,,,,,CIN7,,,YES,,Men's Sweater - Knitted 100% wool
FW26,NEW,,,LIV-BX-BLCK-NPP,Black Nappa,LIV-W-BX,Bix,THREADFLOW,Livid Femme,Livid,0,2,variants; fibre,1,,,,,1,,,,,,,NONE,,,NO,variants; fibre,
FW26,NEW,,,LIV-BX-VNTG-CRML,Vintage Caramel,LIV-W-BX,Bix,THREADFLOW,Livid Femme,Livid,0,2,variants; fibre,1,,,,,1,,,,,,,NONE,,,NO,variants; fibre,
FW26,NEW,,,LIV-BCK-CFF,Coffee,LIV-W-BCK,Becka,THREADFLOW,Livid Femme,Livid,4,1,fibre,,,,,,1,,,,,,,CIN7,,,YES,,Men's Sweater - Knitted 100% wool
FW26,NEW,,,LIV-M-PL-CT-CMMNT-TSTNG-BLCK,Black,LIV-M-PL-CT-CMMNT-TSTNG,Polo Coat (comment testing),THREADFLOW,Livid Men,Livid,0,3,variants; price; fibre,1,1,,,,1,,,NONE,,,,NONE,,,NO,variants; price; fibre,
FW26,CARRYOVER,,1,LIV-HNRY-NVY-PNSTRP,Initial Navy Pinstripe,LIV-HNRY-NVY-PNSTRP,Initial Navy Pinstripe,CIN7_IMPORT,Livid Men,Livid,6,5,price; customs desc; fibre; origin; manufacturer,,1,,1,,1,1,1,OTHER_SEASON,,CIN7,,CIN7,CIN7,NONE,NO,manufacturer,Men's Shirt - 100% cotton
FW26,CARRYOVER,,1,LIV-DUNN-NVY,Dunn Navy,LIV-DUNN-NVY,Dunn Navy,CIN7_IMPORT,Livid Unisex,Livid,1,4,price; customs desc; fibre; manufacturer,,1,,1,,1,,1,OTHER_SEASON,,CIN7,,CIN7,,NONE,NO,manufacturer,Men's Cap 100% cotton
FW26,NEW,,,LIV-BH-BN-FD-OT,Bean Fade out,LIV-W-BH,Buhai,THREADFLOW,Livid Femme,Livid,4,1,fibre,,,,,,1,,,,,,,NONE,,,NO,fibre,
FW26,NEW,,,LIV-BL-BTTRNT,Butternut,LIV-M-BL,Balo,THREADFLOW,Livid Men,Livid,5,1,fibre,,,,,,1,,,,,,,NONE,,,NO,fibre,
FW26,NEW,,,LIV-KLLR-BN-FD,Bone Fade,LIV-M-KLLR,Keller,THREADFLOW,Livid Men,Livid,5,1,fibre,,,,,,1,,,,,,,NONE,,,NO,fibre,
FW26,NEW,,,LIV-KLLR-PPRK-RW-FD,Paprika Raw Fade Out,LIV-M-KLLR,Keller,THREADFLOW,Livid Men,Livid,5,1,fibre,,,,,,1,,,,,,,NONE,,,NO,fibre,
FW26,NEW,,,LIV-RMBLR-WLNT,Walnut,LIV-M-RMBLR,Rambler,THREADFLOW,Livid Men,Livid,4,1,fibre,,,,,,1,,,,,,,CIN7,,,YES,,Men's Sweater - Knitted 100% wool
FW26,NEW,,,LIV-RMBLR-GRY,Grey,LIV-M-RMBLR,Rambler,THREADFLOW,Livid Men,Livid,4,1,fibre,,,,,,1,,,,,,,CIN7,,,YES,,Men's Sweater - Knitted 100% wool
FW26,NEW,,,LIV-BRLY-JPN-RT,Japan Root,LIV-M-BRLY,Burley,THREADFLOW,Livid Men,Livid,0,1,variants,1,,,,,,,,,,,,,,,NO,variants,
FW26,CARRYOVER,,1,LIV-BZZ-BLCK,Buzz Black,LIV-BZZ-BLCK,Buzz Black,CIN7_IMPORT,Livid Men,Livid,3,5,price; customs desc; fibre; origin; manufacturer,,1,,1,,1,1,1,OTHER_SEASON,,CIN7,,CIN7,CIN7,NONE,NO,manufacturer,Men's Sweater - Knitted 100% wiil
FW26,CARRYOVER,,1,LIV-HNRY-FD-OK-TWLL,Henrey Fade Oak Twill,LIV-HNRY-FD-OK-TWLL,Henrey Fade Oak Twill,CIN7_IMPORT,Livid Men,Livid,6,5,price; customs desc; fibre; origin; manufacturer,,1,,1,,1,1,1,OTHER_SEASON,,CIN7,,CIN7,CIN7,NONE,NO,manufacturer,Men's Shirt - 100% cotton
FW26,CARRYOVER,,1,LIV-INTL-CLST-OX,Initial Celeste Ox,LIV-INTL-CLST-OX,Initial Celeste Ox,CIN7_IMPORT,Livid Men,Livid,6,4,price; customs desc; fibre; manufacturer,,1,,1,,1,,1,OTHER_SEASON,,CIN7,,CIN7,,NONE,NO,manufacturer,Men's Shirt - 100% cotton
FW26,NEW,,,LIV-AGR-MET-SKI,Black Metallic,LIV-W-GR,Agra,THREADFLOW,Livid Femme,Livid,4,2,price; fibre,,1,,,,1,,,NONE,,,,CIN7,,,NO,price,Men's Sweater - Knitted 100% wool
FW26,NEW,,,LIV-GLLSH-NVY,Navy,LIV-M-GLLSH,Gillish,THREADFLOW,Livid Men,Livid,5,1,fibre,,,,,,1,,,,,,,NONE,,,NO,fibre,
FW26,NEW,,,LIV-PLLVR-FRST,Frost,LIV-M-PLL-VR,Pull Over,THREADFLOW,Livid Men,Livid,5,1,fibre,,,,,,1,,,,,,,NONE,,,NO,fibre,
FW26,NEW,,,LIV-M-NX-001-BLCK-STRCH,Black Starch,LIV-M-NX-001,Nox,THREADFLOW,Livid Men,Livid,0,2,variants; price,1,1,,,,,,,OTHER_SEASON,,,,,,,NO,variants,
FW26,NEW,,,LIV-PLL-BLCK,Black,LIV-M-PLL,Pull,THREADFLOW,Livid Men,Livid,4,1,fibre,,,,,,1,,,,,,,CIN7,,,YES,,Men's Sweater - Knitted 100% wool
FW26,NEW,,,LIV-M-SLC-CHN-JPN-BLCK,Japan Black Drill,LIV-M-SLC-CHN,Solace Chino,THREADFLOW,Livid Men,Livid,0,2,variants; price,1,1,,,,,,,NONE,,,,,,,NO,variants; price,
FW26,NEW,,,LIV-BTH-JPN-BRNZR,Japan Bronzer,LIV-W-BTH,Beth,THREADFLOW,Livid Unisex,Livid,0,1,variants,1,,,,,,,,,,,,,,,NO,variants,
FW26,NEW,,,LIV-BN-DCHS,Dachs,LIV-W-BN,Binou,THREADFLOW,Livid Femme,Livid,1,5,price; HS code; customs desc; weight; fibre,,1,1,1,1,1,,,NONE,NONE,NONE,NONE,NONE,,,NO,price; HS code; customs desc; weight; fibre,
FW26,NEW,,,LIV-BN-PRCLN,Porcelain,LIV-W-BN,Binou,THREADFLOW,Livid Femme,Livid,1,5,price; HS code; customs desc; weight; fibre,,1,1,1,1,1,,,NONE,NONE,NONE,NONE,NONE,,,NO,price; HS code; customs desc; weight; fibre,
FW26,NEW,,,LIV-ALPH-BTTRNT-HVY-WFFL,Butternut Heavy Waffle,LIV-W-LPH,Alpine,THREADFLOW,Livid Femme,Livid,5,1,fibre,,,,,,1,,,,,,,NONE,,,NO,fibre,
FW26,NEW,,,LIV-BLK-BRWN,Brown,LIV-M-BLK,Blake,THREADFLOW,Livid Men,Livid,6,1,fibre,,,,,,1,,,,,,,NONE,,,NO,fibre,
FW26,NEW,,,LIV-PL-CT-BLCK,Black,LIV-M-PL-CT,Polo Coat,THREADFLOW,Livid Men,Livid,6,1,fibre,,,,,,1,,,,,,,NONE,,,NO,fibre,
FW26,NEW,,,LIV-CLLM-BLCK-CHCK,Black Check,LIV-M-CLLM,Collum,THREADFLOW,Livid Men,Livid,1,4,HS code; customs desc; weight; fibre,,,1,1,1,1,,,,CIN7,CIN7,CIN7,CIN7,,,YES,,Scarf - 100% Wool
FW26,NEW,,,LIV-CLLM-GRY-CHCK,Grey Check,LIV-M-CLLM,Collum,THREADFLOW,Livid Men,Livid,1,4,HS code; customs desc; weight; fibre,,,1,1,1,1,,,,CIN7,CIN7,CIN7,CIN7,,,YES,,Scarf - 100% Wool
FW26,NEW,,,LIV-DK-GRY-STRP,Grey Stripe,LIV-W-DK,Deka,THREADFLOW,Livid Femme,Livid,3,1,fibre,,,,,,1,,,,,,,CIN7,,,YES,,Men's Sweater - Knitted 100% wool
FW26,NEW,,,LIV-DK-KHK-STRP,Khaki Stripe,LIV-W-DK,Deka,THREADFLOW,Livid Femme,Livid,3,1,fibre,,,,,,1,,,,,,,CIN7,,,YES,,Men's Sweater - Knitted 100% wool
FW26,NEW,,,LIV-DK-CFF-STRP,Coffee Stripe,LIV-W-DK,Deka,THREADFLOW,Livid Femme,Livid,3,1,fibre,,,,,,1,,,,,,,CIN7,,,YES,,Men's Sweater - Knitted 100% wool
FW26,NEW,,,LIV-DK-ALPC-DLL-GRY,Alpaca Dull Grey,LIV-W-DK,Deka,THREADFLOW,Livid Femme,Livid,3,1,fibre,,,,,,1,,,,,,,CIN7,,,YES,,Men's Sweater - Knitted 100% wool
FW26,CARRYOVER,,,LIV-MIL-CHAR-FAD,Mila Charcoal Fadeout,LIV-MIL-CHAR-FAD,Mila Charcoal Fadeout,CIN7_IMPORT,Livid Femme,Livid,5,5,price; customs desc; fibre; origin; manufacturer,,1,,1,,1,1,1,OTHER_SEASON,,CIN7,,CIN7,CIN7,NONE,NO,manufacturer,Men's Sweater - 100% cotton
FW26,NEW,,,LIV-KR-JPN-BLCK,Japan Black,LIV-W-KR,Keri,THREADFLOW,Livid Femme,Livid,0,1,variants,1,,,,,,,,,,,,,,,NO,variants,
FW26,NEW,,,LIV-VNC-CHSTNT,Chestnut,LIV-M-VNC,Vinc,THREADFLOW,Livid Men,Livid,5,1,fibre,,,,,,1,,,,,,,NONE,,,NO,fibre,
FW26,NEW,,,LIV-SEL-MET-LON,Black Metallic,LIV-W-SLD,Selda,THREADFLOW,Livid Femme,Livid,4,1,fibre,,,,,,1,,,,,,,CIN7,,,YES,,Men's Sweater - Knitted 100% wool
FW26,NEW,,,LIV-ALL-MET-DRE,Black Metallic,LIV-W-LLGR,Allegra,THREADFLOW,Livid Femme,Livid,4,1,fibre,,,,,,1,,,,,,,CIN7,,,YES,,Men's Sweater - Knitted 100% wool
FW26,NEW,,1,LIV-FLR-CHI-KHA,Khaki,LIV-M-FLLR-CHN,Fuller Chino,THREADFLOW,Livid Men,Livid,0,2,variants; price,1,1,,,,,,,NONE,,,,,,,NO,variants; price,
FW26,NEW,,,LIV-FLLR-CHN-NVY,Navy,LIV-M-FLLR-CHN,Fuller Chino,THREADFLOW,Livid Men,Livid,0,2,variants; price,1,1,,,,,,,NONE,,,,,,,NO,variants; price,
FW26,NEW,,,LIV-KLM-MLKCK,Kalum Milk Check,LIV-KLM-MLKCK,Kalum Milk Check,CIN7_IMPORT,Livid Men,Livid,1,4,price; customs desc; fibre; manufacturer,,1,,1,,1,,1,OTHER_SEASON,,CIN7,,CIN7,,NONE,NO,manufacturer,Men's Shirt - 100% cotton
FW26,CARRYOVER,,1,LIV-K-JPN-NW-BL,Japan New Blue,LIV-M-K,Kai,THREADFLOW,Livid Men,Livid,18,1,price,,1,,,,,,,OTHER_SEASON,,,,,,,YES,,Men's jeans - 100% cotton
FW26,CARRYOVER,,1,LIV-INTL-GRN-PNSTRP,Initial Green Candystripe,LIV-INTL-GRN-PNSTRP,Initial Green Candystripe,CIN7_IMPORT,Livid Men,Livid,6,4,price; customs desc; fibre; manufacturer,,1,,1,,1,,1,OTHER_SEASON,,CIN7,,CIN7,,NONE,NO,manufacturer,Men's Shirt - 100% cotton
FW26,NEW,,,LIV-STCK-BTTRNT,Butternut,LIV-M-STCK,Stack,THREADFLOW,Livid Men,Livid,4,1,fibre,,,,,,1,,,,,,,CIN7,,,YES,,Men's Sweater - Knitted 100% wool
FW26,CARRYOVER,,,LIV-KRN-BLCK,Kerin Black,LIV-KRN-BLCK,Kerin Black,CIN7_IMPORT,Livid Femme,Livid,2,4,price; customs desc; fibre; manufacturer,,1,,1,,1,,1,OTHER_SEASON,,CIN7,,CIN7,,NONE,NO,manufacturer,Men's Sweater - Knitted 100% wiil
FW26,CARRYOVER,,1,LIV-INTL-GRY-OX,Initial Grey Ox,LIV-INTL-GRY-OX,Initial Grey Ox,CIN7_IMPORT,Livid Men,Livid,6,4,price; customs desc; fibre; manufacturer,,1,,1,,1,,1,OTHER_SEASON,,CIN7,,CIN7,,NONE,NO,manufacturer,Men's Shirt - 100% cotton
FW26,CARRYOVER,,,LIV-HYD-T-WHT,Hyde Tee White,LIV-HYD-T-WHT,Hyde Tee White,CIN7_IMPORT,Livid Femme,Livid,5,4,price; customs desc; fibre; manufacturer,,1,,1,,1,,1,OTHER_SEASON,,CIN7,,CIN7,,NONE,NO,manufacturer,Men's T-Shirt - 100% Cotton
FW26,CARRYOVER,,1,LIV-TT-BLCK,Tate Black,LIV-TT-BLCK,Tate Black,CIN7_IMPORT,Livid Men,Livid,4,4,price; customs desc; fibre; manufacturer,,1,,1,,1,,1,OTHER_SEASON,,CIN7,,CIN7,,NONE,NO,manufacturer,Men's Sweater - Knitted 100% wiil
FW26,CARRYOVER,,1,LIV-K-JPN-BLCK,Kai Japan Black,LIV-K-JPN-BLCK,Kai Japan Black,CIN7_IMPORT,Livid Men,Livid,15,4,price; customs desc; fibre; manufacturer,,1,,1,,1,,1,OTHER_SEASON,,CIN7,,CIN7,,NONE,NO,manufacturer,Men's jeans - 100% cotton
FW26,CARRYOVER,,,LIV-SRN-JPN-BLCK-DSK,Siren Japan Black Dusk,LIV-SRN-JPN-BLCK-DSK,Siren Japan Black Dusk,CIN7_IMPORT,Livid Femme,Livid,20,4,price; customs desc; fibre; manufacturer,,1,,1,,1,,1,OTHER_SEASON,,CIN7,,CIN7,,NONE,NO,manufacturer,Men's jeans - 100% cotton
FW26,CARRYOVER,,,LIV-COT-WHT,Coty White,LIV-COT-WHT,Coty White,CIN7_IMPORT,Livid Femme,Livid,4,5,price; customs desc; fibre; origin; manufacturer,,1,,1,,1,1,1,OTHER_SEASON,,CIN7,,CIN7,CIN7,NONE,NO,manufacturer,Men's Sweater - 100% cotton
FW26,CARRYOVER,,,LIV-SIR-JAP-OPT,Siren Japan Optic,LIV-SIR-JAP-OPT,Siren Japan Optic,CIN7_IMPORT,Livid Femme,Livid,14,4,price; customs desc; fibre; manufacturer,,1,,1,,1,,1,OTHER_SEASON,,CIN7,,CIN7,,NONE,NO,manufacturer,Men's jeans - 100% cotton
FW26,CARRYOVER,,,LIV-V-WHT,Eva White,LIV-V-WHT,Eva White,CIN7_IMPORT,Livid Femme,Livid,5,4,price; customs desc; fibre; manufacturer,,1,,1,,1,,1,OTHER_SEASON,,CIN7,,CIN7,,NONE,NO,manufacturer,Men's T-Shirt - 100% Cotton
FW26,CARRYOVER,,,LIV-ANK-BLK,Black,LIV-M-NK,Anoki,THREADFLOW,Livid Men,Livid,6,1,price,,1,,,,,,,OTHER_SEASON,,,,,,,YES,,Men's singlet - 100% cotton
FW26,CARRYOVER,,1,LIV-INTL-CLST-PNSTRP-OX,Initial Celeste Candystripe Ox,LIV-INTL-CLST-PNSTRP-OX,Initial Celeste Candystripe Ox,CIN7_IMPORT,Livid Men,Livid,6,4,price; customs desc; fibre; manufacturer,,1,,1,,1,,1,OTHER_SEASON,,CIN7,,CIN7,,NONE,NO,manufacturer,Men's Shirt - 100% cotton
FW26,CARRYOVER,,,LIV-BUR-BLK-VOI,Burley Japan Black Void,LIV-BUR-BLK-VOI,Burley Japan Black Void,CIN7_IMPORT,Livid Men,Livid,15,4,price; customs desc; fibre; manufacturer,,1,,1,,1,,1,OTHER_SEASON,,CIN7,,CIN7,,NONE,NO,manufacturer,Men's jeans - 100% cotton
FW26,CARRYOVER,,,LIV-JLL-JPN-BLCK,Joelle Japan Black,LIV-JLL-JPN-BLCK,Joelle Japan Black,CIN7_IMPORT,Livid Femme,Livid,19,4,price; customs desc; fibre; manufacturer,,1,,1,,1,,1,OTHER_SEASON,,CIN7,,CIN7,,NONE,NO,manufacturer,Men's jeans - 100% cotton
FW26,CARRYOVER,,,LIV-JLL-JPN-DWN,Joelle Japan Dawn,LIV-JLL-JPN-DWN,Joelle Japan Dawn,CIN7_IMPORT,Livid Femme,Livid,16,4,price; customs desc; fibre; manufacturer,,1,,1,,1,,1,OTHER_SEASON,,CIN7,,CIN7,,NONE,NO,manufacturer,Men's jeans - 100% cotton
FW26,CARRYOVER,,,LIV-TUR-KHKI,Turnip Khaki,LIV-TUR-KHKI,Turnip Khaki,CIN7_IMPORT,Livid Femme,Livid,5,5,price; customs desc; fibre; origin; manufacturer,,1,,1,,1,1,1,OTHER_SEASON,,CIN7,,CIN7,CIN7,NONE,NO,manufacturer,Men's Shirt - 100% cotton
FW26,CARRYOVER,,1,LIV-HNRY-GRPHT-TWLL,Henrey Graphite Twill,LIV-HNRY-GRPHT-TWLL,Henrey Graphite Twill,CIN7_IMPORT,Livid Men,Livid,4,5,price; customs desc; fibre; origin; manufacturer,,1,,1,,1,1,1,OTHER_SEASON,,CIN7,,CIN7,CIN7,NONE,NO,manufacturer,Men's Shirt - 100% cotton
FW26,CARRYOVER,,,LIV-KN-JP-BKNL-S,Keen Raw Black Noil Silk,LIV-KN-JP-BKNL-S,Keen Raw Black Noil Silk,CIN7_IMPORT,Livid Men,Livid,5,4,price; customs desc; fibre; manufacturer,,1,,1,,1,,1,OTHER_SEASON,,CIN7,,CIN7,,NONE,NO,manufacturer,Men's Shirt - 100% Silk
FW26,CARRYOVER,,,LIV-ABY-WH,Abby White,LIV-ABY-WH,Abby White,CIN7_IMPORT,Livid Femme,Livid,5,4,price; customs desc; fibre; manufacturer,,1,,1,,1,,1,OTHER_SEASON,,CIN7,,CIN7,,NONE,NO,manufacturer,Men's T-Shirt - 100% Cotton
FW26,CARRYOVER,,,LIV-TK-SLK-BLCK,Tiki Silk Black,LIV-TK-SLK-BLCK,Tiki Silk Black,CIN7_IMPORT,Livid Femme,Livid,4,5,price; customs desc; fibre; origin; manufacturer,,1,,1,,1,1,1,OTHER_SEASON,,CIN7,,CIN7,CIN7,NONE,NO,manufacturer,Men's Shirt - 100% cotton
FW26,CARRYOVER,,,LIV-HUF-BLK-WOL,Huff Black Wool,LIV-HUF-BLK-WOL,Huff Black Wool,CIN7_IMPORT,Livid Men,Livid,5,5,price; customs desc; fibre; origin; manufacturer,,1,,1,,1,1,1,OTHER_SEASON,,CIN7,,CIN7,CIN7,NONE,NO,manufacturer,Men's Shirt - 100% cotton
FW26,CARRYOVER,,,LIV-FEA-TWI-SND,Fealy Twisted Japan Sandbox,LIV-FEA-TWI-SND,Fealy Twisted Japan Sandbox,CIN7_IMPORT,Livid Men,Livid,12,4,price; customs desc; fibre; manufacturer,,1,,1,,1,,1,OTHER_SEASON,,CIN7,,CIN7,,NONE,NO,manufacturer,Men's jeans - 100% cotton
FW26,CARRYOVER,,,LIV-KRN-TP,Kerin Taupe,LIV-KRN-TP,Kerin Taupe,CIN7_IMPORT,Livid Femme,Livid,2,4,price; customs desc; fibre; manufacturer,,1,,1,,1,,1,OTHER_SEASON,,CIN7,,CIN7,,NONE,NO,manufacturer,Men's Sweater - Knitted 100% wiil
FW26,CARRYOVER,,,LIV-KEL-BLK,Kelvin Black,LIV-KEL-BLK,Kelvin Black,CIN7_IMPORT,Livid Unisex,Livid,4,4,price; customs desc; fibre; manufacturer,,1,,1,,1,,1,OTHER_SEASON,,CIN7,,CIN7,,NONE,NO,manufacturer,Men jacket - 100% cotton
FW26,CARRYOVER,,,LIV-FR-BLCK,Fir Black,LIV-FR-BLCK,Fir Black,CIN7_IMPORT,Livid Femme,Livid,5,4,price; customs desc; fibre; manufacturer,,1,,1,,1,,1,OTHER_SEASON,,CIN7,,CIN7,,NONE,NO,manufacturer,Men's trouser - 100% cotton
FW26,CARRYOVER,,,LIV-NOY-ALO,Noya Aloe,LIV-NOY-ALO,Noya Aloe,CIN7_IMPORT,Livid Unisex,Livid,4,5,price; customs desc; fibre; origin; manufacturer,,1,,1,,1,1,1,OTHER_SEASON,,CIN7,,CIN7,CIN7,NONE,NO,manufacturer,Men's Sweater - 100% cotton
FW26,CARRYOVER,,,LIV-NEL-BLK-FAD,Nelson Black Fadeout,LIV-NEL-BLK-FAD,Nelson Black Fadeout,CIN7_IMPORT,Livid Men,Livid,3,5,price; customs desc; fibre; origin; manufacturer,,1,,1,,1,1,1,OTHER_SEASON,,CIN7,,CIN7,CIN7,NONE,NO,manufacturer,Men's T-Shirt - 100% Cotton
FW26,CARRYOVER,,1,LIV-AYN-GRY,Ayon Grey,LIV-AYN-GRY,Ayon Grey,CIN7_IMPORT,Livid Men,Livid,6,5,price; customs desc; fibre; origin; manufacturer,,1,,1,,1,1,1,OTHER_SEASON,,CIN7,,CIN7,CIN7,NONE,NO,manufacturer,Men's Sweater - 100% cotton
FW26,CARRYOVER,,,LIV-NAR-WHT,Nara White,LIV-NAR-WHT,Nara White,CIN7_IMPORT,Livid Femme,Livid,5,5,price; customs desc; fibre; origin; manufacturer,,1,,1,,1,1,1,OTHER_SEASON,,CIN7,,CIN7,CIN7,NONE,NO,manufacturer,Men's Sweater - 100% cotton
FW26,CARRYOVER,,,LIV-T-JPN-BLCK,Tia Japan Black,LIV-T-JPN-BLCK,Tia Japan Black,CIN7_IMPORT,Livid Femme,Livid,18,4,price; customs desc; fibre; manufacturer,,1,,1,,1,,1,OTHER_SEASON,,CIN7,,CIN7,,NONE,NO,manufacturer,Men's jeans - 100% cotton
FW26,CARRYOVER,,,LIV-EVA-BN,Eva Bone,LIV-EVA-BN,Eva Bone,CIN7_IMPORT,Livid Femme,Livid,5,5,price; customs desc; fibre; origin; manufacturer,,1,,1,,1,1,1,OTHER_SEASON,,CIN7,,CIN7,CIN7,NONE,NO,manufacturer,Men's singlet - 100% cotton
FW26,CARRYOVER,,,LIV-TK-WHT-SLK,Tiki Silk White,LIV-TK-WHT-SLK,Tiki Silk White,CIN7_IMPORT,Livid Femme,Livid,5,4,price; customs desc; fibre; manufacturer,,1,,1,,1,,1,OTHER_SEASON,,CIN7,,CIN7,,NONE,NO,manufacturer,Men's Shirt - 100% cotton
FW26,NEW,,,LIV-M-SLC-CHN-JPN-STL-DRLL,Japan Steel Drill,LIV-M-SLC-CHN,Solace Chino,THREADFLOW,Livid Men,Livid,17,1,price,,1,,,,,,,OTHER_SEASON,,,,,,,YES,,
FW26,CARRYOVER,,,LIV-BTH-JPN-GRVL,Beth Japan Gravel,LIV-BTH-JPN-GRVL,Beth Japan Gravel,CIN7_IMPORT,Livid Unisex,Livid,16,4,price; customs desc; fibre; manufacturer,,1,,1,,1,,1,OTHER_SEASON,,CIN7,,CIN7,,NONE,NO,manufacturer,Men's jeans - 100% cotton
FW26,CARRYOVER,,,LIV-KER-SURF-JAP-BLU,Keri Surf Japan Blue Scurry,LIV-KER-SURF-JAP-BLU,Keri Surf Japan Blue Scurry,CIN7_IMPORT,Livid Unisex,Livid,12,4,price; customs desc; fibre; manufacturer,,1,,1,,1,,1,OTHER_SEASON,,CIN7,,CIN7,,NONE,NO,manufacturer,Men's Shorts - 100% Cotton
FW26,CARRYOVER,,1,LIV-FLR-CHI-OYS,Khaki,LIV-M-FLLR-CHN,Fuller Chino,THREADFLOW,Livid Men,Livid,17,1,price,,1,,,,,,,OTHER_SEASON,,,,,,,YES,,Men's trouser - 100% cotton
FW26,CARRYOVER,,,LIV-N-BLCK,Naia Black,LIV-N-BLCK,Naia Black,CIN7_IMPORT,Livid Femme,Livid,2,4,price; customs desc; fibre; manufacturer,,1,,1,,1,,1,OTHER_SEASON,,CIN7,,CIN7,,NONE,NO,manufacturer,Men's T-Shirt - 100% Cotton
FW26,CARRYOVER,,1,LIV-FUL-JPN-FAD,Japan Fade,LIV-M-FLLR,Fuller,THREADFLOW,Livid Men,Livid,18,1,price,,1,,,,,,,OTHER_SEASON,,,,,,,YES,,Men's jeans - 100% cotton
FW26,CARRYOVER,,,LIV-PG-JPN-INDG-RNS,Japan Indigo Dusk,LIV-W-PG,Page,THREADFLOW,Livid Femme,Livid,20,1,price,,1,,,,,,,OTHER_SEASON,,,,,,,YES,,Men's jeans - 100% cotton
FW26,CARRYOVER,,,LIV-RUS-WHT-SLK,White Fine Silk,LIV-M-RSS,Russ,THREADFLOW,Livid Men,Livid,5,2,price; fibre,,1,,,,1,,,OTHER_SEASON,,,,CIN7,,,YES,,Men's Shirt - 100% cotton
FW26,CARRYOVER,,1,LIV-TT-CHRCL,Tate Charcoal,LIV-TT-CHRCL,Tate Charcoal,CIN7_IMPORT,Livid Men,Livid,5,5,price; customs desc; fibre; origin; manufacturer,,1,,1,,1,1,1,OTHER_SEASON,,CIN7,,CIN7,CIN7,NONE,NO,manufacturer,Men's Sweater - Knitted 100% wiil
FW26,CARRYOVER,,,LIV-PG-JPN-BLCK-DSK,Japan Black Dusk,LIV-W-PG,Page,THREADFLOW,Livid Femme,Livid,20,1,price,,1,,,,,,,OTHER_SEASON,,,,,,,YES,,Men's jeans - 100% cotton
FW26,CARRYOVER,,1,LIV-Needle-BK,Needle Black,LIV-Needle-BK,Needle Black,CIN7_IMPORT,Livid Men,Livid,4,4,price; customs desc; fibre; manufacturer,,1,,1,,1,,1,OTHER_SEASON,,CIN7,,CIN7,,NONE,NO,manufacturer,Men's Sweater - 100% cotton
FW26,CARRYOVER,,,LIV-NSH-BLCK,Nash Black,LIV-NSH-BLCK,Nash Black,CIN7_IMPORT,Livid Unisex,Livid,6,4,price; customs desc; fibre; manufacturer,,1,,1,,1,,1,OTHER_SEASON,,CIN7,,CIN7,,NONE,NO,manufacturer,Men jacket - 100% Wool
FW26,CARRYOVER,,,LIV-HLD-CHRCL,Hilda Charcoal,LIV-HLD-CHRCL,Hilda Charcoal,CIN7_IMPORT,Livid Unisex,Livid,1,4,price; customs desc; fibre; manufacturer,,1,,1,,1,,1,OTHER_SEASON,,CIN7,,CIN7,,NONE,NO,manufacturer,Scarf - 100% Wool
FW26,CARRYOVER,,,LIV-NSH-TP,Nash Taupe,LIV-NSH-TP,Nash Taupe,CIN7_IMPORT,Livid Unisex,Livid,6,4,price; customs desc; fibre; manufacturer,,1,,1,,1,,1,OTHER_SEASON,,CIN7,,CIN7,,NONE,NO,manufacturer,Men jacket - 100% Wool
FW26,CARRYOVER,,,LIV-BRLY-JPN-ER,Burley Japan Era,LIV-BRLY-JPN-ER,Burley Japan Era,CIN7_IMPORT,Livid Men,Livid,13,4,price; customs desc; fibre; manufacturer,,1,,1,,1,,1,OTHER_SEASON,,CIN7,,CIN7,,NONE,NO,manufacturer,Men's jeans - 100% cotton
FW26,CARRYOVER,,,LIV-DYE-ALO-FAD,Dyer Aloe Fadeout Thermal,LIV-DYE-ALO-FAD,Dyer Aloe Fadeout Thermal,CIN7_IMPORT,Livid Men,Livid,4,5,price; customs desc; fibre; origin; manufacturer,,1,,1,,1,1,1,OTHER_SEASON,,CIN7,,CIN7,CIN7,NONE,NO,manufacturer,Men's Sweater - 100% cotton
FW26,CARRYOVER,,,LIV-HYS-ST-PNT-BLCK,Hayes Suit Pant Black,LIV-HYS-ST-PNT-BLCK,Hayes Suit Pant Black,CIN7_IMPORT,Livid Men,Livid,2,4,price; customs desc; fibre; manufacturer,,1,,1,,1,,1,OTHER_SEASON,,CIN7,,CIN7,,NONE,NO,manufacturer,Men's Suiting - 100% Wool
FW26,CARRYOVER,,1,LIV-AYO-GAR-GRN,Ayon Garden Green,LIV-AYO-GAR-GRN,Ayon Garden Green,CIN7_IMPORT,Livid Men,Livid,6,5,price; customs desc; fibre; origin; manufacturer,,1,,1,,1,1,1,OTHER_SEASON,,CIN7,,CIN7,CIN7,NONE,NO,manufacturer,Men's Sweater - 100% cotton
FW26,CARRYOVER,,,LIV-BLK-BLCK,Blake Black,LIV-BLK-BLCK,Blake Black,CIN7_IMPORT,Livid Unisex,Livid,2,4,price; customs desc; fibre; manufacturer,,1,,1,,1,,1,OTHER_SEASON,,CIN7,,CIN7,,NONE,NO,manufacturer,Men jacket - 100% Wool
FW26,CARRYOVER,,,LIV-LRK-CHRCL,Lerke Charcoal,LIV-LRK-CHRCL,Lerke Charcoal,CIN7_IMPORT,Livid Unisex,Livid,1,4,price; customs desc; fibre; manufacturer,,1,,1,,1,,1,OTHER_SEASON,,CIN7,,CIN7,,NONE,NO,manufacturer,Scarf - 100% Wool
FW26,CARRYOVER,,,LIV-BRS-BLU-POP,Brass Blue Pop,LIV-BRS-BLU-POP,Brass Blue Pop,CIN7_IMPORT,Livid Men,Livid,5,4,price; customs desc; fibre; manufacturer,,1,,1,,1,,1,OTHER_SEASON,,CIN7,,CIN7,,NONE,NO,manufacturer,Men's Shirt - 100% cotton
FW26,CARRYOVER,,,LIV-T-JPN-NW-BL,Tia Japan New Blue,LIV-T-JPN-NW-BL,Tia Japan New Blue,CIN7_IMPORT,Livid Femme,Livid,18,4,price; customs desc; fibre; manufacturer,,1,,1,,1,,1,OTHER_SEASON,,CIN7,,CIN7,,NONE,NO,manufacturer,Men's jeans - 100% cotton
FW26,CARRYOVER,,1,LIV-KAV-WHT,Kavon White,LIV-KAV-WHT,Kavon White,CIN7_IMPORT,Livid Men,Livid,6,5,price; customs desc; fibre; origin; manufacturer,,1,,1,,1,1,1,OTHER_SEASON,,CIN7,,CIN7,CIN7,NONE,NO,manufacturer,Men's Sweater - 100% cotton
FW26,CARRYOVER,,,LIV-JAY-GRN-TWL,Jaylin Green Twill,LIV-JAY-GRN-TWL,Jaylin Green Twill,CIN7_IMPORT,Livid Men,Livid,4,5,price; customs desc; fibre; origin; manufacturer,,1,,1,,1,1,1,OTHER_SEASON,,CIN7,,CIN7,CIN7,NONE,NO,manufacturer,Men jacket - 100% cotton
FW26,CARRYOVER,,,LIV-ALSS-BLCK,Alesis Black,LIV-ALSS-BLCK,Alesis Black,CIN7_IMPORT,Livid Men,Livid,4,4,price; customs desc; fibre; manufacturer,,1,,1,,1,,1,OTHER_SEASON,,CIN7,,CIN7,,NONE,NO,manufacturer,Men jacket - 100% cotton
FW26,CARRYOVER,,1,LIV-BAR-NW-BLU,Japan New Blue,LIV-M-BRNS,Barnes,THREADFLOW,Livid Men,Livid,18,1,price,,1,,,,,,,OTHER_SEASON,,,,,,,YES,,Men's jeans - 100% cotton
FW26,CARRYOVER,,,LIV-PAC-WHT,White,LIV-M-PC,Paco,THREADFLOW,Livid Men,Livid,6,1,price,,1,,,,,,,OTHER_SEASON,,,,,,,YES,,Men's singlet - 100% cotton
FW26,CARRYOVER,,,LIV-LRK-BLCK,Lerke Black,LIV-LRK-BLCK,Lerke Black,CIN7_IMPORT,Livid Unisex,Livid,1,4,price; customs desc; fibre; manufacturer,,1,,1,,1,,1,OTHER_SEASON,,CIN7,,CIN7,,NONE,NO,manufacturer,Scarf - 100% Wool
FW26,CARRYOVER,,1,LIV-HNRY-JPN-INDG-DSK,Henrey Japan Indigo Dusk,LIV-HNRY-JPN-INDG-DSK,Henrey Japan Indigo Dusk,CIN7_IMPORT,Livid Men,Livid,6,5,price; customs desc; fibre; origin; manufacturer,,1,,1,,1,1,1,OTHER_SEASON,,CIN7,,CIN7,CIN7,NONE,NO,manufacturer,Men's Shirt - 100% cotton
FW26,CARRYOVER,,,LIV-GLLSH-BLCK-WX,Gillish Black Wax,LIV-GLLSH-BLCK-WX,Gillish Black Wax,CIN7_IMPORT,Livid Men,Livid,4,5,price; customs desc; fibre; origin; manufacturer,,1,,1,,1,1,1,OTHER_SEASON,,CIN7,,CIN7,CIN7,NONE,NO,manufacturer,Men jacket - 100% cotton
FW26,CARRYOVER,,1,LIV-INTL-WHT-OX,Initial White Ox,LIV-INTL-WHT-OX,Initial White Ox,CIN7_IMPORT,Livid Men,Livid,6,4,price; customs desc; fibre; manufacturer,,1,,1,,1,,1,OTHER_SEASON,,CIN7,,CIN7,,NONE,NO,manufacturer,Men's Shirt - 100% cotton
FW26,CARRYOVER,,,LIV-BRS-JAP-BON,Brass Japan Bone Coi,LIV-BRS-JAP-BON,Brass Japan Bone Coi,CIN7_IMPORT,Livid Men,Livid,5,4,price; customs desc; fibre; manufacturer,,1,,1,,1,,1,OTHER_SEASON,,CIN7,,CIN7,,NONE,NO,manufacturer,Men's Shirt - 100% cotton
FW26,CARRYOVER,,1,LIV-KLLR-WHT,Keller White,LIV-KLLR-WHT,Keller White,CIN7_IMPORT,Livid Men,Livid,5,5,price; customs desc; fibre; origin; manufacturer,,1,,1,,1,1,1,OTHER_SEASON,,CIN7,,CIN7,CIN7,NONE,NO,manufacturer,Men's T-Shirt - 100% Cotton
FW26,CARRYOVER,,,LIV-BRL-JPSHDW,Burley Japan Shadow,LIV-BRL-JPSHDW,Burley Japan Shadow,CIN7_IMPORT,Livid Men,Livid,8,4,price; customs desc; fibre; manufacturer,,1,,1,,1,,1,OTHER_SEASON,,CIN7,,CIN7,,NONE,NO,manufacturer,Men's jeans - 100% cotton
FW26,CARRYOVER,,,LIV-ELM-GRY-MEL,Elmer Grey Melange,LIV-ELM-GRY-MEL,Elmer Grey Melange,CIN7_IMPORT,Livid Men,Livid,5,5,price; customs desc; fibre; origin; manufacturer,,1,,1,,1,1,1,OTHER_SEASON,,CIN7,,CIN7,CIN7,NONE,NO,manufacturer,Men's singlet - 100% cotton
FW26,CARRYOVER,,1,LIV-RCKN-WHT,Rickon White,LIV-RCKN-WHT,Rickon White,CIN7_IMPORT,Livid Men,Livid,6,5,price; customs desc; fibre; origin; manufacturer,,1,,1,,1,1,1,OTHER_SEASON,,CIN7,,CIN7,CIN7,NONE,NO,manufacturer,Men's T-Shirt - 100% Cotton
FW26,CARRYOVER,,,LIV-HLD-BLCK,Hilda Black,LIV-HLD-BLCK,Hilda Black,CIN7_IMPORT,Livid Unisex,Livid,1,4,price; customs desc; fibre; manufacturer,,1,,1,,1,,1,OTHER_SEASON,,CIN7,,CIN7,,NONE,NO,manufacturer,Scarf - 100% Wool
FW26,CARRYOVER,,,LIV-DNN-BLCK,Dunn Black,LIV-DNN-BLCK,Dunn Black,CIN7_IMPORT,Livid Unisex,Livid,1,4,price; customs desc; fibre; manufacturer,,1,,1,,1,,1,OTHER_SEASON,,CIN7,,CIN7,,NONE,NO,manufacturer,Cap - 100% cotton
FW26,CARRYOVER,,,LIV-KAL-JAP-SLA,Kalum Japan Slate,LIV-KAL-JAP-SLA,Kalum Japan Slate,CIN7_IMPORT,Livid Men,Livid,6,5,price; customs desc; fibre; origin; manufacturer,,1,,1,,1,1,1,OTHER_SEASON,,CIN7,,CIN7,CIN7,NONE,NO,manufacturer,Men's Shirt - 100% cotton
FW26,CARRYOVER,,,LIV-KR-JPN-DWN,Keri Japan Dawn,LIV-KR-JPN-DWN,Keri Japan Dawn,CIN7_IMPORT,Livid Men,Livid,19,4,price; customs desc; fibre; manufacturer,,1,,1,,1,,1,OTHER_SEASON,,CIN7,,CIN7,,NONE,NO,manufacturer,Men's jeans - 100% cotton
FW26,CARRYOVER,,1,LIV-Needle-W,Needle White,LIV-Needle-W,Needle White,CIN7_IMPORT,Livid Men,Livid,6,4,price; customs desc; fibre; manufacturer,,1,,1,,1,,1,OTHER_SEASON,,CIN7,,CIN7,,NONE,NO,manufacturer,Men's Sweater - 100% cotton
FW26,CARRYOVER,,,LIV-ELM-WHT,Elmer White,LIV-ELM-WHT,Elmer White,CIN7_IMPORT,Livid Men,Livid,5,5,price; customs desc; fibre; origin; manufacturer,,1,,1,,1,1,1,OTHER_SEASON,,CIN7,,CIN7,CIN7,NONE,NO,manufacturer,Men's singlet - 100% cotton
FW26,CARRYOVER,,,LIV-PN-BLCK-TCH,Pen Black Tech,LIV-PN-BLCK-TCH,Pen Black Tech,CIN7_IMPORT,Livid Unisex,Livid,3,5,price; customs desc; fibre; origin; manufacturer,,1,,1,,1,1,1,OTHER_SEASON,,CIN7,,CIN7,CIN7,NONE,NO,manufacturer,Men jacket - 100% cotton
FW26,NEW,,,LIV-CLRK-BRWN,Brown,LIV-M-CLRK,Clerk,THREADFLOW,Livid Men,Livid,4,1,fibre,,,,,,1,,,,,,,CIN7,,,YES,,Men's Sweater - Knitted 100% wool
FW26,CARRYOVER,,,LIV-CEN-WHT-FIN,White Fine Silk,LIV-W-CNT,Centi,THREADFLOW,Livid Femme,Livid,5,1,price,,1,,,,,,,OTHER_SEASON,,,,,,,YES,,Men's Shirt - 100% cotton
FW26,CARRYOVER,,,LIV-GLL-BRWN-WX,Gill Brown Wax,LIV-GLL-BRWN-WX,Gill Brown Wax,CIN7_IMPORT,Livid Men,Livid,4,5,price; customs desc; fibre; origin; manufacturer,,1,,1,,1,1,1,OTHER_SEASON,,CIN7,,CIN7,CIN7,NONE,NO,manufacturer,Men jacket - 100% cotton
FW26,CARRYOVER,,,LIV-PLL-GRPHT-FLFF,Pull Graphite Fluff,LIV-PLL-GRPHT-FLFF,Pull Graphite Fluff,CIN7_IMPORT,Livid Men,Livid,4,5,price; customs desc; fibre; origin; manufacturer,,1,,1,,1,1,1,OTHER_SEASON,,CIN7,,CIN7,CIN7,NONE,NO,manufacturer,Men's Sweater - Knitted 100% wiil
FW26,CARRYOVER,,,LIV-BRS-VOI-STR,Brass Voile Stripe,LIV-BRS-VOI-STR,Brass Voile Stripe,CIN7_IMPORT,Livid Men,Livid,5,4,price; customs desc; fibre; manufacturer,,1,,1,,1,,1,OTHER_SEASON,,CIN7,,CIN7,,NONE,NO,manufacturer,Men's Shirt - 100% cotton
FW26,CARRYOVER,,1,LIV-AYO-BLK,Ayon Black,LIV-AYO-BLK,Ayon Black,CIN7_IMPORT,Livid Men,Livid,6,5,price; customs desc; fibre; origin; manufacturer,,1,,1,,1,1,1,OTHER_SEASON,,CIN7,,CIN7,CIN7,NONE,NO,manufacturer,Men's T-Shirt - 100% Cotton
FW26,CARRYOVER,,1,LIV-KVN-NVY,Kevin Navy,LIV-KVN-NVY,Kevin Navy,CIN7_IMPORT,Livid Men,Livid,5,5,price; customs desc; fibre; origin; manufacturer,,1,,1,,1,1,1,OTHER_SEASON,,CIN7,,CIN7,CIN7,NONE,NO,manufacturer,Men's Sweater - Knitted 100% wiil
FW26,CARRYOVER,,,LIV-HYS-ST-JCKT-SNGL-BRSTD-BLCK,Hayes Suit Jacket Single Breasted Black,LIV-HYS-ST-JCKT-SNGL-BRSTD-BLCK,Hayes Suit Jacket Single Breasted Black,CIN7_IMPORT,Livid Men,Livid,4,5,price; customs desc; fibre; origin; manufacturer,,1,,1,,1,1,1,OTHER_SEASON,,CIN7,,CIN7,CIN7,NONE,NO,manufacturer,Men's Suiting - 100% Wool
FW26,CARRYOVER,,,LIV-RUS-COB-SLK,Russ Bright Cobalt Fine Silk,LIV-RUS-COB-SLK,Russ Bright Cobalt Fine Silk,CIN7_IMPORT,Livid Men,Livid,2,5,price; customs desc; fibre; origin; manufacturer,,1,,1,,1,1,1,OTHER_SEASON,,CIN7,,CIN7,CIN7,NONE,NO,manufacturer,Men's Shirt - 100% cotton
FW26,CARRYOVER,,1,LIV-FUL-NEW-BLU,Japan New Blue,LIV-M-FLLR,Fuller,THREADFLOW,Livid Men,Livid,18,1,price,,1,,,,,,,OTHER_SEASON,,,,,,,YES,,Men's jeans - 100% cotton
FW26,CARRYOVER,,,LIV-BRS-GRY-SER,Brass Grey Seersucker,LIV-BRS-GRY-SER,Brass Grey Seersucker,CIN7_IMPORT,Livid Men,Livid,6,4,price; customs desc; fibre; manufacturer,,1,,1,,1,,1,OTHER_SEASON,,CIN7,,CIN7,,NONE,NO,manufacturer,Men's Shirt - 100% cotton
FW26,CARRYOVER,,,LIV-ELMR-SHDW-RB,Elmer Shadow Rib,LIV-ELMR-SHDW-RB,Elmer Shadow Rib,CIN7_IMPORT,Livid Men,Livid,5,4,price; customs desc; fibre; manufacturer,,1,,1,,1,,1,OTHER_SEASON,,CIN7,,CIN7,,NONE,NO,manufacturer,Men's T-Shirt - 100% Cotton
FW26,CARRYOVER,,,LIV-ML-WHT,Mila White,LIV-ML-WHT,Mila White,CIN7_IMPORT,Livid Femme,Livid,1,4,price; customs desc; fibre; manufacturer,,1,,1,,1,,1,OTHER_SEASON,,CIN7,,CIN7,,NONE,NO,manufacturer,Men's Sweater - 100% cotton
FW26,CARRYOVER,,,LIV-KRI-JP-FGG,Keri Japan Fog,LIV-KRI-JP-FGG,Keri Japan Fog,CIN7_IMPORT,Livid Unisex,Livid,20,4,price; customs desc; fibre; manufacturer,,1,,1,,1,,1,OTHER_SEASON,,CIN7,,CIN7,,NONE,NO,manufacturer,Men's jeans - 100% cotton
FW26,CARRYOVER,,,LIV-ID-BLCK,Ida Black,LIV-ID-BLCK,Ida Black,CIN7_IMPORT,Livid Femme,Livid,5,4,price; customs desc; fibre; manufacturer,,1,,1,,1,,1,OTHER_SEASON,,CIN7,,CIN7,,NONE,NO,manufacturer,Men's T-Shirt - 100% Cotton
FW26,CARRYOVER,,,LIV-KRI-JPN-SNDBX,Keri Japan Sandbox,LIV-KRI-JPN-SNDBX,Keri Japan Sandbox,CIN7_IMPORT,Livid Unisex,Livid,17,4,price; customs desc; fibre; manufacturer,,1,,1,,1,,1,OTHER_SEASON,,CIN7,,CIN7,,NONE,NO,manufacturer,Men's jeans - 100% cotton
FW26,CARRYOVER,,,LIV-HYD-T-BLCK,Hyde Tee Black,LIV-HYD-T-BLCK,Hyde Tee Black,CIN7_IMPORT,Livid Femme,Livid,5,4,price; customs desc; fibre; manufacturer,,1,,1,,1,,1,OTHER_SEASON,,CIN7,,CIN7,,NONE,NO,manufacturer,Men's T-Shirt - 100% Cotton
FW26,CARRYOVER,,,LIV-KR-JPN-GRVL,Keri Japan Gravel,LIV-KR-JPN-GRVL,Keri Japan Gravel,CIN7_IMPORT,Livid Unisex,Livid,11,4,price; customs desc; fibre; manufacturer,,1,,1,,1,,1,OTHER_SEASON,,CIN7,,CIN7,,NONE,NO,manufacturer,Men's jeans - 100% cotton
FW26,CARRYOVER,,,LIV-KRN-CHRCL,Kerin Charcoal,LIV-KRN-CHRCL,Kerin Charcoal,CIN7_IMPORT,Livid Femme,Livid,3,5,price; customs desc; fibre; origin; manufacturer,,1,,1,,1,1,1,OTHER_SEASON,,CIN7,,CIN7,CIN7,NONE,NO,manufacturer,Men's Sweater - Knitted 100% wiil
FW26,CARRYOVER,,,LIV-PEN-STN,Pen Stone Tech,LIV-PEN-STN,Pen Stone Tech,CIN7_IMPORT,Livid Unisex,Livid,5,5,price; customs desc; fibre; origin; manufacturer,,1,,1,,1,1,1,OTHER_SEASON,,CIN7,,CIN7,CIN7,NONE,NO,manufacturer,Men jacket - 100% cotton
FW26,CARRYOVER,,,LIV-BLK-TP,Blake Taupe,LIV-BLK-TP,Blake Taupe,CIN7_IMPORT,Livid Unisex,Livid,6,4,price; customs desc; fibre; manufacturer,,1,,1,,1,,1,OTHER_SEASON,,CIN7,,CIN7,,NONE,NO,manufacturer,Men jacket - 100% Wool
SS27,NEW,1,,LIV-M-KYLN-JPN-DWN,Japan Dawn,LIV-M-KYLN,Kaylan,THREADFLOW,Livid Men,Livid,18,1,price,,1,,,,,,,NONE,,,,,,,NO,price,
SS27,NEW,,,LIV-M-PL-CT-NTRNL-TSTNG-N-5-BLCK,Black,LIV-M-PL-CT-NTRNL-TSTNG-N-5,Polo Coat (Internal Testing No. 5),THREADFLOW,Livid Men,Livid,0,2,variants; price,1,1,,,,,,,NONE,,,,,,,NO,variants; price,
SS27,NEW,1,,LIV-M-GLD-BTTRMLK-PPR,Buttermilk Paper,LIV-M-GLD,Glide,THREADFLOW,Livid Men,Livid,6,1,price,,1,,,,,,,NONE,,,,,,,NO,price,
SS27,NEW,1,,LIV-M-NSN-JPN-DWN,Japan Dawn,LIV-M-NSN,Anson,THREADFLOW,Livid Men,Livid,18,1,price,,1,,,,,,,NONE,,,,,,,NO,price,
SS27,NEW,1,,LIV-M-SLC-JPN-DWN,Japan Dawn,LIV-M-SLC,Solace,THREADFLOW,Livid Men,Livid,18,1,price,,1,,,,,,,NONE,,,,,,,NO,price,
SS27,NEW,1,,LIV-M-NSN-VRSN-2-JPN-DWN,Japan Dawn,LIV-M-NSN-VRSN-2,Anson Version 2,THREADFLOW,Livid Men,Livid,0,3,variants; price; fibre,1,1,,,,1,,,NONE,,,,NONE,,,NO,variants; price; fibre,
SS27,NEW,1,,LIV-M-LEAN-JPN-DWN,Japan Dawn,LIV-M-LEAN,Lean,THREADFLOW,Livid Men,Livid,18,1,price,,1,,,,,,,NONE,,,,,,,NO,price,
SS27,NEW,1,,LIV-M-LEAN-JPN-RGH-FD,Japan Rough Fade,LIV-M-LEAN,Lean,THREADFLOW,Livid Men,Livid,18,1,price,,1,,,,,,,NONE,,,,,,,NO,price,
SS27,NEW,1,,LIV-M-HV-JPN-DWN,Japan Dawn,LIV-M-HV,Heave,THREADFLOW,Livid Men,Livid,18,1,price,,1,,,,,,,NONE,,,,,,,NO,price,
SS27,NEW,1,,LIV-M-LANE-JPN-DWN,Japan Dawn,LIV-M-LANE,Lane,THREADFLOW,Livid Men,Livid,18,1,price,,1,,,,,,,NONE,,,,,,,NO,price,
SS27,NEW,,,LIV-M-VST-TYPWRTR-WHT,Typewrater White,LIV-M-ADN,Vast (skal slettes),THREADFLOW,Livid Men,Livid,0,3,variants; price; fibre,1,1,,,,1,,,NONE,,,,NONE,,,NO,variants; price; fibre,
SS27,NEW,1,,LIV-M-ONDA-VNLL-PPR,Vanilla Paper,LIV-M-ONDA,Onda,THREADFLOW,Livid Men,Livid,6,1,price,,1,,,,,,,NONE,,,,,,,NO,price,
SS27,NEW,,,LIV-M-YM-001-NN,Black Calf,LIV-M-YM-001,Yami,THREADFLOW,Livid Men,Livid,5,1,fibre,,,,,,1,,,,,,,NONE,,,NO,fibre,
SS27,NEW,,,LIV-M-PL-CT-NTRNL-TSTNG-N-6-BLCK,Black,LIV-M-PL-CT-NTRNL-TSTNG-N-6,Polo Coat (Internal Testing No. 6),THREADFLOW,Livid Men,Livid,0,2,variants; price,1,1,,,,,,,NONE,,,,,,,NO,variants; price,
SS27,CARRYOVER,1,,LIV-M-NX-001-BLCK-STRCH,Black Starch,LIV-M-NX-001,Nox,THREADFLOW,Livid Men,Livid,0,1,variants,1,,,,,,,,,,,,,,,NO,variants,
SS27,NEW,1,,LIV-M-TOLU-VNLL-PPR,Vanilla Paper,LIV-M-TOLU,Tolu,THREADFLOW,Livid Men,Livid,6,1,price,,1,,,,,,,NONE,,,,,,,NO,price,
SS27,CARRYOVER,1,,LIV-HYS-WD-STPNT-BRWN,Brown,LIV-M-HYS-WD-STPNT,Hayes Wide Suitpant,THREADFLOW,Livid Men,Livid,9,1,price,,1,,,,,,,OTHER_SEASON,,,,,,,YES,,
SS27,NEW,,,LIV-M-DRFT-SHRTS-JPNS-BLCK-LNN,Japan Black Linen,LIV-M-DRFT-SHRTS,Adrift Shorts,THREADFLOW,Livid Men,Livid,9,1,price,,1,,,,,,,NONE,,,,,,,NO,price,
SS27,NEW,,,LIV-M-VST-BLCK-PP,Black Pop,LIV-M-ADN,Vast (skal slettes),THREADFLOW,Livid Men,Livid,0,3,variants; price; fibre,1,1,,,,1,,,NONE,,,,NONE,,,NO,variants; price; fibre,
SS27,NEW,1,,LIV-M-WNDR-LNN-PPR,Linen Paper,LIV-M-WNDR,Wander,THREADFLOW,Livid Men,Livid,6,1,price,,1,,,,,,,NONE,,,,,,,NO,price,
SS27,NEW,1,,LIV-M-GLD-CRL-PPR,Coral Paper,LIV-M-GLD,Glide,THREADFLOW,Livid Men,Livid,6,1,price,,1,,,,,,,NONE,,,,,,,NO,price,
SS27,NEW,,,LIV-M-DRFT-JCKT-JPNS-BLCK-LNN,Japanese Black Linen,LIV-M-DRFT-JCKT,Adrift Jacket,THREADFLOW,Livid Men,Livid,5,1,price,,1,,,,,,,NONE,,,,,,,NO,price,
SS27,NEW,,,LIV-M-VST-TYPWRTR-SND,Typewriter Sand,LIV-M-ADN,Vast (skal slettes),THREADFLOW,Livid Men,Livid,0,3,variants; price; fibre,1,1,,,,1,,,NONE,,,,NONE,,,NO,variants; price; fibre,
SS27,CARRYOVER,,,LIV-STCK-BTTRNT,Butternut,LIV-M-STCK,Stack,THREADFLOW,Livid Men,Livid,4,1,fibre,,,,,,1,,,,,,,CIN7,,,YES,,Men's Sweater - Knitted 100% wool
SS27,NEW,,,LIV-M-TSTY-BLD-BLCK-D,Black Dusk,LIV-M-TSTY-BLD,Testy Bold,THREADFLOW,Livid Men,Livid,0,3,variants; price; fibre,1,1,,,,1,,,NONE,,,,NONE,,,NO,variants; price; fibre,
SS27,NEW,,,LIV-M-VST-VN-Q-PP,Even Aqua Pop,LIV-M-ADN,Vast (skal slettes),THREADFLOW,Livid Men,Livid,0,3,variants; price; fibre,1,1,,,,1,,,NONE,,,,NONE,,,NO,variants; price; fibre,
SS27,NEW,,,LIV-M-PL-CT-NTRNL-TSTNG-N-4-BLCK,Black,LIV-M-PL-CT-NTRNL-TSTNG-N-4,Polo Coat (Internal Testing No. 4),THREADFLOW,Livid Men,Livid,0,2,variants; price,1,1,,,,,,,NONE,,,,,,,NO,variants; price,
SS27,NEW,1,,LIV-M-ROAM-BTTRMLK-PPR,Buttermilk Paper,LIV-M-ROAM,Roam,THREADFLOW,Livid Men,Livid,6,1,price,,1,,,,,,,NONE,,,,,,,NO,price,
SS27,NEW,1,,LIV-M-ROAM-LNN-PPR,Linen Paper,LIV-M-ROAM,Roam,THREADFLOW,Livid Men,Livid,6,1,price,,1,,,,,,,NONE,,,,,,,NO,price,
SS27,NEW,,,LIV-M-LEAN-JPN-RNS,Japan Rinse,LIV-M-LEAN,Lean,THREADFLOW,Livid Men,Livid,18,1,price,,1,,,,,,,NONE,,,,,,,NO,price,
SS27,NEW,1,,LIV-M-BX-VN-BLCK,Avenue Black,LIV-M-BX,Box,THREADFLOW,Livid Men,Livid,5,1,price,,1,,,,,,,NONE,,,,,,,NO,price,
SS27,NEW,,,LIV-M-HM-BLCK,Black,LIV-M-HM,Hume,THREADFLOW,Livid Men,Livid,5,2,price; fibre,,1,,,,1,,,NONE,,,,NONE,,,NO,price; fibre,
SS27,NEW,,,LIV-M-PL-CT-NTRNL-TSTNG-N-7-BLCK,Black,LIV-M-PL-CT-NTRNL-TSTNG-N-7,Polo Coat (Internal Testing No. 7),THREADFLOW,Livid Men,Livid,0,2,variants; price,1,1,,,,,,,NONE,,,,,,,NO,variants; price,
SS27,NEW,1,,LIV-M-OND-CML-PP,Camel Paper,LIV-M-OND,Ondo,THREADFLOW,Livid Men,Livid,6,1,price,,1,,,,,,,NONE,,,,,,,NO,price,
SS27,NEW,,,LIV-M-JN-DWN,Dawn,LIV-M-JN,Jani,THREADFLOW,Livid Men,Livid,18,1,price,,1,,,,,,,NONE,,,,,,,NO,price,
SS27,NEW,1,,LIV-M-TOLU-SMK-PP,Smoke Paper,LIV-M-TOLU,Tolu,THREADFLOW,Livid Men,Livid,6,1,price,,1,,,,,,,NONE,,,,,,,NO,price,
SS27,CARRYOVER,1,,LIV-BRO-BLA,Black,LIV-W-BRK,Brooke,THREADFLOW,Livid Femme,Livid,5,2,fibre; origin,,,,,,1,1,,,,,,CIN7,CIN7,,YES,,Women's Dress - 100% cotton
SS27,NEW,1,,LIV-M-ND-BTTRML,Buttermilk Paper,LIV-M-ONDA,Onda,THREADFLOW,Livid Men,Livid,6,1,price,,1,,,,,,,NONE,,,,,,,NO,price,
SS27,NEW,,,LIV-M-NVC-BLCK,Black,LIV-M-NVC,Novac,THREADFLOW,Livid Men,Livid,0,3,variants; price; fibre,1,1,,,,1,,,NONE,,,,NONE,,,NO,variants; price; fibre,
SS27,NEW,,,LIV-W-GMN--STN,Stone,LIV-W-GMN-1,Gemini ,THREADFLOW,Fitguide,Livid,0,3,variants; price; fibre,1,1,,,,1,,,NONE,,,,NONE,,,NO,variants; price; fibre,
SS27,NEW,1,,LIV-W-STR-JPN-BL-GRM,Japan Blue Grime,LIV-W-STR,Easter,THREADFLOW,Livid Femme,Livid,0,1,variants,1,,,,,,,,,,,,,,,NO,variants,
SS27,NEW,1,,LIV-M-ONDA-SMK-PPR,Smoke Paper,LIV-M-ONDA,Onda,THREADFLOW,Livid Men,Livid,6,1,price,,1,,,,,,,NONE,,,,,,,NO,price,
SS27,NEW,1,,LIV-M-ROAM-PPPRMNT-PPR,Peppermint Paper,LIV-M-ROAM,Roam,THREADFLOW,Livid Men,Livid,6,1,price,,1,,,,,,,NONE,,,,,,,NO,price,
SS27,NEW,,,LIV-M-LN-DWN,Dawn,LIV-M-LEAN,Lean,THREADFLOW,Livid Men,Livid,18,1,price,,1,,,,,,,NONE,,,,,,,NO,price,
SS27,NEW,1,,LIV-M-BX-PRLY-PP,Pearly Pop,LIV-M-BX,Box,THREADFLOW,Livid Men,Livid,5,1,price,,1,,,,,,,NONE,,,,,,,NO,price,
SS27,NEW,,,LIV-M-VST-TYPWRTR-SRF,Typewriter Surf,LIV-M-ADN,Vast (skal slettes),THREADFLOW,Livid Men,Livid,0,3,variants; price; fibre,1,1,,,,1,,,NONE,,,,NONE,,,NO,variants; price; fibre,
SS27,NEW,,,LIV-M-HM-BLCK-CLF,Black Calf,LIV-M-HM,Hume,THREADFLOW,Livid Men,Livid,5,1,fibre,,,,,,1,,,,,,,NONE,,,NO,fibre,
SS27,NEW,1,,LIV-M-GLD-BTTRML,Kashmir Paper,LIV-M-GLD,Glide,THREADFLOW,Livid Men,Livid,6,1,price,,1,,,,,,,NONE,,,,,,,NO,price,
SS27,NEW,1,,LIV-W-SCRR-TWLL-SKRT,Twill Skirt,LIV-W-SCRR,Scurro,THREADFLOW,Livid Femme,Livid,0,1,variants,1,,,,,,,,,,,,,,,NO,variants,
SS27,NEW,1,,LIV-W-SCRR-WL-SKRT,Wool Skirt,LIV-W-SCRR,Scurro,THREADFLOW,Livid Femme,Livid,0,1,variants,1,,,,,,,,,,,,,,,NO,variants,
SS27,NEW,,,LIV-M-FLD-CT-JPN-GRSS-GRN-BLCK,Japan Gross Grain Black,LIV-M-FLD-JCK,Field Jacket,THREADFLOW,Livid Men,Livid,5,1,price,,1,,,,,,,NONE,,,,,,,NO,price,
SS27,NEW,,,LIV-M-SLC-ZPPR-BLCK,Black,LIV-M-SLC-ZPPR,Solace (zipper),THREADFLOW,Livid Men,Livid,18,2,price; fibre,,1,,,,1,,,NONE,,,,NONE,,,NO,price; fibre,
SS27,NEW,,,LIV-M-FLD-CT-JPN-GR,Japan Gross Grain White,LIV-M-FLD-JCK,Field Jacket,THREADFLOW,Livid Men,Livid,5,1,price,,1,,,,,,,NONE,,,,,,,NO,price,
SS27,NEW,,,LIV-M-NSN-DWN,Dawn,LIV-M-NSN,Anson,THREADFLOW,Livid Men,Livid,18,1,price,,1,,,,,,,NONE,,,,,,,NO,price,
SS27,NEW,,,LIV-M-VST-TYPWRTR-MDW,Typewriter Meadow,LIV-M-ADN,Vast (skal slettes),THREADFLOW,Livid Men,Livid,0,3,variants; price; fibre,1,1,,,,1,,,NONE,,,,NONE,,,NO,variants; price; fibre,
SS27,NEW,,,LIV-M-VST-WHT-X,White Ox,LIV-M-ADN,Vast (skal slettes),THREADFLOW,Livid Men,Livid,0,3,variants; price; fibre,1,1,,,,1,,,NONE,,,,NONE,,,NO,variants; price; fibre,
SS27,NEW,,,LIV-M-TLLR-DWN,Dawn,LIV-M-TLLR,Teller,THREADFLOW,Livid Men,Livid,18,1,price,,1,,,,,,,NONE,,,,,,,NO,price,
SS27,NEW,,,LIV-M-JYLN-002-SLVR-PCH,Silver Peach,LIV-M-JYLN-002,Jaylin 002,THREADFLOW,Livid Men,Livid,0,3,variants; price; fibre,1,1,,,,1,,,NONE,,,,NONE,,,NO,variants; price; fibre,
SS27,NEW,,,LIV-M-DRFT-TRSR-JPNS-BLCK-LNN,Japan Black Linen,LIV-M-DRFT-TRSR,Adrift Trouser,THREADFLOW,Livid Men,Livid,9,1,price,,1,,,,,,,NONE,,,,,,,NO,price,
SS27,NEW,,,LIV-M-DRFT-TRSR-JPNS-MNRL-LNN,Japan Mineral Linen,LIV-M-DRFT-TRSR,Adrift Trouser,THREADFLOW,Livid Men,Livid,9,1,price,,1,,,,,,,NONE,,,,,,,NO,price,
SS27,NEW,,,LIV-M-DRFT-JCKT-JPNS-MNRL-LNN,Japanese Mineral Linen,LIV-M-DRFT-JCKT,Adrift Jacket,THREADFLOW,Livid Men,Livid,5,1,price,,1,,,,,,,NONE,,,,,,,NO,price,
SS27,NEW,1,,LIV-M-RVL-BTTRMLK-PPR,Buttermilk Paper,LIV-M-RVL,Reveal,THREADFLOW,Livid Men,Livid,6,1,price,,1,,,,,,,NONE,,,,,,,NO,price,
SS27,NEW,1,,LIV-W-ZL-SKRT-BLCK,Black,LIV-W-ZL-SKRT,Zulu Skirt,THREADFLOW,Livid Femme,Livid,0,1,variants,1,,,,,,,,,,,,,,,NO,variants,
SS27,NEW,1,,LIV-M-BX-BLCK-TCH,Japan Black Tech,LIV-M-BX,Box,THREADFLOW,Livid Men,Livid,5,1,price,,1,,,,,,,NONE,,,,,,,NO,price,
SS27,NEW,,,LIV-W-VL-JPN-TP,Japan Taupe,LIV-W-VL,Vela Chino,THREADFLOW,Livid Femme,Livid,5,1,price,,1,,,,,,,NONE,,,,,,,NO,price,
SS27,NEW,,,LIV-M-KYLN-SHRTS-SFT-VNLL,Soft Vanilla,LIV-M-KYLN-SHRTS,Kaylan Shorts,THREADFLOW,Livid Men,Livid,9,1,price,,1,,,,,,,NONE,,,,,,,NO,price,
SS27,NEW,,,LIV-W-ST-RBTL-,Orbital ,LIV-W-ST,Asta,THREADFLOW,Livid Femme,Livid,20,1,price,,1,,,,,,,NONE,,,,,,,NO,price,
SS27,CARRYOVER,1,,LIV-RUS-WHT-SLK,White Fine Silk,LIV-M-RSS,Russ,THREADFLOW,Livid Men,Livid,5,1,fibre,,,,,,1,,,,,,,CIN7,,,YES,,Men's Shirt - 100% cotton
SS27,NEW,1,,LIV-M-PL-VNLL-PPR,Vanilla Paper,LIV-M-PL,Paolo,THREADFLOW,Livid Men,Livid,6,1,price,,1,,,,,,,NONE,,,,,,,NO,price,
SS27,NEW,,,LIV-M-PL-CT-NTRNL-TSTNG-N-3-BLCK,Black,LIV-M-PL-CT-NTRNL-TSTNG-N-3,Polo Coat (Internal Testing No. 3),THREADFLOW,Livid Men,Livid,0,2,variants; price,1,1,,,,,,,NONE,,,,,,,NO,variants; price,
SS27,NEW,1,,LIV-M-BX-BRWN-TCH,Japan Brown Tech,LIV-M-BX,Box,THREADFLOW,Livid Men,Livid,5,1,price,,1,,,,,,,NONE,,,,,,,NO,price,
SS27,NEW,,,LIV-M-KYLN-TRSR-SFT-VNLL,Soft Vanilla,LIV-M-KYLN-TRSR,Kaylan Trouser,THREADFLOW,Livid Men,Livid,17,1,price,,1,,,,,,,NONE,,,,,,,NO,price,
SS27,NEW,1,,LIV-M-GLD-CML-PPR,Camel Paper,LIV-M-GLD,Glide,THREADFLOW,Livid Men,Livid,6,1,price,,1,,,,,,,NONE,,,,,,,NO,price,
SS27,NEW,1,,LIV-W-MRLN-JPN-BL-GRM,Japan Blue Grime,LIV-W-MRLN,Merlin,THREADFLOW,Livid Femme,Livid,5,1,price,,1,,,,,,,NONE,,,,,,,NO,price,
SS27,NEW,1,,LIV-M-BX-SHRTSLV-VN-Q-PP,Even Aqua Pop,LIV-M-BX-SHRTSLV,Box Shortsleeve,THREADFLOW,Livid Men,Livid,5,1,price,,1,,,,,,,NONE,,,,,,,NO,price,
SS27,NEW,,,LIV-M-SLC-DWN,Dawn,LIV-M-SLC,Solace,THREADFLOW,Livid Men,Livid,18,1,price,,1,,,,,,,NONE,,,,,,,NO,price,
SS27,NEW,1,,LIV-M-ROAM-PPY-PPR,Papaya Paper,LIV-M-ROAM,Roam,THREADFLOW,Livid Men,Livid,6,1,price,,1,,,,,,,NONE,,,,,,,NO,price,
SS27,NEW,1,,LIV-M-HM-LV-GRY-CLF,Brown Calf,LIV-M-HM,Hume,THREADFLOW,Livid Men,Livid,5,1,fibre,,,,,,1,,,,,,,NONE,,,NO,fibre,
SS27,NEW,1,,LIV-M-ROAM-GRY-PPR,Gray Paper,LIV-M-ROAM,Roam,THREADFLOW,Livid Men,Livid,6,1,price,,1,,,,,,,NONE,,,,,,,NO,price,
SS27,NEW,1,,LIV-M-PL-PPPRMNT-PPR,Peppermint Paper,LIV-M-PL,Paolo,THREADFLOW,Livid Men,Livid,6,1,price,,1,,,,,,,NONE,,,,,,,NO,price,
SS27,NEW,,,LIV-M-HV-DWN,Dawn,LIV-M-HV,Heave,THREADFLOW,Livid Men,Livid,18,1,price,,1,,,,,,,NONE,,,,,,,NO,price,
SS27,CARRYOVER,,,LIV-ALSS-BLCK,Alesis Black,LIV-ALSS-BLCK,Alesis Black,CIN7_IMPORT,Livid Men,Livid,4,4,price; customs desc; fibre; manufacturer,,1,,1,,1,,1,OTHER_SEASON,,CIN7,,CIN7,,NONE,NO,manufacturer,Men jacket - 100% cotton
SS27,NEW,,,LIV-W-BBY-TRRCTT-FD,Terracotta Fade,LIV-W-BBY,Abby,THREADFLOW,Livid Femme,Livid,5,1,price,,1,,,,,,,NONE,,,,,,,NO,price,
SS27,NEW,,,LIV-W-FRM-BN,Bone,LIV-W-FRM,Forma,THREADFLOW,Livid Femme,Livid,5,1,price,,1,,,,,,,NONE,,,,,,,NO,price,
SS27,NEW,,,LIV-W-TMPKNS-BLCK-CLF,Black,LIV-W-TMPKNS,Tompkins,THREADFLOW,Livid Femme,Livid,0,2,variants; fibre,1,,,,,1,,,,,,,NONE,,,NO,variants; fibre,
SS27,NEW,1,,LIV-W-SAT-BLCK-RB,Black Rub,LIV-W-SAT,Satie,THREADFLOW,Livid Femme,Livid,0,1,variants,1,,,,,,,,,,,,,,,NO,variants,
SS27,NEW,1,,LIV-W-CV-FTRGLW-STRP,Afterglow Stripe,LIV-W-CV,Cavi,THREADFLOW,Livid Femme,Livid,5,1,price,,1,,,,,,,NONE,,,,,,,NO,price,
SS27,NEW,1,,LIV-W-CV-CRNFLWR,Cornflower,LIV-W-CV,Cavi,THREADFLOW,Livid Femme,Livid,5,1,price,,1,,,,,,,NONE,,,,,,,NO,price,
SS27,NEW,,,LIV-W-RBN-SLSH-LNN-FLX,Slosh Linen Flax,LIV-W-RBN,Robin,THREADFLOW,Livid Femme,Livid,5,1,price,,1,,,,,,,NONE,,,,,,,NO,price,
SS27,NEW,,,LIV-M-DN-CRL-SCK,Coral Sack,LIV-M-DN,Aiden,THREADFLOW,Livid Unisex,Livid,4,1,price,,1,,,,,,,NONE,,,,,,,NO,price,
SS27,NEW,,,LIV-M-DN-WHRLNG-FR-SLK,Whirling Fire Silk,LIV-M-DN,Aiden,THREADFLOW,Livid Unisex,Livid,4,1,price,,1,,,,,,,NONE,,,,,,,NO,price,
SS27,NEW,,,LIV-M-DN-VN-BL-SRSCKR,Even Blue Seersucker,LIV-M-DN,Aiden,THREADFLOW,Livid Unisex,Livid,4,1,price,,1,,,,,,,NONE,,,,,,,NO,price,
SS27,NEW,,,LIV-W-HYDR-MN-STRK-PP,Mini Stroke Pop,LIV-W-HYDR,Hydra,THREADFLOW,Livid Femme,Livid,5,1,price,,1,,,,,,,NONE,,,,,,,NO,price,
SS27,NEW,,,LIV-W-HYDR-BL-PP-,Blue Pop ,LIV-W-HYDR,Hydra,THREADFLOW,Livid Femme,Livid,5,1,price,,1,,,,,,,NONE,,,,,,,NO,price,
SS27,CARRYOVER,,,LIV-CLRK-BRWN,Brown,LIV-M-CLRK,Clerk,THREADFLOW,Livid Men,Livid,4,1,fibre,,,,,,1,,,,,,,CIN7,,,YES,,Men's Sweater - Knitted 100% wool
SS27,NEW,,,LIV-M-DRFT-SHRTS-JPNS-MNRL-LNN,Japan Mineral Linen,LIV-M-DRFT-SHRTS,Adrift Shorts,THREADFLOW,Livid Men,Livid,9,1,price,,1,,,,,,,NONE,,,,,,,NO,price,
SS27,NEW,1,,LIV-M-TST-STYL---KRSTFFR-JCKT-BLCK-B,Black Blackest,LIV-M-TST-STYL---KRSTFFR-JCKT,TEST Style - Kristoffer Jacket,THREADFLOW,Livid Men,Livid,5,2,price; fibre,,1,,,,1,,,NONE,,,,NONE,,,NO,price; fibre,
SS27,NEW,1,,LIV-M-BX-SHRTSLV-VRY-TCH,Japan Ivory Tech,LIV-M-BX-SHRTSLV,Box Shortsleeve,THREADFLOW,Livid Men,Livid,5,1,price,,1,,,,,,,NONE,,,,,,,NO,price,
SS27,NEW,1,,LIV-W-ZL-SKRT-CRM,Cream,LIV-W-ZL-SKRT,Zulu Skirt,THREADFLOW,Livid Femme,Livid,0,1,variants,1,,,,,,,,,,,,,,,NO,variants,
SS27,NEW,,,LIV-M-KYLN-DWN,Dawn,LIV-M-KYLN,Kaylan,THREADFLOW,Livid Men,Livid,18,1,price,,1,,,,,,,NONE,,,,,,,NO,price,
SS27,NEW,,,LIV-M-YM-001-BLCK-CLF,Black Calf,LIV-M-YM-001,Yami,THREADFLOW,Livid Men,Livid,5,2,price; fibre,,1,,,,1,,,NONE,,,,NONE,,,NO,price; fibre,
SS27,NEW,1,,LIV-M-BX-YLLW-TCH,Japan Yellow Tech,LIV-M-BX,Box,THREADFLOW,Livid Men,Livid,5,1,price,,1,,,,,,,NONE,,,,,,,NO,price,
SS27,NEW,,,LIV-M-PL-CT-NTRNL-TSTNG-N-2-BLCK,Black,LIV-M-PL-CT-NTRNL-TSTNG-N-2,Polo Coat (Internal Testing No. 2),THREADFLOW,Livid Men,Livid,0,2,variants; price,1,1,,,,,,,NONE,,,,,,,NO,variants; price,
SS27,NEW,,,LIV-M-KYLN-JCKT-SFT-SL,Soft Silver,LIV-M-KYLN-JCKT,Kaylan Jacket,THREADFLOW,Livid Men,Livid,5,1,price,,1,,,,,,,NONE,,,,,,,NO,price,
SS27,NEW,,,LIV-M-LANE-DWN,Dawn,LIV-M-LANE,Lane,THREADFLOW,Livid Men,Livid,18,1,price,,1,,,,,,,NONE,,,,,,,NO,price,
SS27,NEW,,,LIV-M-FLD-CT-JPN-GRSS-GRN-NVY,Japan Gross Grain Navy,LIV-M-FLD-JCK,Field Jacket,THREADFLOW,Livid Men,Livid,5,1,price,,1,,,,,,,NONE,,,,,,,NO,price,
SS27,NEW,,,LIV-M-KR-SRF-DMMY-HRR-DWN,Dawn,LIV-M-KR-SRF-DMMY-HERRE,Keri Surf (Dummy Herre),THREADFLOW,Livid Men,Livid,12,2,price; fibre,,1,,,,1,,,NONE,,,,NONE,,,NO,price; fibre,
SS27,NEW,1,,LIV-M-POLO-BL-HRZNTL-PPR,Blue Horizontal Paper,LIV-M-POLO,Polo,THREADFLOW,Livid Men,Livid,6,1,price,,1,,,,,,,NONE,,,,,,,NO,price,
