issue,system,sku,barcode,product,detail,origio_kind,origio_seasons
DUPLICATE_BARCODE,cin7,CHIMI-Yellow-09,7340192604864,"09 Yellow, OS",shares barcode with CHIMI-Yellow-09	 ,,
DUPLICATE_BARCODE,cin7,CHIMI-Yellow-09	 ,7340192604864,"09 Yellow, OS",shares barcode with CHIMI-Yellow-09,,
DUPLICATE_BARCODE,cin7,EEXT-PB-BRTH-AM-10,3606620124385,"Barth Lisse America, 10",shares barcode with EXT-PB-BARTH-Homme-10,,
DUPLICATE_BARCODE,cin7,EEXT-PB-BRTH-AM-10.5,3606620124392,"Barth Lisse America, 10.5",shares barcode with EXT-PB-BARTH-Homme-10.5,,
DUPLICATE_BARCODE,cin7,EEXT-PB-BRTH-AM-11,3606620124408,"Barth Lisse America, 11",shares barcode with EXT-PB-BARTH-Homme-11,,
DUPLICATE_BARCODE,cin7,EEXT-PB-BRTH-AM-11.5,3606620124415,"Barth Lisse America, 11.5",shares barcode with EXT-PB-BARTH-Homme-11.5,,
DUPLICATE_BARCODE,cin7,EEXT-PB-BRTH-AM-12,3606620124422,"Barth Lisse America, 12",shares barcode with EXT-PB-BARTH-Homme-12,,
DUPLICATE_BARCODE,cin7,EEXT-PB-BRTH-AM-6,3606620124309,"Barth Lisse America, 6",shares barcode with EXT-PB-BARTH-Homme-6,,
DUPLICATE_BARCODE,cin7,EEXT-PB-BRTH-AM-6.5,3606620124316,"Barth Lisse America, 6.5",shares barcode with EXT-PB-BARTH-Homme-6.5,,
DUPLICATE_BARCODE,cin7,EEXT-PB-BRTH-AM-7,3606620124323,"Barth Lisse America, 7",shares barcode with EXT-PB-BARTH-Homme-7,,
DUPLICATE_BARCODE,cin7,EEXT-PB-BRTH-AM-7.5,3606620124330,"Barth Lisse America, 7.5",shares barcode with EXT-PB-BARTH-Homme-7.5,,
DUPLICATE_BARCODE,cin7,EEXT-PB-BRTH-AM-8,3606620124347,"Barth Lisse America, 8",shares barcode with EXT-PB-BARTH-Homme-8,,
DUPLICATE_BARCODE,cin7,EEXT-PB-BRTH-AM-8.5,3606620124354,"Barth Lisse America, 8.5",shares barcode with EXT-PB-BARTH-Homme-8.5,,
DUPLICATE_BARCODE,cin7,EEXT-PB-BRTH-AM-9,3606620124361,"Barth Lisse America, 9",shares barcode with EXT-PB-BARTH-Homme-9,,
DUPLICATE_BARCODE,cin7,EEXT-PB-BRTH-AM-9.5,3606620124378,"Barth Lisse America, 9.5",shares barcode with EXT-PB-BARTH-Homme-9.5,,
DUPLICATE_BARCODE,cin7,EXT-29-12.5,0811379030327,Piñon 12.5 Oz Candle OneSize,shares barcode with EXT-PF-PIN125-OS,MERCHANDISE,CONTINUITY
DUPLICATE_BARCODE,cin7,EXT-BKST-BST-HR-42,4044477046518,Boston Mink Suede 42,shares barcode with EXT-BKST-BST-MNKSD-42,MERCHANDISE,CONTINUITY
DUPLICATE_BARCODE,cin7,EXT-BKST-BST-MNKSD-42,4044477046518,"Boston Mink Suede, 42",shares barcode with EXT-BKST-BST-HR-42,MERCHANDISE,CONTINUITY
DUPLICATE_BARCODE,cin7,EXT-BKST-NPLS-WRPPD-SD-TP-BG-36,4067707128587,"Naples Wrapped Suede Taupe BG, 36",shares barcode with EXT-BS-NPL-TP-36,,
DUPLICATE_BARCODE,cin7,EXT-BKST-NPLS-WRPPD-SD-TP-BG-37,4067707129522,"Naples Wrapped Suede Taupe BG, 37",shares barcode with EXT-BS-NPL-TP-37,,
DUPLICATE_BARCODE,cin7,EXT-BKST-NPLS-WRPPD-SD-TP-BG-38,4067707129560,"Naples Wrapped Suede Taupe BG, 38",shares barcode with EXT-BS-NPL-TP-38,,
DUPLICATE_BARCODE,cin7,EXT-BKST-NPLS-WRPPD-SD-TP-BG-39,4067707129607,"Naples Wrapped Suede Taupe BG, 39",shares barcode with EXT-BS-NPL-TP-39,,
DUPLICATE_BARCODE,cin7,EXT-BKST-NPLS-WRPPD-SD-TP-BG-40,4067707129645,"Naples Wrapped Suede Taupe BG, 40",shares barcode with EXT-BS-NPL-TP-40,,
DUPLICATE_BARCODE,cin7,EXT-BKST-NPLS-WRPPD-SD-TP-BG-41,4067707122516,"Naples Wrapped Suede Taupe BG, 41",shares barcode with EXT-BS-NPL-TP-41,,
DUPLICATE_BARCODE,cin7,EXT-BKST-NPLS-WRPPD-SD-TP-BG-42,4067707122554,"Naples Wrapped Suede Taupe BG, 42",shares barcode with EXT-BS-NPL-TP-42,,
DUPLICATE_BARCODE,cin7,EXT-BKST-NPLS-WRPPD-SD-TP-BG-43,4067707122592,"Naples Wrapped Suede Taupe BG, 43",shares barcode with EXT-BS-NPL-TP-43,,
DUPLICATE_BARCODE,cin7,EXT-BKST-NPLS-WRPPD-SD-TP-BG-44,4067707122639,"Naples Wrapped Suede Taupe BG, 44",shares barcode with EXT-BS-NPL-TP-44,,
DUPLICATE_BARCODE,cin7,EXT-BS-NPL-TP-36,4067707128587,"Naples Wrapped Suede Taupe, 36",shares barcode with EXT-BKST-NPLS-WRPPD-SD-TP-BG-36,MERCHANDISE,CONTINUITY
DUPLICATE_BARCODE,cin7,EXT-BS-NPL-TP-37,4067707129522,"Naples Wrapped Suede Taupe, 37",shares barcode with EXT-BKST-NPLS-WRPPD-SD-TP-BG-37,MERCHANDISE,CONTINUITY
DUPLICATE_BARCODE,cin7,EXT-BS-NPL-TP-38,4067707129560,"Naples Wrapped Suede Taupe, 38",shares barcode with EXT-BKST-NPLS-WRPPD-SD-TP-BG-38,MERCHANDISE,CONTINUITY
DUPLICATE_BARCODE,cin7,EXT-BS-NPL-TP-39,4067707129607,"Naples Wrapped Suede Taupe, 39",shares barcode with EXT-BKST-NPLS-WRPPD-SD-TP-BG-39,MERCHANDISE,CONTINUITY
DUPLICATE_BARCODE,cin7,EXT-BS-NPL-TP-40,4067707129645,"Naples Wrapped Suede Taupe, 40",shares barcode with EXT-BKST-NPLS-WRPPD-SD-TP-BG-40,MERCHANDISE,CONTINUITY
DUPLICATE_BARCODE,cin7,EXT-BS-NPL-TP-41,4067707122516,"Naples Wrapped Suede Taupe, 41",shares barcode with EXT-BKST-NPLS-WRPPD-SD-TP-BG-41,,
DUPLICATE_BARCODE,cin7,EXT-BS-NPL-TP-42,4067707122554,"Naples Wrapped Suede Taupe, 42",shares barcode with EXT-BKST-NPLS-WRPPD-SD-TP-BG-42,,
DUPLICATE_BARCODE,cin7,EXT-BS-NPL-TP-43,4067707122592,"Naples Wrapped Suede Taupe, 43",shares barcode with EXT-BKST-NPLS-WRPPD-SD-TP-BG-43,,
DUPLICATE_BARCODE,cin7,EXT-BS-NPL-TP-44,4067707122639,"Naples Wrapped Suede Taupe, 44",shares barcode with EXT-BKST-NPLS-WRPPD-SD-TP-BG-44,,
DUPLICATE_BARCODE,cin7,EXT-HST-EML-OF-6,7332904122438,"Emilia Offwhite/Natural grey, 6",shares barcode with EXT-HST-EML-OFGR-6,MERCHANDISE,CONTINUITY
DUPLICATE_BARCODE,cin7,EXT-HST-EML-OF-7,7332904122445,"Emilia Offwhite/Natural grey, 7",shares barcode with EXT-HST-EML-OFGR-7,MERCHANDISE,CONTINUITY
DUPLICATE_BARCODE,cin7,EXT-HST-EML-OF-8,7332904122452,"Emilia Offwhite/Natural grey, 8",shares barcode with EXT-HST-EML-OFGR-8,MERCHANDISE,CONTINUITY
DUPLICATE_BARCODE,cin7,EXT-HST-EML-OFGR-6,7332904122438,Emilia Offwhite/Natural grey 6,shares barcode with EXT-HST-EML-OF-6,MERCHANDISE,CONTINUITY
DUPLICATE_BARCODE,cin7,EXT-HST-EML-OFGR-7,7332904122445,Emilia Offwhite/Natural grey 7,shares barcode with EXT-HST-EML-OF-7,,
DUPLICATE_BARCODE,cin7,EXT-HST-EML-OFGR-8,7332904122452,Emilia Offwhite/Natural grey 8,shares barcode with EXT-HST-EML-OF-8,MERCHANDISE,CONTINUITY
DUPLICATE_BARCODE,cin7,EXT-HST-MGN-BK-6,7332540895468,"Megan Black, 6",shares barcode with EXT-HSTR-megan-6-6,MERCHANDISE,CONTINUITY
DUPLICATE_BARCODE,cin7,EXT-HST-MGN-BK-8,7332540836515,"Megan Black, 8",shares barcode with EXT-HSTR-megan-8-8,MERCHANDISE,CONTINUITY
DUPLICATE_BARCODE,cin7,EXT-HSTR-megan-6-6,7332540895468,Megan Black 6,shares barcode with EXT-HST-MGN-BK-6,MERCHANDISE,CONTINUITY
DUPLICATE_BARCODE,cin7,EXT-HSTR-megan-8-8,7332540836515,Megan Black 8,shares barcode with EXT-HST-MGN-BK-8,MERCHANDISE,CONTINUITY
DUPLICATE_BARCODE,cin7,EXT-KEEN-JAS-BB-40,0195208040573,Jasper Black/Black 40,shares barcode with EXT-KEEN-JAS-BB-40.5,MERCHANDISE,CONTINUITY
DUPLICATE_BARCODE,cin7,EXT-KEEN-JAS-BB-40.5,0195208040573,Jasper Black/Black 40.5,shares barcode with EXT-KEEN-JAS-BB-40,MERCHANDISE,CONTINUITY
DUPLICATE_BARCODE,cin7,EXT-NOV-GAT-BLK-41,8585052170441,"GAT Black / Transparent, 41",shares barcode with EXT-NOV-GAT-WHT-41,MERCHANDISE,CONTINUITY
DUPLICATE_BARCODE,cin7,EXT-NOV-GAT-WHT-41,8585052170441,"GAT White / Transparent, 41",shares barcode with EXT-NOV-GAT-BLK-41,,
DUPLICATE_BARCODE,cin7,EXT-PB-BARTH-Homme-10,3606620124385,BARTH/MARINE MARRON-AMERICA 10,shares barcode with EEXT-PB-BRTH-AM-10,,
DUPLICATE_BARCODE,cin7,EXT-PB-BARTH-Homme-10.5,3606620124392,BARTH/MARINE MARRON-AMERICA 10.5,shares barcode with EEXT-PB-BRTH-AM-10.5,,
DUPLICATE_BARCODE,cin7,EXT-PB-BARTH-Homme-11,3606620124408,BARTH/MARINE MARRON-AMERICA 11,shares barcode with EEXT-PB-BRTH-AM-11,MERCHANDISE,CONTINUITY
DUPLICATE_BARCODE,cin7,EXT-PB-BARTH-Homme-11.5,3606620124415,BARTH/MARINE MARRON-AMERICA 11.5,shares barcode with EEXT-PB-BRTH-AM-11.5,,
DUPLICATE_BARCODE,cin7,EXT-PB-BARTH-Homme-12,3606620124422,BARTH/MARINE MARRON-AMERICA 12,shares barcode with EEXT-PB-BRTH-AM-12,,
DUPLICATE_BARCODE,cin7,EXT-PB-BARTH-Homme-6,3606620124309,BARTH/MARINE MARRON-AMERICA 6,shares barcode with EEXT-PB-BRTH-AM-6,,
DUPLICATE_BARCODE,cin7,EXT-PB-BARTH-Homme-6.5,3606620124316,BARTH/MARINE MARRON-AMERICA 6.5,shares barcode with EEXT-PB-BRTH-AM-6.5,,
DUPLICATE_BARCODE,cin7,EXT-PB-BARTH-Homme-7,3606620124323,BARTH/MARINE MARRON-AMERICA 7,shares barcode with EEXT-PB-BRTH-AM-7,,
DUPLICATE_BARCODE,cin7,EXT-PB-BARTH-Homme-7.5,3606620124330,BARTH/MARINE MARRON-AMERICA 7.5,shares barcode with EEXT-PB-BRTH-AM-7.5,,
DUPLICATE_BARCODE,cin7,EXT-PB-BARTH-Homme-8,3606620124347,BARTH/MARINE MARRON-AMERICA 8,shares barcode with EEXT-PB-BRTH-AM-8,MERCHANDISE,CONTINUITY
DUPLICATE_BARCODE,cin7,EXT-PB-BARTH-Homme-8.5,3606620124354,BARTH/MARINE MARRON-AMERICA 8.5,shares barcode with EEXT-PB-BRTH-AM-8.5,MERCHANDISE,CONTINUITY
DUPLICATE_BARCODE,cin7,EXT-PB-BARTH-Homme-9,3606620124361,BARTH/MARINE MARRON-AMERICA 9,shares barcode with EEXT-PB-BRTH-AM-9,MERCHANDISE,CONTINUITY
DUPLICATE_BARCODE,cin7,EXT-PB-BARTH-Homme-9.5,3606620124378,BARTH/MARINE MARRON-AMERICA 9.5,shares barcode with EEXT-PB-BRTH-AM-9.5,MERCHANDISE,CONTINUITY
DUPLICATE_BARCODE,cin7,EXT-PF-21-12.5,0811379030297,O. 21 Golden Coast 12.5 Oz,shares barcode with EXT-PF-GLC125-OS,MERCHANDISE,CONTINUITY
DUPLICATE_BARCODE,cin7,EXT-PF-4-INCN,0855111006676,Teakwood and Tobacco Incense,shares barcode with EXT-PF-4-INCN-OS,MERCHANDISE,CONTINUITY
DUPLICATE_BARCODE,cin7,EXT-PF-4-INCN-OS,0855111006676,"Teakwood and Tobacco Incense, OS",shares barcode with EXT-PF-4-INCN,MERCHANDISE,CONTINUITY
DUPLICATE_BARCODE,cin7,EXT-PF-GLC125-OS,0811379030297,Golden Coast 12.5 Oz Candle OS,shares barcode with EXT-PF-21-12.5,,
DUPLICATE_BARCODE,cin7,EXT-PF-PIN125-OS,0811379030327,Piñon 12.5 Oz Candle - feil sku OS,shares barcode with EXT-29-12.5,MERCHANDISE,CONTINUITY
DUPLICATE_BARCODE,cin7,EXT-PNT-YS1025-01-L,0884597528464,Thornham Navy L,shares barcode with EXT-PNT-YS1025NV-L,MERCHANDISE,CONTINUITY
DUPLICATE_BARCODE,cin7,EXT-PNT-YS1025-01-M,0884597528457,Thornham Navy M,shares barcode with EXT-PNT-YS1025NV-M,,
DUPLICATE_BARCODE,cin7,EXT-PNT-YS1025NV-L,0884597528464,"Thornham FW25 Navy Fleck, L",shares barcode with EXT-PNT-YS1025-01-L,MERCHANDISE,CONTINUITY
DUPLICATE_BARCODE,cin7,EXT-PNT-YS1025NV-M,0884597528457,"Thornham FW25 Navy Fleck, M",shares barcode with EXT-PNT-YS1025-01-M,MERCHANDISE,CONTINUITY
DUPLICATE_BARCODE,cin7,EXT-PR-AVR-VLGR-7.5,3606621489698,"Avoriaz Velours Graphite, 7.5",shares barcode with EXT-PR-AVR-VLGR-9.5,MERCHANDISE,CONTINUITY
DUPLICATE_BARCODE,cin7,EXT-PR-AVR-VLGR-9.5,3606621489698,"Avoriaz Velours Graphite, 9.5",shares barcode with EXT-PR-AVR-VLGR-7.5,MERCHANDISE,CONTINUITY
DUPLICATE_BARCODE,cin7,EXT-RTTO-VRTCL-STRP-SCKS-RYL-BL-M,4582746159205,"Vertical Stripe Socks Royal Blue, M",shares barcode with EXT-RTTO-VRTCL-STRP-SCKS-RYL-BL-S,,
DUPLICATE_BARCODE,cin7,EXT-RTTO-VRTCL-STRP-SCKS-RYL-BL-S,4582746159205,"Vertical Stripe Socks Royal Blue, S",shares barcode with EXT-RTTO-VRTCL-STRP-SCKS-RYL-BL-M,MERCHANDISE,CONTINUITY
DUPLICATE_BARCODE,cin7,EXT-SP-SPLO-OKE-150ml,3324010610002,Oké Reshaping Stretcher Spray Onesize,shares barcode with EXT-SP-SPLO-OKE-50ml,,
DUPLICATE_BARCODE,cin7,EXT-SP-SPLO-OKE-50ml,3324010610002,Oké Reshaping Stretcher Spray -50 ml,shares barcode with EXT-SP-SPLO-OKE-150ml,,
DUPLICATE_BARCODE,cin7,LIV-JNE-TRSR-HP-BG-2732,7072536025621,"Jone Japan Beige Trousers, 2732",shares barcode with LIV-JNE-TRSR-HP-BG-W27-L32,,
DUPLICATE_BARCODE,cin7,LIV-JNE-TRSR-HP-BG-2832,7072536025638,"Jone Japan Beige Trousers, 2832",shares barcode with LIV-JNE-TRSR-HP-BG-W28-L32,,
DUPLICATE_BARCODE,cin7,LIV-JNE-TRSR-HP-BG-3032,7072536025652,"Jone Japan Beige Trousers, 3032",shares barcode with LIV-JNE-TRSR-HP-BG-W30-L32,,
DUPLICATE_BARCODE,cin7,LIV-JNE-TRSR-HP-BG-3034,7072536025669,"Jone Japan Beige Trousers, 3034",shares barcode with LIV-JNE-TRSR-HP-BG-W30-L34,,
DUPLICATE_BARCODE,cin7,LIV-JNE-TRSR-HP-BG-3132,7072536025676,"Jone Japan Beige Trousers, 3132",shares barcode with LIV-JNE-TRSR-HP-BG-W31-L32,,
DUPLICATE_BARCODE,cin7,LIV-JNE-TRSR-HP-BG-3134,7072536025683,"Jone Japan Beige Trousers, 3134",shares barcode with LIV-JNE-TRSR-HP-BG-W31-L34,,
DUPLICATE_BARCODE,cin7,LIV-JNE-TRSR-HP-BG-3232,7072536025690,"Jone Japan Beige Trousers, 3232",shares barcode with LIV-JNE-TRSR-HP-BG-W32-L32,,
DUPLICATE_BARCODE,cin7,LIV-JNE-TRSR-HP-BG-3234,7072536025706,"Jone Japan Beige Trousers, 3234",shares barcode with LIV-JNE-TRSR-HP-BG-W32-L34,,
DUPLICATE_BARCODE,cin7,LIV-JNE-TRSR-HP-BG-3332,7072536025713,"Jone Japan Beige Trousers, 3332",shares barcode with LIV-JNE-TRSR-HP-BG-W33-L32,,
DUPLICATE_BARCODE,cin7,LIV-JNE-TRSR-HP-BG-3334,7072536025720,"Jone Japan Beige Trousers, 3334",shares barcode with LIV-JNE-TRSR-HP-BG-W33-L34,,
DUPLICATE_BARCODE,cin7,LIV-JNE-TRSR-HP-BG-3432,7072536025737,"Jone Japan Beige Trousers, 3432",shares barcode with LIV-JNE-TRSR-HP-BG-W34-L32,,
DUPLICATE_BARCODE,cin7,LIV-JNE-TRSR-HP-BG-3434,7072536025744,"Jone Japan Beige Trousers, 3434",shares barcode with LIV-JNE-TRSR-HP-BG-W34-L34,,
DUPLICATE_BARCODE,cin7,LIV-JNE-TRSR-HP-BG-3632,7072536025751,"Jone Japan Beige Trousers, 3632",shares barcode with LIV-JNE-TRSR-HP-BG-W36-L32,,
DUPLICATE_BARCODE,cin7,LIV-JNE-TRSR-HP-BG-3634,7072536025768,"Jone Japan Beige Trousers, 3634",shares barcode with LIV-JNE-TRSR-HP-BG-W36-L34,,
DUPLICATE_BARCODE,cin7,LIV-JNE-TRSR-HP-BG-3834,7072536025775,"Jone Japan Beige Trousers, 3834",shares barcode with LIV-JNE-TRSR-HP-BG-W38-L34,,
DUPLICATE_BARCODE,cin7,LIV-JNE-TRSR-HP-BG-4034,7072536025782,"Jone Japan Beige Trousers, 4034",shares barcode with LIV-JNE-TRSR-HP-BG-W40-L34,,
DUPLICATE_BARCODE,cin7,LIV-JNE-TRSR-HP-BG-W27-L32,7072536025621,Jone Japan Beige Trousers W27 - L32,shares barcode with LIV-JNE-TRSR-HP-BG-2732,,
DUPLICATE_BARCODE,cin7,LIV-JNE-TRSR-HP-BG-W28-L32,7072536025638,Jone Japan Beige Trousers W28 - L32,shares barcode with LIV-JNE-TRSR-HP-BG-2832,,
DUPLICATE_BARCODE,cin7,LIV-JNE-TRSR-HP-BG-W30-L32,7072536025652,Jone Japan Beige Trousers W30 - L32,shares barcode with LIV-JNE-TRSR-HP-BG-3032,,
DUPLICATE_BARCODE,cin7,LIV-JNE-TRSR-HP-BG-W30-L34,7072536025669,Jone Japan Beige Trousers W30 - L34,shares barcode with LIV-JNE-TRSR-HP-BG-3034,,
DUPLICATE_BARCODE,cin7,LIV-JNE-TRSR-HP-BG-W31-L32,7072536025676,Jone Japan Beige Trousers W31 - L32,shares barcode with LIV-JNE-TRSR-HP-BG-3132,,
DUPLICATE_BARCODE,cin7,LIV-JNE-TRSR-HP-BG-W31-L34,7072536025683,Jone Japan Beige Trousers W31 - L34,shares barcode with LIV-JNE-TRSR-HP-BG-3134,,
DUPLICATE_BARCODE,cin7,LIV-JNE-TRSR-HP-BG-W32-L32,7072536025690,Jone Japan Beige Trousers W32 - L32,shares barcode with LIV-JNE-TRSR-HP-BG-3232,,
DUPLICATE_BARCODE,cin7,LIV-JNE-TRSR-HP-BG-W32-L34,7072536025706,Jone Japan Beige Trousers W32 - L34,shares barcode with LIV-JNE-TRSR-HP-BG-3234,,
DUPLICATE_BARCODE,cin7,LIV-JNE-TRSR-HP-BG-W33-L32,7072536025713,Jone Japan Beige Trousers W33 - L32,shares barcode with LIV-JNE-TRSR-HP-BG-3332,,
DUPLICATE_BARCODE,cin7,LIV-JNE-TRSR-HP-BG-W33-L34,7072536025720,Jone Japan Beige Trousers W33 - L34,shares barcode with LIV-JNE-TRSR-HP-BG-3334,,
DUPLICATE_BARCODE,cin7,LIV-JNE-TRSR-HP-BG-W34-L32,7072536025737,Jone Japan Beige Trousers W34 - L32,shares barcode with LIV-JNE-TRSR-HP-BG-3432,,
DUPLICATE_BARCODE,cin7,LIV-JNE-TRSR-HP-BG-W34-L34,7072536025744,Jone Japan Beige Trousers W34 - L34,shares barcode with LIV-JNE-TRSR-HP-BG-3434,,
DUPLICATE_BARCODE,cin7,LIV-JNE-TRSR-HP-BG-W36-L32,7072536025751,Jone Japan Beige Trousers W36 - L32,shares barcode with LIV-JNE-TRSR-HP-BG-3632,,
DUPLICATE_BARCODE,cin7,LIV-JNE-TRSR-HP-BG-W36-L34,7072536025768,Jone Japan Beige Trousers W36 - L34,shares barcode with LIV-JNE-TRSR-HP-BG-3634,,
DUPLICATE_BARCODE,cin7,LIV-JNE-TRSR-HP-BG-W38-L34,7072536025775,Jone Japan Beige Trousers W38 - L34,shares barcode with LIV-JNE-TRSR-HP-BG-3834,,
DUPLICATE_BARCODE,cin7,LIV-JNE-TRSR-HP-BG-W40-L34,7072536025782,Jone Japan Beige Trousers W40 - L34,shares barcode with LIV-JNE-TRSR-HP-BG-4034,,
DUPLICATE_BARCODE,cin7,LIV-JNE-TRSR-HP-NV-2732,7072536025799,"Jone Japan Navy Trousers (SS19), 2732",shares barcode with LIV-JNE-TRSR-HP-NV-W27-L32,,
DUPLICATE_BARCODE,cin7,LIV-JNE-TRSR-HP-NV-2832,7072536025805,"Jone Japan Navy Trousers (SS19), 2832",shares barcode with LIV-JNE-TRSR-HP-NV-W28-L32,,
DUPLICATE_BARCODE,cin7,LIV-JNE-TRSR-HP-NV-2932,7072536025812,"Jone Japan Navy Trousers (SS19), 2932",shares barcode with LIV-JNE-TRSR-HP-NV-W29-L32,,
DUPLICATE_BARCODE,cin7,LIV-JNE-TRSR-HP-NV-3032,7072536025829,"Jone Japan Navy Trousers (SS19), 3032",shares barcode with LIV-JNE-TRSR-HP-NV-W30-L32,,
DUPLICATE_BARCODE,cin7,LIV-JNE-TRSR-HP-NV-3034,7072536025836,"Jone Japan Navy Trousers (SS19), 3034",shares barcode with LIV-JNE-TRSR-HP-NV-W30-L34,,
DUPLICATE_BARCODE,cin7,LIV-JNE-TRSR-HP-NV-3132,7072536025843,"Jone Japan Navy Trousers (SS19), 3132",shares barcode with LIV-JNE-TRSR-HP-NV-W31-L32,,
DUPLICATE_BARCODE,cin7,LIV-JNE-TRSR-HP-NV-3134,7072536025850,"Jone Japan Navy Trousers (SS19), 3134",shares barcode with LIV-JNE-TRSR-HP-NV-W31-L34,MERCHANDISE,CONTINUITY
DUPLICATE_BARCODE,cin7,LIV-JNE-TRSR-HP-NV-3232,7072536025867,"Jone Japan Navy Trousers (SS19), 3232",shares barcode with LIV-JNE-TRSR-HP-NV-W32-L32,,
DUPLICATE_BARCODE,cin7,LIV-JNE-TRSR-HP-NV-3234,7072536025874,"Jone Japan Navy Trousers (SS19), 3234",shares barcode with LIV-JNE-TRSR-HP-NV-W32-L34,,
DUPLICATE_BARCODE,cin7,LIV-JNE-TRSR-HP-NV-3332,7072536025881,"Jone Japan Navy Trousers (SS19), 3332",shares barcode with LIV-JNE-TRSR-HP-NV-W33-L32,,
DUPLICATE_BARCODE,cin7,LIV-JNE-TRSR-HP-NV-3334,7072536025898,"Jone Japan Navy Trousers (SS19), 3334",shares barcode with LIV-JNE-TRSR-HP-NV-W33-L34,,
DUPLICATE_BARCODE,cin7,LIV-JNE-TRSR-HP-NV-3432,7072536025904,"Jone Japan Navy Trousers (SS19), 3432",shares barcode with LIV-JNE-TRSR-HP-NV-W34-L32,,
DUPLICATE_BARCODE,cin7,LIV-JNE-TRSR-HP-NV-3434,7072536025911,"Jone Japan Navy Trousers (SS19), 3434",shares barcode with LIV-JNE-TRSR-HP-NV-W34-L34,,
DUPLICATE_BARCODE,cin7,LIV-JNE-TRSR-HP-NV-3632,7072536025928,"Jone Japan Navy Trousers (SS19), 3632",shares barcode with LIV-JNE-TRSR-HP-NV-W36-L32,,
DUPLICATE_BARCODE,cin7,LIV-JNE-TRSR-HP-NV-3634,7072536025935,"Jone Japan Navy Trousers (SS19), 3634",shares barcode with LIV-JNE-TRSR-HP-NV-W36-L34,,
DUPLICATE_BARCODE,cin7,LIV-JNE-TRSR-HP-NV-3834,7072536025942,"Jone Japan Navy Trousers (SS19), 3834",shares barcode with LIV-JNE-TRSR-HP-NV-W38-L34,,
DUPLICATE_BARCODE,cin7,LIV-JNE-TRSR-HP-NV-4034,7072536025959,"Jone Japan Navy Trousers (SS19), 4034",shares barcode with LIV-JNE-TRSR-HP-NV-W40-L34,,
DUPLICATE_BARCODE,cin7,LIV-JNE-TRSR-HP-NV-W27-L32,7072536025799,Jone Japan Navy Trousers (SS19) W27 - L32,shares barcode with LIV-JNE-TRSR-HP-NV-2732,,
DUPLICATE_BARCODE,cin7,LIV-JNE-TRSR-HP-NV-W28-L32,7072536025805,Jone Japan Navy Trousers (SS19) W28 - L32,shares barcode with LIV-JNE-TRSR-HP-NV-2832,,
DUPLICATE_BARCODE,cin7,LIV-JNE-TRSR-HP-NV-W29-L32,7072536025812,Jone Japan Navy Trousers (SS19) W29 - L32,shares barcode with LIV-JNE-TRSR-HP-NV-2932,,
DUPLICATE_BARCODE,cin7,LIV-JNE-TRSR-HP-NV-W30-L32,7072536025829,Jone Japan Navy Trousers (SS19) W30 - L32,shares barcode with LIV-JNE-TRSR-HP-NV-3032,,
DUPLICATE_BARCODE,cin7,LIV-JNE-TRSR-HP-NV-W30-L34,7072536025836,Jone Japan Navy Trousers (SS19) W30 - L34,shares barcode with LIV-JNE-TRSR-HP-NV-3034,,
DUPLICATE_BARCODE,cin7,LIV-JNE-TRSR-HP-NV-W31-L32,7072536025843,Jone Japan Navy Trousers (SS19) W31 - L32,shares barcode with LIV-JNE-TRSR-HP-NV-3132,,
DUPLICATE_BARCODE,cin7,LIV-JNE-TRSR-HP-NV-W31-L34,7072536025850,Jone Japan Navy Trousers (SS19) W31 - L34,shares barcode with LIV-JNE-TRSR-HP-NV-3134,MERCHANDISE,CONTINUITY
DUPLICATE_BARCODE,cin7,LIV-JNE-TRSR-HP-NV-W32-L32,7072536025867,Jone Japan Navy Trousers (SS19) W32 - L32,shares barcode with LIV-JNE-TRSR-HP-NV-3232,,
DUPLICATE_BARCODE,cin7,LIV-JNE-TRSR-HP-NV-W32-L34,7072536025874,Jone Japan Navy Trousers (SS19) W32 - L34,shares barcode with LIV-JNE-TRSR-HP-NV-3234,,
DUPLICATE_BARCODE,cin7,LIV-JNE-TRSR-HP-NV-W33-L32,7072536025881,Jone Japan Navy Trousers (SS19) W33 - L32,shares barcode with LIV-JNE-TRSR-HP-NV-3332,,
DUPLICATE_BARCODE,cin7,LIV-JNE-TRSR-HP-NV-W33-L34,7072536025898,Jone Japan Navy Trousers (SS19) W33 - L34,shares barcode with LIV-JNE-TRSR-HP-NV-3334,,
DUPLICATE_BARCODE,cin7,LIV-JNE-TRSR-HP-NV-W34-L32,7072536025904,Jone Japan Navy Trousers (SS19) W34 - L32,shares barcode with LIV-JNE-TRSR-HP-NV-3432,,
DUPLICATE_BARCODE,cin7,LIV-JNE-TRSR-HP-NV-W34-L34,7072536025911,Jone Japan Navy Trousers (SS19) W34 - L34,shares barcode with LIV-JNE-TRSR-HP-NV-3434,,
DUPLICATE_BARCODE,cin7,LIV-JNE-TRSR-HP-NV-W36-L32,7072536025928,Jone Japan Navy Trousers (SS19) W36 - L32,shares barcode with LIV-JNE-TRSR-HP-NV-3632,,
DUPLICATE_BARCODE,cin7,LIV-JNE-TRSR-HP-NV-W36-L34,7072536025935,Jone Japan Navy Trousers (SS19) W36 - L34,shares barcode with LIV-JNE-TRSR-HP-NV-3634,,
DUPLICATE_BARCODE,cin7,LIV-JNE-TRSR-HP-NV-W38-L34,7072536025942,Jone Japan Navy Trousers (SS19) W38 - L34,shares barcode with LIV-JNE-TRSR-HP-NV-3834,,
DUPLICATE_BARCODE,cin7,LIV-JNE-TRSR-HP-NV-W40-L34,7072536025959,Jone Japan Navy Trousers (SS19) W40 - L34,shares barcode with LIV-JNE-TRSR-HP-NV-4034,,
DUPLICATE_BARCODE,cin7,LIV-KR-JPN-BLCK-2932,7072536064286,"Keri Japan Black, 2932",shares barcode with LIV-KRI-JP-BK-2932,MERCHANDISE,"SS27,FW26"
DUPLICATE_BARCODE,cin7,LIV-KR-JPN-BLCK-3032,7072536064293,"Keri Japan Black, 3032",shares barcode with LIV-KRI-JP-BK-3032,MERCHANDISE,"SS27,FW26"
DUPLICATE_BARCODE,cin7,LIV-KRI-JP-BK-2932,7072536064286,Keri Japan Black 29 32,shares barcode with LIV-KR-JPN-BLCK-2932,,
DUPLICATE_BARCODE,cin7,LIV-KRI-JP-BK-3032,7072536064293,Keri Japan Black 30 32,shares barcode with LIV-KR-JPN-BLCK-3032,,
DUPLICATE_BARCODE,cin7,LIV-REPS,7000000023361,Reparasjon,shares barcode with LIV-REPSS-OS,CONSUMABLE,CONTINUITY
DUPLICATE_BARCODE,cin7,LIV-REPSS-OS,7000000023361,Reparasjon,shares barcode with LIV-REPS,SERVICE,CONTINUITY
DUPLICATE_BARCODE,shopify,EXT-PR-AVR-VLGR-7.5,3606621489698,Avoriaz Velours Graphite,shares barcode with EXT-PR-AVR-VLGR-9.5,MERCHANDISE,CONTINUITY
DUPLICATE_BARCODE,shopify,EXT-PR-AVR-VLGR-9.5,3606621489698,Avoriaz Velours Graphite,shares barcode with EXT-PR-AVR-VLGR-7.5,MERCHANDISE,CONTINUITY
DUPLICATE_BARCODE,shopify,EXT-RTTO-VRTCL-STRP-SCKS-RYL-BL-M,4582746159205,Vertical Stripe Socks Royal Blue,shares barcode with EXT-RTTO-VRTCL-STRP-SCKS-RYL-BL-S,,
DUPLICATE_BARCODE,shopify,EXT-RTTO-VRTCL-STRP-SCKS-RYL-BL-S,4582746159205,Vertical Stripe Socks Royal Blue,shares barcode with EXT-RTTO-VRTCL-STRP-SCKS-RYL-BL-M,MERCHANDISE,CONTINUITY
DUPLICATE_SKU,cin7,CHIMI-Yellow-09,7340192604864,"09 Yellow, OS",SKU appears 2x in cin7,,
DUPLICATE_SKU,cin7,CHIMI-Yellow-09	 ,7340192604864,"09 Yellow, OS",SKU appears 2x in cin7,,
DUPLICATE_SKU,origio,LIV-NEEDLE-W-2XL,,White,SKU appears 2x in origio,MERCHANDISE,"CONTINUITY,FW26"
DUPLICATE_SKU,origio,LIV-NEEDLE-W-3XL,,White,SKU appears 2x in origio,MERCHANDISE,"CONTINUITY,FW26"
DUPLICATE_SKU,origio,LIV-NEEDLE-W-L,,White,SKU appears 2x in origio,MERCHANDISE,"CONTINUITY,FW26"
DUPLICATE_SKU,origio,LIV-NEEDLE-W-M,,White,SKU appears 2x in origio,MERCHANDISE,"CONTINUITY,FW26"
DUPLICATE_SKU,origio,LIV-NEEDLE-W-S,,White,SKU appears 2x in origio,MERCHANDISE,"CONTINUITY,FW26"
DUPLICATE_SKU,origio,LIV-NEEDLE-W-XL,,White,SKU appears 2x in origio,MERCHANDISE,"CONTINUITY,FW26"
DUPLICATE_SKU,origio,LIV-Needle-W-2XL,7072536057301,White,SKU appears 2x in origio,MERCHANDISE,"CONTINUITY,FW26"
DUPLICATE_SKU,origio,LIV-Needle-W-3XL,7072536057318,White,SKU appears 2x in origio,MERCHANDISE,"CONTINUITY,FW26"
DUPLICATE_SKU,origio,LIV-Needle-W-L,7072536057288,White,SKU appears 2x in origio,MERCHANDISE,"CONTINUITY,FW26"
DUPLICATE_SKU,origio,LIV-Needle-W-M,7072536057271,White,SKU appears 2x in origio,MERCHANDISE,"CONTINUITY,FW26"
DUPLICATE_SKU,origio,LIV-Needle-W-S,7072536057264,White,SKU appears 2x in origio,MERCHANDISE,"CONTINUITY,FW26"
DUPLICATE_SKU,origio,LIV-Needle-W-XL,7072536057295,White,SKU appears 2x in origio,MERCHANDISE,"CONTINUITY,FW26"
DUPLICATE_SKU,shopify,FTGD-EDVRD,,Edvard Skinny,SKU appears 17x in shopify,,
DUPLICATE_SKU,shopify,FTGD-EDVRD,,Norman,SKU appears 17x in shopify,,
DUPLICATE_SKU,shopify,FTGD-EDVRD,,William,SKU appears 17x in shopify,,
DUPLICATE_SKU,shopify,FTGD-EDVRD,,Olav,SKU appears 17x in shopify,,
DUPLICATE_SKU,shopify,FTGD-EDVRD,,Kevin,SKU appears 17x in shopify,,
DUPLICATE_SKU,shopify,FTGD-EDVRD,,Raglan,SKU appears 17x in shopify,,
DUPLICATE_SKU,shopify,FTGD-EDVRD,,Ragnar,SKU appears 17x in shopify,,
DUPLICATE_SKU,shopify,FTGD-EDVRD,,Anton,SKU appears 17x in shopify,,
DUPLICATE_SKU,shopify,FTGD-EDVRD,,Shane,SKU appears 17x in shopify,,
DUPLICATE_SKU,shopify,FTGD-EDVRD,,Dion,SKU appears 17x in shopify,,
DUPLICATE_SKU,shopify,FTGD-EDVRD,,Barton,SKU appears 17x in shopify,,
DUPLICATE_SKU,shopify,FTGD-EDVRD,,Joshua,SKU appears 17x in shopify,,
DUPLICATE_SKU,shopify,FTGD-EDVRD,,Christopher,SKU appears 17x in shopify,,
DUPLICATE_SKU,shopify,FTGD-EDVRD,,Winchester,SKU appears 17x in shopify,,
DUPLICATE_SKU,shopify,FTGD-EDVRD,,Cassidy,SKU appears 17x in shopify,,
DUPLICATE_SKU,shopify,FTGD-EDVRD,,Watkins,SKU appears 17x in shopify,,
DUPLICATE_SKU,shopify,FTGD-EDVRD,,Hill,SKU appears 17x in shopify,,
NO_BARCODE,cin7,2526-1208-511-L16,,"M.O.P button 511 White, L16","no barcode, not SS27",MATERIAL,CONTINUITY
NO_BARCODE,cin7,2526-1208-511-L18,,"M.O.P button 511 White, L18","no barcode, not SS27",MATERIAL,CONTINUITY
NO_BARCODE,cin7,2526-1208-511-L20,,"M.O.P button 511 White, L20","no barcode, not SS27",,
NO_BARCODE,cin7,2526-1208-511-L22,,"M.O.P button 511 White, L22","no barcode, not SS27",,
NO_BARCODE,cin7,2526-1208-511-L24,,"M.O.P button 511 White, L24","no barcode, not SS27",,
NO_BARCODE,cin7,2526-1208-511-L28,,"M.O.P button 511 White, L28","no barcode, not SS27",,
NO_BARCODE,cin7,2526-1208-511-L32,,"M.O.P button 511 White, L32","no barcode, not SS27",,
NO_BARCODE,cin7,2526-1208-5120-L16,,"M.O.P button 5120 Trocas Smoke Brown, L16","no barcode, not SS27",,
NO_BARCODE,cin7,2526-1208-5120-L18,,"M.O.P button 5120 Trocas Smoke Brown, L18","no barcode, not SS27",MATERIAL,CONTINUITY
NO_BARCODE,cin7,2526-1208-5120-L20,,"M.O.P button 5120 Trocas Smoke Brown, L20","no barcode, not SS27",,
NO_BARCODE,cin7,2526-1208-5120-L22,,"M.O.P button 5120 Trocas Smoke Brown, L22","no barcode, not SS27",,
NO_BARCODE,cin7,2526-1208-5120-L24,,"M.O.P button 5120 Trocas Smoke Brown, L24","no barcode, not SS27",MATERIAL,CONTINUITY
NO_BARCODE,cin7,2526-1208-5120-L28,,"M.O.P button 5120 Trocas Smoke Brown, L28","no barcode, not SS27",,
NO_BARCODE,cin7,2526-1208-5120-L32,,"M.O.P button 5120 Trocas Smoke Brown, L32","no barcode, not SS27",MATERIAL,CONTINUITY
NO_BARCODE,cin7,2526-1208-515-L16,,"M.O.P button 515 Smoke, L16","no barcode, not SS27",MATERIAL,CONTINUITY
NO_BARCODE,cin7,2526-1208-515-L18,,"M.O.P button 515 Smoke, L18","no barcode, not SS27",MATERIAL,CONTINUITY
NO_BARCODE,cin7,2526-1208-515-L20,,"M.O.P button 515 Smoke, L20","no barcode, not SS27",MATERIAL,CONTINUITY
NO_BARCODE,cin7,2526-1208-515-L22,,"M.O.P button 515 Smoke, L22","no barcode, not SS27",,
NO_BARCODE,cin7,2526-1208-515-L24,,"M.O.P button 515 Smoke, L24","no barcode, not SS27",MATERIAL,CONTINUITY
NO_BARCODE,cin7,2526-1208-515-L28,,"M.O.P button 515 Smoke, L28","no barcode, not SS27",MATERIAL,CONTINUITY
NO_BARCODE,cin7,2526-1208-515-L32,,"M.O.P button 515 Smoke, L32","no barcode, not SS27",MATERIAL,CONTINUITY
NO_BARCODE,cin7,2526-1208-516-L16,,"M.O.P button 516 White White, L16","no barcode, not SS27",,
NO_BARCODE,cin7,2526-1208-516-L18,,"M.O.P button 516 White White, L18","no barcode, not SS27",MATERIAL,CONTINUITY
NO_BARCODE,cin7,2526-1208-516-L20,,"M.O.P button 516 White White, L20","no barcode, not SS27",MATERIAL,CONTINUITY
NO_BARCODE,cin7,2526-1208-516-L22,,"M.O.P button 516 White White, L22","no barcode, not SS27",,
NO_BARCODE,cin7,2526-1208-516-L24,,"M.O.P button 516 White White, L24","no barcode, not SS27",,
NO_BARCODE,cin7,2526-1208-516-L28,,"M.O.P button 516 White White, L28","no barcode, not SS27",,
NO_BARCODE,cin7,2526-1208-516-L32,,"M.O.P button 516 White White, L32","no barcode, not SS27",,
NO_BARCODE,cin7,2526-1208-517-L16,,"M.O.P button 517 White, L16","no barcode, not SS27",MATERIAL,CONTINUITY
NO_BARCODE,cin7,2526-1208-517-L18,,"M.O.P button 517 White, L18","no barcode, not SS27",MATERIAL,CONTINUITY
NO_BARCODE,cin7,2526-1208-517-L20,,"M.O.P button 517 White, L20","no barcode, not SS27",MATERIAL,CONTINUITY
NO_BARCODE,cin7,2526-1208-517-L22,,"M.O.P button 517 White, L22","no barcode, not SS27",,
NO_BARCODE,cin7,2526-1208-517-L24,,"M.O.P button 517 White, L24","no barcode, not SS27",MATERIAL,CONTINUITY
NO_BARCODE,cin7,2526-1208-517-L28,,"M.O.P button 517 White, L28","no barcode, not SS27",,
NO_BARCODE,cin7,2526-1208-517-L32,,"M.O.P button 517 White, L32","no barcode, not SS27",,
NO_BARCODE,cin7,AVLAGTE-VARER-SS26-OS,,Avlagte Varer SS26,"no barcode, not SS27",,
NO_BARCODE,cin7,Bailey-Tapered,,Bailey Tapered,"no barcode, not SS27",,
NO_BARCODE,cin7,Barnes-Wide,,Barnes Wide,"no barcode, not SS27",,
NO_BARCODE,cin7,CHIMI-Aviator-SG///ikke bruk,,Aviator Soft Gold,"no barcode, not SS27",,
NO_BARCODE,cin7,CHIMI-LP-05M,,05 Light Purple OS,"no barcode, not SS27",,
NO_BARCODE,cin7,Chimi solbriller,,Chimi solbriller,"no barcode, not SS27",,
NO_BARCODE,cin7,Discount,,Discount,"no barcode, not SS27",,
NO_BARCODE,cin7,DiscountAdjustment,,DiscountAdjustment,"no barcode, not SS27",,
NO_BARCODE,cin7,Div-Kost,,Diverse kostnader,"no barcode, not SS27",,
NO_BARCODE,cin7,EXT-BKST-KYVL-Nubuck Black-40,,"Kyoto VL Soft Suede & Nubuck Black, 40","no barcode, not SS27",,
NO_BARCODE,cin7,EXT-HSTR-20210-100-7,,Deerskin Primaloft Rib Black 7,"no barcode, not SS27",,
NO_BARCODE,cin7,EXT-PB-MCH-FM-MRN-6.5,,Michael Femme Lisse Marron 6.5,"no barcode, not SS27",,
NO_BARCODE,cin7,EXT-PR-AVR-VLGR-8.5,,"Avoriaz Velours Graphite, 8.5","no barcode, not SS27",MERCHANDISE,CONTINUITY
NO_BARCODE,cin7,EXT-RW-3140-10,,3140 Classic Chukka 10,"no barcode, not SS27",MERCHANDISE,CONTINUITY
NO_BARCODE,cin7,EXT-RW-3140-10.5,,3140 Classic Chukka 10.5,"no barcode, not SS27",,
NO_BARCODE,cin7,EXT-RW-3140-11,,3140 Classic Chukka 11,"no barcode, not SS27",,
NO_BARCODE,cin7,EXT-RW-3140-11.5,,3140 Classic Chukka 11.5,"no barcode, not SS27",,
NO_BARCODE,cin7,EXT-RW-3140-12,,3140 Classic Chukka 12,"no barcode, not SS27",,
NO_BARCODE,cin7,EXT-RW-3140-7,,3140 Classic Chukka 7,"no barcode, not SS27",,
NO_BARCODE,cin7,EXT-RW-3140-7.5,,3140 Classic Chukka 7.5,"no barcode, not SS27",,
NO_BARCODE,cin7,EXT-RW-3140-8,,3140 Classic Chukka 8,"no barcode, not SS27",,
NO_BARCODE,cin7,EXT-RW-3140-8.5,,3140 Classic Chukka 8.5,"no barcode, not SS27",,
NO_BARCODE,cin7,EXT-RW-3140-9,,3140 Classic Chukka 9,"no barcode, not SS27",,
NO_BARCODE,cin7,EXT-RW-3140-9.5,,3140 Classic Chukka 9.5,"no barcode, not SS27",,
NO_BARCODE,cin7,EXT-RW-3141-10,,3141 Chukka Briar Oil Slick 10,"no barcode, not SS27",MERCHANDISE,CONTINUITY
NO_BARCODE,cin7,EXT-RW-3141-10.5,,3141 Chukka Briar Oil Slick 10.5,"no barcode, not SS27",,
NO_BARCODE,cin7,EXT-RW-3141-11,,3141 Chukka Briar Oil Slick 11,"no barcode, not SS27",,
NO_BARCODE,cin7,EXT-RW-3141-11.5,,3141 Chukka Briar Oil Slick 11.5,"no barcode, not SS27",MERCHANDISE,CONTINUITY
NO_BARCODE,cin7,EXT-RW-3141-12,,3141 Chukka Briar Oil Slick 12,"no barcode, not SS27",,
NO_BARCODE,cin7,EXT-RW-3141-13,,3141 Chukka Briar Oil Slick 13,"no barcode, not SS27",,
NO_BARCODE,cin7,EXT-RW-3141-14,,3141 Chukka Briar Oil Slick 14,"no barcode, not SS27",,
NO_BARCODE,cin7,EXT-RW-3141-6,,3141 Chukka Briar Oil Slick 6,"no barcode, not SS27",,
NO_BARCODE,cin7,EXT-RW-3141-6.5,,3141 Chukka Briar Oil Slick 6.5,"no barcode, not SS27",,
NO_BARCODE,cin7,EXT-RW-3141-7,,3141 Chukka Briar Oil Slick 7,"no barcode, not SS27",,
NO_BARCODE,cin7,EXT-RW-3141-7.5,,3141 Chukka Briar Oil Slick 7.5,"no barcode, not SS27",,
NO_BARCODE,cin7,EXT-RW-3141-8,,3141 Chukka Briar Oil Slick 8,"no barcode, not SS27",,
NO_BARCODE,cin7,EXT-RW-3141-8.6,,3141 Chukka Briar Oil Slick 8.5,"no barcode, not SS27",MERCHANDISE,CONTINUITY
NO_BARCODE,cin7,EXT-RW-3141-9,,3141 Chukka Briar Oil Slick 9,"no barcode, not SS27",MERCHANDISE,CONTINUITY
NO_BARCODE,cin7,EXT-RW-3141-9.5,,3141 Chukka Briar Oil Slick 9.5,"no barcode, not SS27",,
NO_BARCODE,cin7,EXT-RW-875-10,,875 Classic Moc 10,"no barcode, not SS27",MERCHANDISE,CONTINUITY
NO_BARCODE,cin7,EXT-RW-875-10.5,,875 Classic Moc 10.5,"no barcode, not SS27",MERCHANDISE,CONTINUITY
NO_BARCODE,cin7,EXT-RW-875-11,,875 Classic Moc 11,"no barcode, not SS27",,
NO_BARCODE,cin7,EXT-RW-875-11.5,,875 Classic Moc 11.5,"no barcode, not SS27",MERCHANDISE,CONTINUITY
NO_BARCODE,cin7,EXT-RW-875-12,,875 Classic Moc 12,"no barcode, not SS27",,
NO_BARCODE,cin7,EXT-RW-875-14,,875 Classic Moc 14,"no barcode, not SS27",,
NO_BARCODE,cin7,EXT-RW-875-15,,875 Classic Moc 15,"no barcode, not SS27",,
NO_BARCODE,cin7,EXT-RW-875-6.5,,875 Classic Moc 6.5,"no barcode, not SS27",,
NO_BARCODE,cin7,EXT-RW-875-7,,875 Classic Moc 7,"no barcode, not SS27",,
NO_BARCODE,cin7,EXT-RW-875-7.5,,875 Classic Moc 7.5,"no barcode, not SS27",,
NO_BARCODE,cin7,EXT-RW-875-8,,875 Classic Moc 8,"no barcode, not SS27",MERCHANDISE,CONTINUITY
NO_BARCODE,cin7,EXT-RW-875-8.5,,875 Classic Moc 8.5,"no barcode, not SS27",,
NO_BARCODE,cin7,EXT-RW-875-9,,875 Classic Moc 9,"no barcode, not SS27",MERCHANDISE,CONTINUITY
NO_BARCODE,cin7,EXT-RW-875-9.5,,875 Classic Moc 9.5,"no barcode, not SS27",MERCHANDISE,CONTINUITY
NO_BARCODE,cin7,EXT-ST-CRSSM3-SG-OS,,Cirrus No. 3 Iron Steamer - Sage OS,"no barcode, not SS27",MERCHANDISE,CONTINUITY
NO_BARCODE,cin7,FRAKT,,Frakt,"no barcode, not SS27",,
NO_BARCODE,cin7,GFT-1000,,Gift Card 1000 NOK,"no barcode, not SS27",,
NO_BARCODE,cin7,GFT-1500,,Gift Card 1500 NOK,"no barcode, not SS27",,
NO_BARCODE,cin7,GFT-200,,Gift Card 200 NOK,"no barcode, not SS27",,
NO_BARCODE,cin7,GFT-2000,,Gift Card 2000 NOK,"no barcode, not SS27",,
NO_BARCODE,cin7,GFT-2500,,Gift Card 2500 NOK,"no barcode, not SS27",,
NO_BARCODE,cin7,GFT-3000,,Gift Card 3000 NOK,"no barcode, not SS27",,
NO_BARCODE,cin7,GFT-4000,,Gift Card 4000 NOK,"no barcode, not SS27",,
NO_BARCODE,cin7,GFT-500,,Gift Card 500 NOK,"no barcode, not SS27",,
NO_BARCODE,cin7,GFT-5000,,Gift Card 5000 NOK,"no barcode, not SS27",,
NO_BARCODE,cin7,GFTCRD,,Gift Card,"no barcode, not SS27",,
NO_BARCODE,cin7,GFTWRP,,Gift Wrap,"no barcode, not SS27",SERVICE,CONTINUITY
NO_BARCODE,cin7,GH-WMN-PENNY-BLACK-38.5,,WMN Penny Black 38.5,"no barcode, not SS27",,
NO_BARCODE,cin7,Giftwrapping,,Giftwrapping,"no barcode, not SS27",,
NO_BARCODE,cin7,HPACK-SBK,,Hanger pack - Skjørt/bukse med klype,"no barcode, not SS27",,
NO_BARCODE,cin7,Keri Japan Black,,Keri Japan Black,"no barcode, not SS27",,
NO_BARCODE,cin7,LIV-ABBY-WHT-L,,"Abby White, L","no barcode, not SS27",,
NO_BARCODE,cin7,LIV-ABBY-WHT-M,,"Abby White, M","no barcode, not SS27",,
NO_BARCODE,cin7,LIV-ABBY-WHT-S,,"Abby White, S","no barcode, not SS27",,
NO_BARCODE,cin7,LIV-ABBY-WHT-XL,,"Abby White, XL","no barcode, not SS27",,
NO_BARCODE,cin7,LIV-ABBY-WHT-XS,,"Abby White, XS","no barcode, not SS27",,
NO_BARCODE,cin7,LIV-ADN-BLCK-OX-L,,"Aiden Black Ox, L","no barcode, not SS27",,
NO_BARCODE,cin7,LIV-ADN-BLCK-OX-M,,"Aiden Black Ox, M","no barcode, not SS27",,
NO_BARCODE,cin7,LIV-ADN-BLCK-OX-S,,"Aiden Black Ox, S","no barcode, not SS27",,
NO_BARCODE,cin7,LIV-ADN-BLCK-OX-XL,,"Aiden Black Ox, XL","no barcode, not SS27",,
NO_BARCODE,cin7,LIV-ADN-BLCK-OX-XS,,"Aiden Black Ox, XS","no barcode, not SS27",,
NO_BARCODE,cin7,LIV-ADN-WHT-OX-L,,"Aiden White Ox, L","no barcode, not SS27",,
NO_BARCODE,cin7,LIV-ADN-WHT-OX-M,,"Aiden White Ox, M","no barcode, not SS27",,
NO_BARCODE,cin7,LIV-ADN-WHT-OX-S,,"Aiden White Ox, S","no barcode, not SS27",,
NO_BARCODE,cin7,LIV-ADN-WHT-OX-XL,,"Aiden White Ox, XL","no barcode, not SS27",,
NO_BARCODE,cin7,LIV-ADN-WHT-OX-XS,,"Aiden White Ox, XS","no barcode, not SS27",,
NO_BARCODE,cin7,LIV-ADNOX-WHT-L,,"Aiden White Ox, L","no barcode, not SS27",MERCHANDISE,CONTINUITY
NO_BARCODE,cin7,LIV-ADNOX-WHT-M,,"Aiden White Ox, M","no barcode, not SS27",MERCHANDISE,CONTINUITY
NO_BARCODE,cin7,LIV-ADNOX-WHT-S,,"Aiden White Ox, S","no barcode, not SS27",MERCHANDISE,CONTINUITY
NO_BARCODE,cin7,LIV-ADNOX-WHT-XS,,"Aiden White Ox, XS","no barcode, not SS27",MERCHANDISE,CONTINUITY
NO_BARCODE,cin7,LIV-ADNPP-BL-CHCK-L,,"Aiden Blue Check Pop, L","no barcode, not SS27",MERCHANDISE,CONTINUITY
NO_BARCODE,cin7,LIV-ADNPP-BL-CHCK-M,,"Aiden Blue Check Pop, M","no barcode, not SS27",MERCHANDISE,CONTINUITY
NO_BARCODE,cin7,LIV-ADNPP-BL-CHCK-S,,"Aiden Blue Check Pop, S","no barcode, not SS27",MERCHANDISE,CONTINUITY
NO_BARCODE,cin7,LIV-ADNPP-BL-CHCK-XS,,"Aiden Blue Check Pop, XS","no barcode, not SS27",MERCHANDISE,CONTINUITY
NO_BARCODE,cin7,LIV-ADNPP-BRWN-STRP-L,,"Aiden Brown Stripe Pop, L","no barcode, not SS27",MERCHANDISE,CONTINUITY
NO_BARCODE,cin7,LIV-ADNPP-BRWN-STRP-M,,"Aiden Brown Stripe Pop, M","no barcode, not SS27",MERCHANDISE,CONTINUITY
NO_BARCODE,cin7,LIV-ADNPP-BRWN-STRP-S,,"Aiden Brown Stripe Pop, S","no barcode, not SS27",MERCHANDISE,CONTINUITY
NO_BARCODE,cin7,LIV-ADNPP-BRWN-STRP-XS,,"Aiden Brown Stripe Pop, XS","no barcode, not SS27",MERCHANDISE,CONTINUITY
NO_BARCODE,cin7,LIV-AR-BLCK-L,,"Aria Black, L","no barcode, not SS27",MERCHANDISE,CONTINUITY
NO_BARCODE,cin7,LIV-AR-BLCK-M,,"Aria Black, M","no barcode, not SS27",MERCHANDISE,CONTINUITY
NO_BARCODE,cin7,LIV-AR-BLCK-S,,"Aria Black, S","no barcode, not SS27",MERCHANDISE,CONTINUITY
NO_BARCODE,cin7,LIV-AR-BLCK-XL,,"Aria Black, XL","no barcode, not SS27",MERCHANDISE,CONTINUITY
NO_BARCODE,cin7,LIV-AR-BLCK-XS,,"Aria Black, XS","no barcode, not SS27",MERCHANDISE,CONTINUITY
NO_BARCODE,cin7,LIV-BAL-CTNT-L,,"Bale Chestnut Casentino, L","no barcode, not SS27",MERCHANDISE,CONTINUITY
NO_BARCODE,cin7,LIV-BAL-CTNT-M,,"Bale Chestnut Casentino, M","no barcode, not SS27",MERCHANDISE,CONTINUITY
NO_BARCODE,cin7,LIV-BAL-CTNT-XL,,"Bale Chestnut Casentino, XL","no barcode, not SS27",MERCHANDISE,CONTINUITY
NO_BARCODE,cin7,LIV-BAL-CTNT-XS/S,,"Bale Chestnut Casentino, XS/S","no barcode, not SS27",MERCHANDISE,CONTINUITY
NO_BARCODE,cin7,LIV-BLK-BLCK-2XL,,"Blake Black, 2XL","no barcode, not SS27",,
NO_BARCODE,cin7,LIV-BLK-BLCK-3XL,,"Blake Black, 3XL","no barcode, not SS27",,
NO_BARCODE,cin7,LIV-BLK-BLCK-L,,"Blake Black, L","no barcode, not SS27",MERCHANDISE,"CONTINUITY,FW26"
NO_BARCODE,cin7,LIV-BLK-BLCK-M,,"Blake Black, M","no barcode, not SS27",MERCHANDISE,"CONTINUITY,FW26"
NO_BARCODE,cin7,LIV-BLK-BLCK-M/L,,"Blake Black, M/L","no barcode, not SS27",MERCHANDISE,"CONTINUITY,FW26"
NO_BARCODE,cin7,LIV-BLK-BLCK-S,,"Blake Black, S","no barcode, not SS27",MERCHANDISE,"CONTINUITY,FW26"
NO_BARCODE,cin7,LIV-BLK-BLCK-XL,,"Blake Black, XL","no barcode, not SS27",MERCHANDISE,"CONTINUITY,FW26"
NO_BARCODE,cin7,LIV-BLK-BLCK-XS/S,,"Blake Black, XS/S","no barcode, not SS27",,
NO_BARCODE,cin7,LIV-BLK-TP-2XL,,"Blake Taupe, 2XL","no barcode, not SS27",,
NO_BARCODE,cin7,LIV-BLK-TP-3XL,,"Blake Taupe, 3XL","no barcode, not SS27",,
NO_BARCODE,cin7,LIV-BLK-TP-L,,"Blake Taupe, L","no barcode, not SS27",MERCHANDISE,"CONTINUITY,FW26"
NO_BARCODE,cin7,LIV-BLK-TP-M,,"Blake Taupe, M","no barcode, not SS27",MERCHANDISE,"CONTINUITY,FW26"
NO_BARCODE,cin7,LIV-BLK-TP-M/L,,"Blake Taupe, M/L","no barcode, not SS27",MERCHANDISE,"CONTINUITY,FW26"
NO_BARCODE,cin7,LIV-BLK-TP-S,,"Blake Taupe, S","no barcode, not SS27",MERCHANDISE,"CONTINUITY,FW26"
NO_BARCODE,cin7,LIV-BLK-TP-XL,,"Blake Taupe, XL","no barcode, not SS27",MERCHANDISE,"CONTINUITY,FW26"
NO_BARCODE,cin7,LIV-BLK-TP-XS/S,,"Blake Taupe, XS/S","no barcode, not SS27",MERCHANDISE,"CONTINUITY,FW26"
NO_BARCODE,cin7,LIV-BRKL-BG-CHCK-L,,"Barkle Beige Check, L","no barcode, not SS27",MERCHANDISE,CONTINUITY
NO_BARCODE,cin7,LIV-BRKL-BG-CHCK-M,,"Barkle Beige Check, M","no barcode, not SS27",MERCHANDISE,CONTINUITY
NO_BARCODE,cin7,LIV-BRKL-BG-CHCK-S,,"Barkle Beige Check, S","no barcode, not SS27",,
NO_BARCODE,cin7,LIV-BRKL-BG-CHCK-XL,,"Barkle Beige Check, XL","no barcode, not SS27",MERCHANDISE,CONTINUITY
NO_BARCODE,cin7,LIV-BRKL-BG-CHCK-XS/S,,"Barkle Beige Check, XS/S","no barcode, not SS27",MERCHANDISE,CONTINUITY
NO_BARCODE,cin7,LIV-BRKL-BLCK-L,,"Barkle Black Casentino, L","no barcode, not SS27",MERCHANDISE,CONTINUITY
NO_BARCODE,cin7,LIV-BRKL-BLCK-M,,"Barkle Black Casentino, M","no barcode, not SS27",MERCHANDISE,CONTINUITY
NO_BARCODE,cin7,LIV-BRKL-BLCK-S,,"Barkle Black Casentino, S","no barcode, not SS27",,
NO_BARCODE,cin7,LIV-BRKL-BLCK-XL,,"Barkle Black Casentino, XL","no barcode, not SS27",MERCHANDISE,CONTINUITY
NO_BARCODE,cin7,LIV-BRKL-BLCK-XS/S,,"Barkle Black Casentino, XS/S","no barcode, not SS27",MERCHANDISE,CONTINUITY
NO_BARCODE,cin7,LIV-BRNS-22.5-OZ-JPN-HVY-SLVG-2832,,"Barnes 22.5 Oz Japan Heavy Selvage, 2832","no barcode, not SS27",,
NO_BARCODE,cin7,LIV-BRNS-22.5-OZ-JPN-HVY-SLVG-2932,,"Barnes 22.5 Oz Japan Heavy Selvage, 2932","no barcode, not SS27",,
NO_BARCODE,cin7,LIV-BRNS-22.5-OZ-JPN-HVY-SLVG-2934,,"Barnes 22.5 Oz Japan Heavy Selvage, 2934","no barcode, not SS27",,
NO_BARCODE,cin7,LIV-BRNS-22.5-OZ-JPN-HVY-SLVG-3032,,"Barnes 22.5 Oz Japan Heavy Selvage, 3032","no barcode, not SS27",,
NO_BARCODE,cin7,LIV-BRNS-22.5-OZ-JPN-HVY-SLVG-3034,,"Barnes 22.5 Oz Japan Heavy Selvage, 3034","no barcode, not SS27",,
NO_BARCODE,cin7,LIV-BRNS-22.5-OZ-JPN-HVY-SLVG-3132,,"Barnes 22.5 Oz Japan Heavy Selvage, 3132","no barcode, not SS27",,
NO_BARCODE,cin7,LIV-BRNS-22.5-OZ-JPN-HVY-SLVG-3134,,"Barnes 22.5 Oz Japan Heavy Selvage, 3134","no barcode, not SS27",,
NO_BARCODE,cin7,LIV-BRNS-22.5-OZ-JPN-HVY-SLVG-3232,,"Barnes 22.5 Oz Japan Heavy Selvage, 3232","no barcode, not SS27",,
NO_BARCODE,cin7,LIV-BRNS-22.5-OZ-JPN-HVY-SLVG-3234,,"Barnes 22.5 Oz Japan Heavy Selvage, 3234","no barcode, not SS27",,
NO_BARCODE,cin7,LIV-BRNS-22.5-OZ-JPN-HVY-SLVG-3332,,"Barnes 22.5 Oz Japan Heavy Selvage, 3332","no barcode, not SS27",,
NO_BARCODE,cin7,LIV-BRNS-22.5-OZ-JPN-HVY-SLVG-3334,,"Barnes 22.5 Oz Japan Heavy Selvage, 3334","no barcode, not SS27",,
NO_BARCODE,cin7,LIV-BRNS-22.5-OZ-JPN-HVY-SLVG-3432,,"Barnes 22.5 Oz Japan Heavy Selvage, 3432","no barcode, not SS27",,
NO_BARCODE,cin7,LIV-BRNS-22.5-OZ-JPN-HVY-SLVG-3434,,"Barnes 22.5 Oz Japan Heavy Selvage, 3434","no barcode, not SS27",,
NO_BARCODE,cin7,LIV-BRNS-22.5-OZ-JPN-HVY-SLVG-3632,,"Barnes 22.5 Oz Japan Heavy Selvage, 3632","no barcode, not SS27",,
NO_BARCODE,cin7,LIV-BRNS-22.5-OZ-JPN-HVY-SLVG-3634,,"Barnes 22.5 Oz Japan Heavy Selvage, 3634","no barcode, not SS27",,
NO_BARCODE,cin7,LIV-BRNS-22.5-OZ-JPN-HVY-SLVG-3834,,"Barnes 22.5 Oz Japan Heavy Selvage, 3834","no barcode, not SS27",,
NO_BARCODE,cin7,LIV-BRNS-22.5-OZ-JPN-HVY-SLVG-4034,,"Barnes 22.5 Oz Japan Heavy Selvage, 4034","no barcode, not SS27",,
NO_BARCODE,cin7,LIV-BRNS-JPN-GRVL-2934,,"Barnes Japan Gravel, 2934","no barcode, not SS27",,
NO_BARCODE,cin7,LIV-BRNS-JPN-GRVL-3834,,"Barnes Japan Gravel, 3834","no barcode, not SS27",MERCHANDISE,CONTINUITY
NO_BARCODE,cin7,LIV-BRNS-JPN-GRVL-4034,,"Barnes Japan Gravel, 4034","no barcode, not SS27",,
NO_BARCODE,cin7,LIV-BRNS-MD-2832,,"Barnes Mud, 2832","no barcode, not SS27",,
NO_BARCODE,cin7,LIV-BRNS-MD-2932,,"Barnes Mud, 2932","no barcode, not SS27",,
NO_BARCODE,cin7,LIV-BRNS-MD-2934,,"Barnes Mud, 2934","no barcode, not SS27",,
NO_BARCODE,cin7,LIV-BRNS-MD-3032,,"Barnes Mud, 3032","no barcode, not SS27",,
NO_BARCODE,cin7,LIV-BRNS-MD-3034,,"Barnes Mud, 3034","no barcode, not SS27",,
NO_BARCODE,cin7,LIV-BRNS-MD-3132,,"Barnes Mud, 3132","no barcode, not SS27",,
NO_BARCODE,cin7,LIV-BRNS-MD-3134,,"Barnes Mud, 3134","no barcode, not SS27",,
NO_BARCODE,cin7,LIV-BRNS-MD-3232,,"Barnes Mud, 3232","no barcode, not SS27",,
NO_BARCODE,cin7,LIV-BRNS-MD-3234,,"Barnes Mud, 3234","no barcode, not SS27",,
NO_BARCODE,cin7,LIV-BRNS-MD-3332,,"Barnes Mud, 3332","no barcode, not SS27",,
NO_BARCODE,cin7,LIV-BRNS-MD-3334,,"Barnes Mud, 3334","no barcode, not SS27",,
NO_BARCODE,cin7,LIV-BRNS-MD-3432,,"Barnes Mud, 3432","no barcode, not SS27",,
NO_BARCODE,cin7,LIV-BRNS-MD-3434,,"Barnes Mud, 3434","no barcode, not SS27",,
NO_BARCODE,cin7,LIV-BRNS-MD-3632,,"Barnes Mud, 3632","no barcode, not SS27",,
NO_BARCODE,cin7,LIV-BRNS-MD-3634,,"Barnes Mud, 3634","no barcode, not SS27",,
NO_BARCODE,cin7,LIV-BRNS-MD-3834,,"Barnes Mud, 3834","no barcode, not SS27",,
NO_BARCODE,cin7,LIV-BRNS-MD-4034,,"Barnes Mud, 4034","no barcode, not SS27",,
NO_BARCODE,cin7,LIV-BWSR-BLCK-L,,"Bowser Black, L","no barcode, not SS27",MERCHANDISE,CONTINUITY
NO_BARCODE,cin7,LIV-BWSR-BLCK-M,,"Bowser Black, M","no barcode, not SS27",MERCHANDISE,CONTINUITY
NO_BARCODE,cin7,LIV-BWSR-BLCK-S,,"Bowser Black, S","no barcode, not SS27",MERCHANDISE,CONTINUITY
NO_BARCODE,cin7,LIV-BWSR-BLCK-XL,,"Bowser Black, XL","no barcode, not SS27",MERCHANDISE,CONTINUITY
NO_BARCODE,cin7,LIV-BWSR-BLCK-XS,,"Bowser Black, XS","no barcode, not SS27",MERCHANDISE,CONTINUITY
NO_BARCODE,cin7,LIV-CNNLY-BRWN-CRD-2XL,,"Connely Brown Cord, 2XL","no barcode, not SS27",MERCHANDISE,CONTINUITY
NO_BARCODE,cin7,LIV-CNNLY-BRWN-CRD-3XL,,"Connely Brown Cord, 3XL","no barcode, not SS27",,
NO_BARCODE,cin7,LIV-CNNLY-BRWN-CRD-L,,"Connely Brown Cord, L","no barcode, not SS27",MERCHANDISE,CONTINUITY
NO_BARCODE,cin7,LIV-CNNLY-BRWN-CRD-M,,"Connely Brown Cord, M","no barcode, not SS27",MERCHANDISE,CONTINUITY
NO_BARCODE,cin7,LIV-CNNLY-BRWN-CRD-S,,"Connely Brown Cord, S","no barcode, not SS27",MERCHANDISE,CONTINUITY
NO_BARCODE,cin7,LIV-CNNLY-BRWN-CRD-XL,,"Connely Brown Cord, XL","no barcode, not SS27",MERCHANDISE,CONTINUITY
NO_BARCODE,cin7,LIV-CRNN-BG-YK-M/L,,"Corinne Beige Yak, M/L","no barcode, not SS27",MERCHANDISE,CONTINUITY
NO_BARCODE,cin7,LIV-CRNN-BG-YK-XS/S,,"Corinne Beige Yak, XS/S","no barcode, not SS27",MERCHANDISE,CONTINUITY
NO_BARCODE,cin7,LIV-DFFY-MHR-CHSTNT-XS/S,,"Daffy Mohair Chestnut, XS/S","no barcode, not SS27",MERCHANDISE,CONTINUITY
NO_BARCODE,cin7,LIV-DN-JPN-NW-BL-2934,,"Dune Japan New Blue, 2934","no barcode, not SS27",,
NO_BARCODE,cin7,LIV-DN-JPN-NW-BL-3034,,"Dune Japan New Blue, 3034","no barcode, not SS27",,
NO_BARCODE,cin7,LIV-DN-JPN-NW-BL-3834,,"Dune Japan New Blue, 3834","no barcode, not SS27",,
NO_BARCODE,cin7,LIV-DN-JPN-NW-BL-4034,,"Dune Japan New Blue, 4034","no barcode, not SS27",,
NO_BARCODE,cin7,LIV-DN-SHDW-2934,,"Dune Japan Shadow, 2934","no barcode, not SS27",,
NO_BARCODE,cin7,LIV-DN-SHDW-3034,,"Dune Japan Shadow, 3034","no barcode, not SS27",,
NO_BARCODE,cin7,LIV-DN-SHDW-3834,,"Dune Japan Shadow, 3834","no barcode, not SS27",,
NO_BARCODE,cin7,LIV-DN-SHDW-4034,,"Dune Japan Shadow, 4034","no barcode, not SS27",,
NO_BARCODE,cin7,LIV-DVN-JPN-SHDW-L,,"Devon Japan Shadow, L","no barcode, not SS27",,
NO_BARCODE,cin7,LIV-DVN-JPN-SHDW-M,,"Devon Japan Shadow, M","no barcode, not SS27",,
NO_BARCODE,cin7,LIV-DVN-JPN-SHDW-S,,"Devon Japan Shadow, S","no barcode, not SS27",,
NO_BARCODE,cin7,LIV-DVN-JPN-SHDW-XL,,"Devon Japan Shadow, XL","no barcode, not SS27",,
NO_BARCODE,cin7,LIV-DVN-JPN-SHDW-XS,,"Devon Japan Shadow, XS","no barcode, not SS27",,
NO_BARCODE,cin7,LIV-DYR-CHRCL-2XL,,"Dyer Charcoal, 2XL","no barcode, not SS27",MERCHANDISE,CONTINUITY
NO_BARCODE,cin7,LIV-DYR-CHRCL-3XL,,"Dyer Charcoal, 3XL","no barcode, not SS27",,
NO_BARCODE,cin7,LIV-DYR-CHRCL-L,,"Dyer Charcoal, L","no barcode, not SS27",MERCHANDISE,CONTINUITY
NO_BARCODE,cin7,LIV-DYR-CHRCL-M,,"Dyer Charcoal, M","no barcode, not SS27",MERCHANDISE,CONTINUITY
NO_BARCODE,cin7,LIV-DYR-CHRCL-S,,"Dyer Charcoal, S","no barcode, not SS27",,
NO_BARCODE,cin7,LIV-DYR-CHRCL-XL,,"Dyer Charcoal, XL","no barcode, not SS27",MERCHANDISE,CONTINUITY
NO_BARCODE,cin7,LIV-EBL-BLCK-L,,"Ebela Black, L","no barcode, not SS27",MERCHANDISE,CONTINUITY
NO_BARCODE,cin7,LIV-EBL-BLCK-M,,"Ebela Black, M","no barcode, not SS27",MERCHANDISE,CONTINUITY
NO_BARCODE,cin7,LIV-EBL-BLCK-S,,"Ebela Black, S","no barcode, not SS27",MERCHANDISE,CONTINUITY
NO_BARCODE,cin7,LIV-EBL-BLCK-XL,,"Ebela Black, XL","no barcode, not SS27",MERCHANDISE,CONTINUITY
NO_BARCODE,cin7,LIV-EBL-BLCK-XS,,"Ebela Black, XS","no barcode, not SS27",MERCHANDISE,CONTINUITY
NO_BARCODE,cin7,LIV-EBL-BRWN-L,,"Ebela Brown, L","no barcode, not SS27",MERCHANDISE,CONTINUITY
NO_BARCODE,cin7,LIV-EBL-BRWN-M,,"Ebela Brown, M","no barcode, not SS27",MERCHANDISE,CONTINUITY
NO_BARCODE,cin7,LIV-EBL-BRWN-S,,"Ebela Brown, S","no barcode, not SS27",MERCHANDISE,CONTINUITY
NO_BARCODE,cin7,LIV-EBL-BRWN-XL,,"Ebela Brown, XL","no barcode, not SS27",,
NO_BARCODE,cin7,LIV-EBL-BRWN-XS,,"Ebela Brown, XS","no barcode, not SS27",MERCHANDISE,CONTINUITY
NO_BARCODE,cin7,LIV-EDVRD-JPN-BLCK-CMFRT-SMPL,,Edvard Japan Black Comfort SMPL,"no barcode, not SS27",,
NO_BARCODE,cin7,LIV-EVRD-DCS-3030,,"Edvard Dry Comfort Selvage, 3030","no barcode, not SS27",,
NO_BARCODE,cin7,LIV-EVRD-DCS-3130,,"Edvard Dry Comfort Selvage, 3130","no barcode, not SS27",,
NO_BARCODE,cin7,LIV-FDL-BK-2XL,,"Feedly Black Casentino, 2XL","no barcode, not SS27",,
NO_BARCODE,cin7,LIV-FDL-BK-3XL,,"Feedly Black Casentino, 3XL","no barcode, not SS27",,
NO_BARCODE,cin7,LIV-FDL-BK-L,,"Feedly Black Casentino, L","no barcode, not SS27",MERCHANDISE,CONTINUITY
NO_BARCODE,cin7,LIV-FDL-BK-M,,"Feedly Black Casentino, M","no barcode, not SS27",MERCHANDISE,CONTINUITY
NO_BARCODE,cin7,LIV-FDL-BK-S,,"Feedly Black Casentino, S","no barcode, not SS27",MERCHANDISE,CONTINUITY
NO_BARCODE,cin7,LIV-FDL-BK-XL,,"Feedly Black Casentino, XL","no barcode, not SS27",MERCHANDISE,CONTINUITY
NO_BARCODE,cin7,LIV-FDL-BK-XS,,"Feedly Black Casentino, XS","no barcode, not SS27",,
NO_BARCODE,cin7,LIV-FLY-5-PCKT-JPN-OPTC-WHT-2832,,"Fealy 5-Pocket Japan Optic White, 2832","no barcode, not SS27",,
NO_BARCODE,cin7,LIV-FLY-5-PCKT-JPN-OPTC-WHT-2932,,"Fealy 5-Pocket Japan Optic White, 2932","no barcode, not SS27",,
NO_BARCODE,cin7,LIV-FLY-5-PCKT-JPN-OPTC-WHT-3032,,"Fealy 5-Pocket Japan Optic White, 3032","no barcode, not SS27",,
NO_BARCODE,cin7,LIV-FLY-5-PCKT-JPN-OPTC-WHT-3132,,"Fealy 5-Pocket Japan Optic White, 3132","no barcode, not SS27",,
NO_BARCODE,cin7,LIV-FLY-5-PCKT-JPN-OPTC-WHT-3232,,"Fealy 5-Pocket Japan Optic White, 3232","no barcode, not SS27",,
NO_BARCODE,cin7,LIV-FLY-5-PCKT-JPN-OPTC-WHT-3332,,"Fealy 5-Pocket Japan Optic White, 3332","no barcode, not SS27",,
NO_BARCODE,cin7,LIV-FLY-5-PCKT-JPN-OPTC-WHT-3432,,"Fealy 5-Pocket Japan Optic White, 3432","no barcode, not SS27",,
NO_BARCODE,cin7,LIV-FLY-5-PCKT-JPN-OPTC-WHT-3632,,"Fealy 5-Pocket Japan Optic White, 3632","no barcode, not SS27",,
NO_BARCODE,cin7,LIV-FLY-5-PCKT-JPN-OPTC-WHT-3834,,"Fealy 5-Pocket Japan Optic White, 3834","no barcode, not SS27",,
NO_BARCODE,cin7,LIV-FLY-5-PCKT-JPN-OPTC-WHT-4034,,"Fealy 5-Pocket Japan Optic White, 4034","no barcode, not SS27",,
NO_BARCODE,cin7,LIV-FLY-DRK-BRWN-2832,,"Fealy Dark Brown Corduroy, 2832","no barcode, not SS27",,
NO_BARCODE,cin7,LIV-FLY-DRK-BRWN-2932,,"Fealy Dark Brown Corduroy, 2932","no barcode, not SS27",,
NO_BARCODE,cin7,LIV-FLY-DRK-BRWN-3032,,"Fealy Dark Brown Corduroy, 3032","no barcode, not SS27",,
NO_BARCODE,cin7,LIV-FLY-DRK-BRWN-3132,,"Fealy Dark Brown Corduroy, 3132","no barcode, not SS27",,
NO_BARCODE,cin7,LIV-FLY-DRK-BRWN-3232,,"Fealy Dark Brown Corduroy, 3232","no barcode, not SS27",,
NO_BARCODE,cin7,LIV-FLY-DRK-BRWN-3332,,"Fealy Dark Brown Corduroy, 3332","no barcode, not SS27",,
NO_BARCODE,cin7,LIV-FLY-DRK-BRWN-3432,,"Fealy Dark Brown Corduroy, 3432","no barcode, not SS27",,
NO_BARCODE,cin7,LIV-FLY-DRK-BRWN-3632,,"Fealy Dark Brown Corduroy, 3632","no barcode, not SS27",,
NO_BARCODE,cin7,LIV-FLY-DRK-BRWN-3834,,"Fealy Dark Brown Corduroy, 3834","no barcode, not SS27",,
NO_BARCODE,cin7,LIV-HEM,,Hemming Service,"no barcode, not SS27",,
NO_BARCODE,cin7,LIV-HG-MLK-2XL,,"Hugo Milk, 2XL","no barcode, not SS27",,
NO_BARCODE,cin7,LIV-HG-MLK-3XL,,"Hugo Milk, 3XL","no barcode, not SS27",,
NO_BARCODE,cin7,LIV-HG-MLK-L,,"Hugo Milk, L","no barcode, not SS27",,
NO_BARCODE,cin7,LIV-HG-MLK-M,,"Hugo Milk, M","no barcode, not SS27",MERCHANDISE,CONTINUITY
NO_BARCODE,cin7,LIV-HG-MLK-S,,"Hugo Milk, S","no barcode, not SS27",MERCHANDISE,CONTINUITY
NO_BARCODE,cin7,LIV-HG-MLK-XL,,"Hugo Milk, XL","no barcode, not SS27",MERCHANDISE,CONTINUITY
NO_BARCODE,cin7,LIV-HL-OX-WHT-XXXL,,"hill white, 3XL","no barcode, not SS27",,
NO_BARCODE,cin7,LIV-HYS-BLCK-3834,,"Hayes Black, 38/34","no barcode, not SS27",,
NO_BARCODE,cin7,LIV-HYS-TP-38/34,,"Hayes Suitpant Taupe , 38/34","no barcode, not SS27",,
NO_BARCODE,cin7,LIV-HYS-TP-40/34,,"Hayes Suitpant Taupe , 40/34","no barcode, not SS27",,
NO_BARCODE,cin7,LIV-HYSJKT-BK-2XL,,"Hayes Suit Jacket Black, 2XL","no barcode, not SS27",,
NO_BARCODE,cin7,LIV-HYSJKT-BK-3XL,,"Hayes Suit Jacket Black, 3XL","no barcode, not SS27",,
NO_BARCODE,cin7,LIV-HYSJKT-BK-L,,"Hayes Suit Jacket Black, L","no barcode, not SS27",MERCHANDISE,CONTINUITY
NO_BARCODE,cin7,LIV-HYSJKT-BK-M,,"Hayes Suit Jacket Black, M","no barcode, not SS27",MERCHANDISE,CONTINUITY
NO_BARCODE,cin7,LIV-HYSJKT-BK-S,,"Hayes Suit Jacket Black, S","no barcode, not SS27",MERCHANDISE,CONTINUITY
NO_BARCODE,cin7,LIV-HYSJKT-BK-XL,,"Hayes Suit Jacket Black, XL","no barcode, not SS27",MERCHANDISE,CONTINUITY
NO_BARCODE,cin7,LIV-HYSJKT-STRP-2XL,,"Hayes Suit Jacket Stripe, 2XL","no barcode, not SS27",,
NO_BARCODE,cin7,LIV-HYSJKT-STRP-3XL,,"Hayes Suit Jacket Stripe, 3XL","no barcode, not SS27",,
NO_BARCODE,cin7,LIV-HYSJKT-STRP-L,,"Hayes Suit Jacket Stripe, L","no barcode, not SS27",MERCHANDISE,CONTINUITY
NO_BARCODE,cin7,LIV-HYSJKT-STRP-M,,"Hayes Suit Jacket Stripe, M","no barcode, not SS27",MERCHANDISE,CONTINUITY
NO_BARCODE,cin7,LIV-HYSJKT-STRP-S,,"Hayes Suit Jacket Stripe, S","no barcode, not SS27",MERCHANDISE,CONTINUITY
NO_BARCODE,cin7,LIV-HYSJKT-STRP-XL,,"Hayes Suit Jacket Stripe, XL","no barcode, not SS27",MERCHANDISE,CONTINUITY
NO_BARCODE,cin7,LIV-IMP-ADS-OS,,"Imperfect Addison, OS","no barcode, not SS27",AGGREGATE,CONTINUITY
NO_BARCODE,cin7,LIV-IMP-AN-OS,,"Imperfect Ann, OS","no barcode, not SS27",AGGREGATE,CONTINUITY
NO_BARCODE,cin7,LIV-IMP-AV-OS,,"Imperfect Ava, OS","no barcode, not SS27",AGGREGATE,CONTINUITY
NO_BARCODE,cin7,LIV-IMP-BETH-OS,,"Imperfect Beth, OS","no barcode, not SS27",,
NO_BARCODE,cin7,LIV-IMP-BLY-OS,,"Imperfect Bailey, OS","no barcode, not SS27",AGGREGATE,CONTINUITY
NO_BARCODE,cin7,LIV-IMP-BRL-OS,,"Imperfect Burley, OS","no barcode, not SS27",,
NO_BARCODE,cin7,LIV-IMP-BRNS-OS,,"Imperfect Barnes, OS","no barcode, not SS27",AGGREGATE,CONTINUITY
NO_BARCODE,cin7,LIV-IMP-BTH-OS,,"Imperfect Beth, OS","no barcode, not SS27",,
NO_BARCODE,cin7,LIV-IMP-BURLEY-OS,,"Imperfect Burley, OS","no barcode, not SS27",,
NO_BARCODE,cin7,LIV-IMP-DNE-OS,,"Imperfect Dune, OS","no barcode, not SS27",AGGREGATE,CONTINUITY
NO_BARCODE,cin7,LIV-IMP-EDV-OS,,"Imperfect Edvard, OS","no barcode, not SS27",AGGREGATE,CONTINUITY
NO_BARCODE,cin7,LIV-IMP-ELA-OS,,"Imperfect Ella, OS","no barcode, not SS27",AGGREGATE,CONTINUITY
NO_BARCODE,cin7,LIV-IMP-EMR-OS,,"Imperfect Emerson, OS","no barcode, not SS27",AGGREGATE,CONTINUITY
NO_BARCODE,cin7,LIV-IMP-FEALY-OS,,"Imperfect Fealy, OS","no barcode, not SS27",,
NO_BARCODE,cin7,LIV-IMP-FLY-OS,,"Imperfect Fealy, OS","no barcode, not SS27",,
NO_BARCODE,cin7,LIV-IMP-FULLER-OS,,"Imperfect Fuller, OS","no barcode, not SS27",,
NO_BARCODE,cin7,LIV-IMP-FYE-OS,,"Imperfect Faye, OS","no barcode, not SS27",AGGREGATE,CONTINUITY
NO_BARCODE,cin7,LIV-IMP-JL-OS,,"Imperfect Joelle, OS","no barcode, not SS27",,
NO_BARCODE,cin7,LIV-IMP-JNE-OS,,"Imperfect Jone, OS","no barcode, not SS27",AGGREGATE,CONTINUITY
NO_BARCODE,cin7,LIV-IMP-JNOTHR-OS,,"Imperfect Jeans Other, OS","no barcode, not SS27",AGGREGATE,CONTINUITY
NO_BARCODE,cin7,LIV-IMP-KI-OS,,"Imperfect Kai, OS","no barcode, not SS27",,
NO_BARCODE,cin7,LIV-IMP-KRI-OS,,"Imperfect Keri, OS","no barcode, not SS27",,
NO_BARCODE,cin7,LIV-IMP-KRS-OS,,"Imperfect Keri Surf, OS","no barcode, not SS27",,
NO_BARCODE,cin7,LIV-IMP-LVE-OS,,"Imperfect Live, OS","no barcode, not SS27",AGGREGATE,CONTINUITY
NO_BARCODE,cin7,LIV-IMP-MIKO-OS,,"Imperfect Miko, OS","no barcode, not SS27",,
NO_BARCODE,cin7,LIV-IMP-MRG-OS,,"Imperfect Margo, OS","no barcode, not SS27",,
NO_BARCODE,cin7,LIV-IMP-PAGE-OS,,"Imperfect Page, OS","no barcode, not SS27",,
NO_BARCODE,cin7,LIV-IMP-SIREN-OS,,"Imperfect Siren, OS","no barcode, not SS27",,
NO_BARCODE,cin7,LIV-IMP-TIA-OS,,"Imperfect Tia, OS","no barcode, not SS27",,
NO_BARCODE,cin7,LIV-IMP-VR-OS,,"Imperfect Vår, OS","no barcode, not SS27",AGGREGATE,CONTINUITY
NO_BARCODE,cin7,LIV-KLLROVD-MD-2XL,,"Keller Chestnut Overdye, 2XL","no barcode, not SS27",MERCHANDISE,CONTINUITY
NO_BARCODE,cin7,LIV-KLLROVD-MD-3XL,,"Keller Chestnut Overdye, 3XL","no barcode, not SS27",,
NO_BARCODE,cin7,LIV-KLLROVD-MD-L,,"Keller Chestnut Overdye, L","no barcode, not SS27",MERCHANDISE,CONTINUITY
NO_BARCODE,cin7,LIV-KLLROVD-MD-M,,"Keller Chestnut Overdye, M","no barcode, not SS27",MERCHANDISE,CONTINUITY
NO_BARCODE,cin7,LIV-KLLROVD-MD-S,,"Keller Chestnut Overdye, S","no barcode, not SS27",MERCHANDISE,CONTINUITY
NO_BARCODE,cin7,LIV-KLLROVD-MD-XL,,"Keller Chestnut Overdye, XL","no barcode, not SS27",MERCHANDISE,CONTINUITY
NO_BARCODE,cin7,LIV-KLLROVD-PTTY-2XL,,"Nelson Putty Overdye, 2XL","no barcode, not SS27",MERCHANDISE,CONTINUITY
NO_BARCODE,cin7,LIV-KLLROVD-PTTY-3XL,,"Nelson Putty Overdye, 3XL","no barcode, not SS27",,
NO_BARCODE,cin7,LIV-KLLROVD-PTTY-L,,"Nelson Putty Overdye, L","no barcode, not SS27",MERCHANDISE,CONTINUITY
NO_BARCODE,cin7,LIV-KLLROVD-PTTY-M,,"Nelson Putty Overdye, M","no barcode, not SS27",MERCHANDISE,CONTINUITY
NO_BARCODE,cin7,LIV-KLLROVD-PTTY-S,,"Nelson Putty Overdye, S","no barcode, not SS27",MERCHANDISE,CONTINUITY
NO_BARCODE,cin7,LIV-KLLROVD-PTTY-XL,,"Nelson Putty Overdye, XL","no barcode, not SS27",MERCHANDISE,CONTINUITY
NO_BARCODE,cin7,LIV-KLLRSTRP-RD-2XL,,"Keller Red Stripe, 2XL","no barcode, not SS27",MERCHANDISE,CONTINUITY
NO_BARCODE,cin7,LIV-KLLRSTRP-RD-3XL,,"Keller Red Stripe, 3XL","no barcode, not SS27",,
NO_BARCODE,cin7,LIV-KLLRSTRP-RD-L,,"Keller Red Stripe, L","no barcode, not SS27",MERCHANDISE,CONTINUITY
NO_BARCODE,cin7,LIV-KLLRSTRP-RD-M,,"Keller Red Stripe, M","no barcode, not SS27",MERCHANDISE,CONTINUITY
NO_BARCODE,cin7,LIV-KLLRSTRP-RD-S,,"Keller Red Stripe, S","no barcode, not SS27",MERCHANDISE,CONTINUITY
NO_BARCODE,cin7,LIV-KLLRSTRP-RD-XL,,"Keller Red Stripe, XL","no barcode, not SS27",MERCHANDISE,CONTINUITY
NO_BARCODE,cin7,LIV-KNEMB-LNN-BLCK-FNGS-2XL,,"Keen Heavy Linen Black Fungus, 2XL","no barcode, not SS27",,
NO_BARCODE,cin7,LIV-KNEMB-LNN-BLCK-FNGS-3XL,,"Keen Heavy Linen Black Fungus, 3XL","no barcode, not SS27",,
NO_BARCODE,cin7,LIV-KNEMB-LNN-BLCK-FNGS-L,,"Keen Heavy Linen Black Fungus, L","no barcode, not SS27",MERCHANDISE,CONTINUITY
NO_BARCODE,cin7,LIV-KNEMB-LNN-BLCK-FNGS-M,,"Keen Heavy Linen Black Fungus, M","no barcode, not SS27",MERCHANDISE,CONTINUITY
NO_BARCODE,cin7,LIV-KNEMB-LNN-BLCK-FNGS-S,,"Keen Heavy Linen Black Fungus, S","no barcode, not SS27",MERCHANDISE,CONTINUITY
NO_BARCODE,cin7,LIV-KNEMB-LNN-BLCK-FNGS-XL,,"Keen Heavy Linen Black Fungus, XL","no barcode, not SS27",MERCHANDISE,CONTINUITY
NO_BARCODE,cin7,LIV-KNLSE-GRN-2XL,,"Keen Green Loose, 2XL","no barcode, not SS27",MERCHANDISE,CONTINUITY
NO_BARCODE,cin7,LIV-KNLSE-GRN-3XL,,"Keen Green Loose, 3XL","no barcode, not SS27",,
NO_BARCODE,cin7,LIV-KNLSE-GRN-L,,"Keen Green Loose, L","no barcode, not SS27",MERCHANDISE,CONTINUITY
NO_BARCODE,cin7,LIV-KNLSE-GRN-M,,"Keen Green Loose, M","no barcode, not SS27",MERCHANDISE,CONTINUITY
NO_BARCODE,cin7,LIV-KNLSE-GRN-S,,"Keen Green Loose, S","no barcode, not SS27",MERCHANDISE,CONTINUITY
NO_BARCODE,cin7,LIV-KNLSE-GRN-XL,,"Keen Green Loose, XL","no barcode, not SS27",MERCHANDISE,CONTINUITY
NO_BARCODE,cin7,LIV-KNLSE-NVY-2XL,,"Keen Navy Loose, 2XL","no barcode, not SS27",MERCHANDISE,CONTINUITY
NO_BARCODE,cin7,LIV-KNLSE-NVY-3XL,,"Keen Navy Loose, 3XL","no barcode, not SS27",,
NO_BARCODE,cin7,LIV-KNLSE-NVY-L,,"Keen Navy Loose, L","no barcode, not SS27",MERCHANDISE,CONTINUITY
NO_BARCODE,cin7,LIV-KNLSE-NVY-M,,"Keen Navy Loose, M","no barcode, not SS27",MERCHANDISE,CONTINUITY
NO_BARCODE,cin7,LIV-KNLSE-NVY-S,,"Keen Navy Loose, S","no barcode, not SS27",,
NO_BARCODE,cin7,LIV-KNLSE-NVY-XL,,"Keen Navy Loose, XL","no barcode, not SS27",MERCHANDISE,CONTINUITY
NO_BARCODE,cin7,LIV-KNPOP-RW-BL-CHCK-2XL,,"Keen Raw Blue Check Pop, 2XL","no barcode, not SS27",,
NO_BARCODE,cin7,LIV-KNPOP-RW-BL-CHCK-3XL,,"Keen Raw Blue Check Pop, 3XL","no barcode, not SS27",,
NO_BARCODE,cin7,LIV-KNPOP-RW-BL-CHCK-L,,"Keen Raw Blue Check Pop, L","no barcode, not SS27",MERCHANDISE,CONTINUITY
NO_BARCODE,cin7,LIV-KNPOP-RW-BL-CHCK-M,,"Keen Raw Blue Check Pop, M","no barcode, not SS27",MERCHANDISE,CONTINUITY
NO_BARCODE,cin7,LIV-KNPOP-RW-BL-CHCK-S,,"Keen Raw Blue Check Pop, S","no barcode, not SS27",MERCHANDISE,CONTINUITY
NO_BARCODE,cin7,LIV-KNPOP-RW-BL-CHCK-XL,,"Keen Raw Blue Check Pop, XL","no barcode, not SS27",MERCHANDISE,CONTINUITY
NO_BARCODE,cin7,LIV-KNPOP-RW-BRWN-STRP-2XL,,"Keen Raw Brown Stripe Pop, 2XL","no barcode, not SS27",,
NO_BARCODE,cin7,LIV-KNPOP-RW-BRWN-STRP-3XL,,"Keen Raw Brown Stripe Pop, 3XL","no barcode, not SS27",,
NO_BARCODE,cin7,LIV-KNPOP-RW-BRWN-STRP-L,,"Keen Raw Brown Stripe Pop, L","no barcode, not SS27",MERCHANDISE,CONTINUITY
NO_BARCODE,cin7,LIV-KNPOP-RW-BRWN-STRP-M,,"Keen Raw Brown Stripe Pop, M","no barcode, not SS27",MERCHANDISE,CONTINUITY
NO_BARCODE,cin7,LIV-KNPOP-RW-BRWN-STRP-S,,"Keen Raw Brown Stripe Pop, S","no barcode, not SS27",MERCHANDISE,CONTINUITY
NO_BARCODE,cin7,LIV-KNPOP-RW-BRWN-STRP-XL,,"Keen Raw Brown Stripe Pop, XL","no barcode, not SS27",MERCHANDISE,CONTINUITY
NO_BARCODE,cin7,LIV-KR-JPN-GRVL-2534,,"Keri Japan Gravel, 2534","no barcode, not SS27",,
NO_BARCODE,cin7,LIV-KR-WD-JPN-MRBL-2534,,"Keri Wide Japan Marble, 2534","no barcode, not SS27",,
NO_BARCODE,cin7,LIV-KR-WD-JPN-MRBL-3634,,"Keri Wide Japan Marble, 3634","no barcode, not SS27",,
NO_BARCODE,cin7,LIV-KRLN-JV-2534,,"Keri Linen Java, 2534","no barcode, not SS27",,
NO_BARCODE,cin7,LIV-KRLN-JV-3634,,"Keri Linen Java, 3634","no barcode, not SS27",,
NO_BARCODE,cin7,LIV-KRLN-OLV-2534,,"Keri Linen Olive, 2534","no barcode, not SS27",,
NO_BARCODE,cin7,LIV-KRLN-OLV-3634,,"Keri Linen Olive, 3634","no barcode, not SS27",,
NO_BARCODE,cin7,LIV-KRLN-STN-2534,,"Keri Linen Stone, 2534","no barcode, not SS27",,
NO_BARCODE,cin7,LIV-KRLN-STN-3634,,"Keri Linen Stone, 3634","no barcode, not SS27",,
NO_BARCODE,cin7,LIV-KRN-BLCK-M/L,,"Kerin Black, M/L","no barcode, not SS27",MERCHANDISE,"CONTINUITY,FW26"
NO_BARCODE,cin7,LIV-KRN-BLCK-XS/S,,"Kerin Black, XS/S","no barcode, not SS27",MERCHANDISE,"CONTINUITY,FW26"
NO_BARCODE,cin7,LIV-KRN-TP-M/L,,"Kerin Taupe, M/L","no barcode, not SS27",MERCHANDISE,"CONTINUITY,FW26"
NO_BARCODE,cin7,LIV-KRN-TP-XS/S,,"Kerin Taupe, XS/S","no barcode, not SS27",MERCHANDISE,"CONTINUITY,FW26"
NO_BARCODE,cin7,LIV-KVN-WXBLK-SMPL,,Kevin Waxed Black SMPL,"no barcode, not SS27",,
NO_BARCODE,cin7,LIV-KYDN-BLCK-2XL,,"Kayden Black, 2XL","no barcode, not SS27",,
NO_BARCODE,cin7,LIV-KYDN-BLCK-L,,"Kayden Black, L","no barcode, not SS27",,
NO_BARCODE,cin7,LIV-KYDN-BLCK-M,,"Kayden Black, M","no barcode, not SS27",MERCHANDISE,CONTINUITY
NO_BARCODE,cin7,LIV-KYDN-BLCK-M/L,,"Kayden Black, M/L","no barcode, not SS27",,
NO_BARCODE,cin7,LIV-KYDN-BLCK-S,,"Kayden Black, S","no barcode, not SS27",,
NO_BARCODE,cin7,LIV-KYDN-BLCK-XL,,"Kayden Black, XL","no barcode, not SS27",,
NO_BARCODE,cin7,LIV-KYDN-BLCK-XS/S,,"Kayden Black, XS/S","no barcode, not SS27",,
NO_BARCODE,cin7,LIV-LFTY MLSKN-FRST-2XL,,"Lefty Forest Moleskin, 2XL","no barcode, not SS27",MERCHANDISE,CONTINUITY
NO_BARCODE,cin7,LIV-LFTY MLSKN-FRST-3XL,,"Lefty Forest Moleskin, 3XL","no barcode, not SS27",,
NO_BARCODE,cin7,LIV-LFTY MLSKN-FRST-L,,"Lefty Forest Moleskin, L","no barcode, not SS27",MERCHANDISE,CONTINUITY
NO_BARCODE,cin7,LIV-LFTY MLSKN-FRST-M,,"Lefty Forest Moleskin, M","no barcode, not SS27",MERCHANDISE,CONTINUITY
NO_BARCODE,cin7,LIV-LFTY MLSKN-FRST-S,,"Lefty Forest Moleskin, S","no barcode, not SS27",MERCHANDISE,CONTINUITY
NO_BARCODE,cin7,LIV-LFTY MLSKN-FRST-XL,,"Lefty Forest Moleskin, XL","no barcode, not SS27",MERCHANDISE,CONTINUITY
NO_BARCODE,cin7,LIV-LFTY MLSKN-MD-2XL,,"Lefty Mud Moleskin, 2XL","no barcode, not SS27",MERCHANDISE,CONTINUITY
NO_BARCODE,cin7,LIV-LFTY MLSKN-MD-3XL,,"Lefty Mud Moleskin, 3XL","no barcode, not SS27",,
NO_BARCODE,cin7,LIV-LFTY MLSKN-MD-L,,"Lefty Mud Moleskin, L","no barcode, not SS27",MERCHANDISE,CONTINUITY
NO_BARCODE,cin7,LIV-LFTY MLSKN-MD-M,,"Lefty Mud Moleskin, M","no barcode, not SS27",MERCHANDISE,CONTINUITY
NO_BARCODE,cin7,LIV-LFTY MLSKN-MD-S,,"Lefty Mud Moleskin, S","no barcode, not SS27",MERCHANDISE,CONTINUITY
NO_BARCODE,cin7,LIV-LFTY MLSKN-MD-XL,,"Lefty Mud Moleskin, XL","no barcode, not SS27",MERCHANDISE,CONTINUITY
NO_BARCODE,cin7,LIV-LFTY-RD-CHCK-2XL,,"Lefty Red Check, 2XL","no barcode, not SS27",MERCHANDISE,CONTINUITY
NO_BARCODE,cin7,LIV-LFTY-RD-CHCK-3XL,,"Lefty Red Check, 3XL","no barcode, not SS27",,
NO_BARCODE,cin7,LIV-LFTY-RD-CHCK-L,,"Lefty Red Check, L","no barcode, not SS27",MERCHANDISE,CONTINUITY
NO_BARCODE,cin7,LIV-LFTY-RD-CHCK-M,,"Lefty Red Check, M","no barcode, not SS27",MERCHANDISE,CONTINUITY
NO_BARCODE,cin7,LIV-LFTY-RD-CHCK-S,,"Lefty Red Check, S","no barcode, not SS27",MERCHANDISE,CONTINUITY
NO_BARCODE,cin7,LIV-LFTY-RD-CHCK-XL,,"Lefty Red Check, XL","no barcode, not SS27",MERCHANDISE,CONTINUITY
NO_BARCODE,cin7,LIV-LM-STRP-L,,"Lima Stripe, L","no barcode, not SS27",MERCHANDISE,CONTINUITY
NO_BARCODE,cin7,LIV-LM-STRP-M,,"Lima Stripe, M","no barcode, not SS27",MERCHANDISE,CONTINUITY
NO_BARCODE,cin7,LIV-LM-STRP-S,,"Lima Stripe, S","no barcode, not SS27",MERCHANDISE,CONTINUITY
NO_BARCODE,cin7,LIV-LM-STRP-XL,,"Lima Stripe, XL","no barcode, not SS27",MERCHANDISE,CONTINUITY
NO_BARCODE,cin7,LIV-LM-STRP-XS,,"Lima Stripe, XS","no barcode, not SS27",MERCHANDISE,CONTINUITY
NO_BARCODE,cin7,LIV-ML-MD-L,,"Mila Mud, L","no barcode, not SS27",MERCHANDISE,CONTINUITY
NO_BARCODE,cin7,LIV-ML-MD-M,,"Mila Mud, M","no barcode, not SS27",MERCHANDISE,CONTINUITY
NO_BARCODE,cin7,LIV-ML-MD-S,,"Mila Mud, S","no barcode, not SS27",MERCHANDISE,CONTINUITY
NO_BARCODE,cin7,LIV-ML-MD-XL,,"Mila Mud, XL","no barcode, not SS27",,
NO_BARCODE,cin7,LIV-ML-MD-XS,,"Mila Mud, XS","no barcode, not SS27",,
NO_BARCODE,cin7,LIV-N-CHSTNT-L,,"Abby Chestnut, L","no barcode, not SS27",MERCHANDISE,CONTINUITY
NO_BARCODE,cin7,LIV-N-CHSTNT-M,,"Abby Chestnut, M","no barcode, not SS27",MERCHANDISE,CONTINUITY
NO_BARCODE,cin7,LIV-N-CHSTNT-S,,"Abby Chestnut, S","no barcode, not SS27",MERCHANDISE,CONTINUITY
NO_BARCODE,cin7,LIV-N-CHSTNT-XL,,"Abby Chestnut, XL","no barcode, not SS27",MERCHANDISE,CONTINUITY
NO_BARCODE,cin7,LIV-N-CHSTNT-XS,,"Abby Chestnut, XS","no barcode, not SS27",MERCHANDISE,CONTINUITY
NO_BARCODE,cin7,LIV-NDL-RVRS-BTTR-DBLY-2XL,,"Needle Reverse Butter Doubleye, 2XL","no barcode, not SS27",MERCHANDISE,CONTINUITY
NO_BARCODE,cin7,LIV-NDL-RVRS-BTTR-DBLY-3XL,,"Needle Reverse Butter Doubleye, 3XL","no barcode, not SS27",,
NO_BARCODE,cin7,LIV-NDL-RVRS-BTTR-DBLY-L,,"Needle Reverse Butter Doubleye, L","no barcode, not SS27",MERCHANDISE,CONTINUITY
NO_BARCODE,cin7,LIV-NDL-RVRS-BTTR-DBLY-M,,"Needle Reverse Butter Doubleye, M","no barcode, not SS27",MERCHANDISE,CONTINUITY
NO_BARCODE,cin7,LIV-NDL-RVRS-BTTR-DBLY-S,,"Needle Reverse Butter Doubleye, S","no barcode, not SS27",MERCHANDISE,CONTINUITY
NO_BARCODE,cin7,LIV-NDL-RVRS-BTTR-DBLY-XL,,"Needle Reverse Butter Doubleye, XL","no barcode, not SS27",MERCHANDISE,CONTINUITY
NO_BARCODE,cin7,LIV-NDL-RVRS-FRST-DBLDY-2XL,,"Needle Reverse Forest Doubledye, 2XL","no barcode, not SS27",MERCHANDISE,CONTINUITY
NO_BARCODE,cin7,LIV-NDL-RVRS-FRST-DBLDY-3XL,,"Needle Reverse Forest Doubledye, 3XL","no barcode, not SS27",,
NO_BARCODE,cin7,LIV-NDL-RVRS-FRST-DBLDY-L,,"Needle Reverse Forest Doubledye, L","no barcode, not SS27",MERCHANDISE,CONTINUITY
NO_BARCODE,cin7,LIV-NDL-RVRS-FRST-DBLDY-M,,"Needle Reverse Forest Doubledye, M","no barcode, not SS27",MERCHANDISE,CONTINUITY
NO_BARCODE,cin7,LIV-NDL-RVRS-FRST-DBLDY-S,,"Needle Reverse Forest Doubledye, S","no barcode, not SS27",MERCHANDISE,CONTINUITY
NO_BARCODE,cin7,LIV-NDL-RVRS-FRST-DBLDY-XL,,"Needle Reverse Forest Doubledye, XL","no barcode, not SS27",MERCHANDISE,CONTINUITY
NO_BARCODE,cin7,LIV-NLN-BLCK-2XL,,"Nolan Black, 2XL","no barcode, not SS27",MERCHANDISE,CONTINUITY
NO_BARCODE,cin7,LIV-NLN-BLCK-3XL,,"Nolan Black, 3XL","no barcode, not SS27",,
NO_BARCODE,cin7,LIV-NLN-BLCK-L,,"Nolan Black, L","no barcode, not SS27",MERCHANDISE,CONTINUITY
NO_BARCODE,cin7,LIV-NLN-BLCK-M,,"Nolan Black, M","no barcode, not SS27",MERCHANDISE,CONTINUITY
NO_BARCODE,cin7,LIV-NLN-BLCK-S,,"Nolan Black, S","no barcode, not SS27",MERCHANDISE,CONTINUITY
NO_BARCODE,cin7,LIV-NLN-BLCK-XL,,"Nolan Black, XL","no barcode, not SS27",MERCHANDISE,CONTINUITY
NO_BARCODE,cin7,LIV-NLSN-BNNTT-OVRDY-2XL,,"Nelson Bonnett Overdye, 2XL","no barcode, not SS27",,
NO_BARCODE,cin7,LIV-NLSN-BNNTT-OVRDY-3XL,,"Nelson Bonnett Overdye, 3XL","no barcode, not SS27",,
NO_BARCODE,cin7,LIV-NLSN-BNNTT-OVRDY-L,,"Nelson Bonnett Overdye, L","no barcode, not SS27",,
NO_BARCODE,cin7,LIV-NLSN-BNNTT-OVRDY-M,,"Nelson Bonnett Overdye, M","no barcode, not SS27",,
NO_BARCODE,cin7,LIV-NLSN-BNNTT-OVRDY-S,,"Nelson Bonnett Overdye, S","no barcode, not SS27",,
NO_BARCODE,cin7,LIV-NLSN-BNNTT-OVRDY-XL,,"Nelson Bonnett Overdye, XL","no barcode, not SS27",,
NO_BARCODE,cin7,LIV-NLSN-CHRCL-2XL,,"Nelson Charcoal, 2XL","no barcode, not SS27",MERCHANDISE,CONTINUITY
NO_BARCODE,cin7,LIV-NLSN-CHRCL-3XL,,"Nelson Charcoal, 3XL","no barcode, not SS27",,
NO_BARCODE,cin7,LIV-NLSN-CHRCL-L,,"Nelson Charcoal, L","no barcode, not SS27",MERCHANDISE,CONTINUITY
NO_BARCODE,cin7,LIV-NLSN-CHRCL-M,,"Nelson Charcoal, M","no barcode, not SS27",MERCHANDISE,CONTINUITY
NO_BARCODE,cin7,LIV-NLSN-CHRCL-S,,"Nelson Charcoal, S","no barcode, not SS27",MERCHANDISE,CONTINUITY
NO_BARCODE,cin7,LIV-NLSN-CHRCL-XL,,"Nelson Charcoal, XL","no barcode, not SS27",MERCHANDISE,CONTINUITY
NO_BARCODE,cin7,LIV-NLSN-LNN-WHT-2XL,,"Nelson Linen White, 2XL","no barcode, not SS27",,
NO_BARCODE,cin7,LIV-NLSN-LNN-WHT-3XL,,"Nelson Linen White, 3XL","no barcode, not SS27",,
NO_BARCODE,cin7,LIV-NLSN-LNN-WHT-L,,"Nelson Linen White, L","no barcode, not SS27",,
NO_BARCODE,cin7,LIV-NLSN-LNN-WHT-M,,"Nelson Linen White, M","no barcode, not SS27",,
NO_BARCODE,cin7,LIV-NLSN-LNN-WHT-S,,"Nelson Linen White, S","no barcode, not SS27",,
NO_BARCODE,cin7,LIV-NLSN-LNN-WHT-XL,,"Nelson Linen White, XL","no barcode, not SS27",,
NO_BARCODE,cin7,LIV-NLSN-STRNG-2XL,,"Nelson String, 2XL","no barcode, not SS27",MERCHANDISE,CONTINUITY
NO_BARCODE,cin7,LIV-NLSN-STRNG-3XL,,"Nelson String, 3XL","no barcode, not SS27",,
NO_BARCODE,cin7,LIV-NLSN-STRNG-L,,"Nelson String, L","no barcode, not SS27",MERCHANDISE,CONTINUITY
NO_BARCODE,cin7,LIV-NLSN-STRNG-M,,"Nelson String, M","no barcode, not SS27",MERCHANDISE,CONTINUITY
NO_BARCODE,cin7,LIV-NLSN-STRNG-S,,"Nelson String, S","no barcode, not SS27",MERCHANDISE,CONTINUITY
NO_BARCODE,cin7,LIV-NLSN-STRNG-XL,,"Nelson String, XL","no barcode, not SS27",MERCHANDISE,CONTINUITY
NO_BARCODE,cin7,LIV-NSH-BLCK-2XL,,"Nash Black, 2XL","no barcode, not SS27",MERCHANDISE,"CONTINUITY,FW26"
NO_BARCODE,cin7,LIV-NSH-BLCK-3XL,,"Nash Black, 3XL","no barcode, not SS27",,
NO_BARCODE,cin7,LIV-NSH-TP-2XL,,"Nash Taupe, 2XL","no barcode, not SS27",,
NO_BARCODE,cin7,LIV-NSH-TP-3XL,,"Nash Taupe, 3XL","no barcode, not SS27",,
NO_BARCODE,cin7,LIV-Needle-LNN-BLCK-2XL,,"Needle Linen Black, 2XL","no barcode, not SS27",,
NO_BARCODE,cin7,LIV-Needle-LNN-BLCK-3XL,,"Needle Linen Black, 3XL","no barcode, not SS27",,
NO_BARCODE,cin7,LIV-Needle-LNN-BLCK-L,,"Needle Linen Black, L","no barcode, not SS27",,
NO_BARCODE,cin7,LIV-Needle-LNN-BLCK-M,,"Needle Linen Black, M","no barcode, not SS27",,
NO_BARCODE,cin7,LIV-Needle-LNN-BLCK-S,,"Needle Linen Black, S","no barcode, not SS27",,
NO_BARCODE,cin7,LIV-Needle-LNN-BLCK-XL,,"Needle Linen Black, XL","no barcode, not SS27",,
NO_BARCODE,cin7,LIV-PLM-NV-2XL,,"Palmer Navy, 2XL","no barcode, not SS27",MERCHANDISE,CONTINUITY
NO_BARCODE,cin7,LIV-PLM-NV-3XL,,"Palmer Navy, 3XL","no barcode, not SS27",,
NO_BARCODE,cin7,LIV-PLM-NV-L,,"Palmer Navy, L","no barcode, not SS27",MERCHANDISE,CONTINUITY
NO_BARCODE,cin7,LIV-PLM-NV-M,,"Palmer Navy, M","no barcode, not SS27",MERCHANDISE,CONTINUITY
NO_BARCODE,cin7,LIV-PLM-NV-S,,"Palmer Navy, S","no barcode, not SS27",MERCHANDISE,CONTINUITY
NO_BARCODE,cin7,LIV-PLM-NV-XL,,"Palmer Navy, XL","no barcode, not SS27",MERCHANDISE,CONTINUITY
NO_BARCODE,cin7,LIV-PLTH-BL-MHR-MX-OS,,"Plath Blue Mohair Mix, OS","no barcode, not SS27",MERCHANDISE,CONTINUITY
NO_BARCODE,cin7,LIV-PLTH-BLCK-MRN-OS,,"Plath Black Merino, OS","no barcode, not SS27",MERCHANDISE,CONTINUITY
NO_BARCODE,cin7,LIV-PLTH-BRWN-MHR-MX-OS,,"Plath Brown Mohair Mix, OS","no barcode, not SS27",MERCHANDISE,CONTINUITY
NO_BARCODE,cin7,LIV-PLTH-CHRCL-MRN-OS,,"Plath Charcoal Merino, OS","no barcode, not SS27",MERCHANDISE,CONTINUITY
NO_BARCODE,cin7,LIV-PLTH-GRY-MHR-MX-OS,,"Plath Grey Mohair Mix, OS","no barcode, not SS27",MERCHANDISE,CONTINUITY
NO_BARCODE,cin7,LIV-PLTH-OLV-MHR-MX-OS,,"Plath Olive Mohair Mix, OS","no barcode, not SS27",MERCHANDISE,CONTINUITY
NO_BARCODE,cin7,LIV-PLTH-SPC-MHR-MX-OS,,"Plath Spice Mohair Mix, OS","no barcode, not SS27",MERCHANDISE,CONTINUITY
NO_BARCODE,cin7,LIV-PLTH-TP-MHR-MX-OS,,"Plath Taupe Mohair Mix, OS","no barcode, not SS27",MERCHANDISE,CONTINUITY
NO_BARCODE,cin7,LIV-PNNNT-ASH-WX-2XL,,"Pennant Ash Wax, 2XL","no barcode, not SS27",,
NO_BARCODE,cin7,LIV-PYTN-BLCK-L,,"Peyton Black, L","no barcode, not SS27",,
NO_BARCODE,cin7,LIV-PYTN-BLCK-M,,"Peyton Black, M","no barcode, not SS27",MERCHANDISE,CONTINUITY
NO_BARCODE,cin7,LIV-PYTN-BLCK-S,,"Peyton Black, S","no barcode, not SS27",MERCHANDISE,CONTINUITY
NO_BARCODE,cin7,LIV-PYTN-BLCK-XL,,"Peyton Black, XL","no barcode, not SS27",,
NO_BARCODE,cin7,LIV-PYTN-BLCK-XS,,"Peyton Black, XS","no barcode, not SS27",,
NO_BARCODE,cin7,LIV-REPA,,Reparasjon,"no barcode, not SS27",,
NO_BARCODE,cin7,LIV-RLY-BLCK-2XL,,"Riley Black, 2XL","no barcode, not SS27",,
NO_BARCODE,cin7,LIV-RLY-BLCK-3XL,,"Riley Black, 3XL","no barcode, not SS27",,
NO_BARCODE,cin7,LIV-RLY-BLCK-L,,"Riley Black, L","no barcode, not SS27",,
NO_BARCODE,cin7,LIV-RLY-BLCK-M,,"Riley Black, M","no barcode, not SS27",,
NO_BARCODE,cin7,LIV-RLY-BLCK-S,,"Riley Black, S","no barcode, not SS27",,
NO_BARCODE,cin7,LIV-RLY-BLCK-XL,,"Riley Black, XL","no barcode, not SS27",,
NO_BARCODE,cin7,LIV-RLY-CHRCL-2XL,,"Riley Charcoal, 2XL","no barcode, not SS27",MERCHANDISE,CONTINUITY
NO_BARCODE,cin7,LIV-RLY-CHRCL-3XL,,"Riley Charcoal, 3XL","no barcode, not SS27",,
NO_BARCODE,cin7,LIV-RLY-CHRCL-L,,"Riley Charcoal, L","no barcode, not SS27",MERCHANDISE,CONTINUITY
NO_BARCODE,cin7,LIV-RLY-CHRCL-M,,"Riley Charcoal, M","no barcode, not SS27",MERCHANDISE,CONTINUITY
NO_BARCODE,cin7,LIV-RLY-CHRCL-S,,"Riley Charcoal, S","no barcode, not SS27",MERCHANDISE,CONTINUITY
NO_BARCODE,cin7,LIV-RLY-CHRCL-XL,,"Riley Charcoal, XL","no barcode, not SS27",MERCHANDISE,CONTINUITY
NO_BARCODE,cin7,LIV-RLY-GRN-2XL,,"Riley Green, 2XL","no barcode, not SS27",MERCHANDISE,CONTINUITY
NO_BARCODE,cin7,LIV-RLY-GRN-3XL,,"Riley Green, 3XL","no barcode, not SS27",,
NO_BARCODE,cin7,LIV-RLY-GRN-L,,"Riley Green, L","no barcode, not SS27",MERCHANDISE,CONTINUITY
NO_BARCODE,cin7,LIV-RLY-GRN-M,,"Riley Green, M","no barcode, not SS27",MERCHANDISE,CONTINUITY
NO_BARCODE,cin7,LIV-RLY-GRN-S,,"Riley Green, S","no barcode, not SS27",MERCHANDISE,CONTINUITY
NO_BARCODE,cin7,LIV-RLY-GRN-XL,,"Riley Green, XL","no barcode, not SS27",MERCHANDISE,CONTINUITY
NO_BARCODE,cin7,LIV-RLY-GRY-2XL,,"Riley Grey, 2XL","no barcode, not SS27",,
NO_BARCODE,cin7,LIV-RLY-GRY-3XL,,"Riley Grey, 3XL","no barcode, not SS27",,
NO_BARCODE,cin7,LIV-RLY-GRY-L,,"Riley Grey, L","no barcode, not SS27",,
NO_BARCODE,cin7,LIV-RLY-GRY-M,,"Riley Grey, M","no barcode, not SS27",,
NO_BARCODE,cin7,LIV-RLY-GRY-S,,"Riley Grey, S","no barcode, not SS27",,
NO_BARCODE,cin7,LIV-RLY-GRY-XL,,"Riley Grey, XL","no barcode, not SS27",,
NO_BARCODE,cin7,LIV-RLY-NVY-2XL,,"Riley Navy, 2XL","no barcode, not SS27",MERCHANDISE,CONTINUITY
NO_BARCODE,cin7,LIV-RLY-NVY-3XL,,"Riley Navy, 3XL","no barcode, not SS27",,
NO_BARCODE,cin7,LIV-RLY-NVY-L,,"Riley Navy, L","no barcode, not SS27",MERCHANDISE,CONTINUITY
NO_BARCODE,cin7,LIV-RLY-NVY-M,,"Riley Navy, M","no barcode, not SS27",MERCHANDISE,CONTINUITY
NO_BARCODE,cin7,LIV-RLY-NVY-S,,"Riley Navy, S","no barcode, not SS27",MERCHANDISE,CONTINUITY
NO_BARCODE,cin7,LIV-RLY-NVY-XL,,"Riley Navy, XL","no barcode, not SS27",MERCHANDISE,CONTINUITY
NO_BARCODE,cin7,LIV-RSDIST-OS,,"Reservert til distro, OS","no barcode, not SS27",,
NO_BARCODE,cin7,LIV-SKR-HM-CH,,Hemming service Chainstitch - kr. 249,"no barcode, not SS27",,
NO_BARCODE,cin7,LIV-SKR-HM-R,,Hemming service Regular - kr. 149,"no barcode, not SS27",,
NO_BARCODE,cin7,LIV-SKRD-LPSTF-LIN-OS,,"Lappestoff Lin, OS","no barcode, not SS27",SERVICE,CONTINUITY
NO_BARCODE,cin7,LIV-SKRD-LPSTF-RG-BK-OS,,"Lappestoff Rigid Black, OS","no barcode, not SS27",SERVICE,CONTINUITY
NO_BARCODE,cin7,LIV-SKRD-LPSTF-RG-BL-OS,,"Lappestoff Rigid Blue, OS","no barcode, not SS27",SERVICE,CONTINUITY
NO_BARCODE,cin7,LIV-SKRD-LPSTF-STR-BK-OS,,"Lappestoff Stretch Black, OS","no barcode, not SS27",SERVICE,CONTINUITY
NO_BARCODE,cin7,LIV-SKRD-LPSTF-STR-BL-OS,,"Lappestoff Stretch Blue, OS","no barcode, not SS27",SERVICE,CONTINUITY
NO_BARCODE,cin7,LIV-SLM-STRP-L,,"Selma Stripe, L","no barcode, not SS27",,
NO_BARCODE,cin7,LIV-SLM-STRP-M,,"Selma Stripe, M","no barcode, not SS27",,
NO_BARCODE,cin7,LIV-SLM-STRP-S,,"Selma Stripe, S","no barcode, not SS27",,
NO_BARCODE,cin7,LIV-SLM-STRP-XL,,"Selma Stripe, XL","no barcode, not SS27",,
NO_BARCODE,cin7,LIV-SLM-STRP-XS,,"Selma Stripe, XS","no barcode, not SS27",,
NO_BARCODE,cin7,LIV-T-VPR-2432,,"Tia Vapor, 2432","no barcode, not SS27",,
NO_BARCODE,cin7,LIV-T-VPR-2532,,"Tia Vapor, 2532","no barcode, not SS27",MERCHANDISE,CONTINUITY
NO_BARCODE,cin7,LIV-T-VPR-2534,,"Tia Vapor, 2534","no barcode, not SS27",,
NO_BARCODE,cin7,LIV-T-VPR-2632,,"Tia Vapor, 2632","no barcode, not SS27",MERCHANDISE,CONTINUITY
NO_BARCODE,cin7,LIV-T-VPR-2634,,"Tia Vapor, 2634","no barcode, not SS27",MERCHANDISE,CONTINUITY
NO_BARCODE,cin7,LIV-T-VPR-2732,,"Tia Vapor, 2732","no barcode, not SS27",MERCHANDISE,CONTINUITY
NO_BARCODE,cin7,LIV-T-VPR-2734,,"Tia Vapor, 2734","no barcode, not SS27",,
NO_BARCODE,cin7,LIV-T-VPR-2832,,"Tia Vapor, 2832","no barcode, not SS27",,
NO_BARCODE,cin7,LIV-T-VPR-2834,,"Tia Vapor, 2834","no barcode, not SS27",MERCHANDISE,CONTINUITY
NO_BARCODE,cin7,LIV-T-VPR-2932,,"Tia Vapor, 2932","no barcode, not SS27",MERCHANDISE,CONTINUITY
NO_BARCODE,cin7,LIV-T-VPR-2934,,"Tia Vapor, 2934","no barcode, not SS27",,
NO_BARCODE,cin7,LIV-T-VPR-3032,,"Tia Vapor, 3032","no barcode, not SS27",MERCHANDISE,CONTINUITY
NO_BARCODE,cin7,LIV-T-VPR-3034,,"Tia Vapor, 3034","no barcode, not SS27",MERCHANDISE,CONTINUITY
NO_BARCODE,cin7,LIV-T-VPR-3132,,"Tia Vapor, 3132","no barcode, not SS27",MERCHANDISE,CONTINUITY
NO_BARCODE,cin7,LIV-T-VPR-3134,,"Tia Vapor, 3134","no barcode, not SS27",,
NO_BARCODE,cin7,LIV-T-VPR-3232,,"Tia Vapor, 3232","no barcode, not SS27",MERCHANDISE,CONTINUITY
NO_BARCODE,cin7,LIV-T-VPR-3234,,"Tia Vapor, 3234","no barcode, not SS27",,
NO_BARCODE,cin7,LIV-T-VPR-3332,,"Tia Vapor, 3332","no barcode, not SS27",,
NO_BARCODE,cin7,LIV-T-VPR-3334,,"Tia Vapor, 3334","no barcode, not SS27",,
NO_BARCODE,cin7,LIV-T-VPR-3434,,"Tia Vapor, 3434","no barcode, not SS27",,
NO_BARCODE,cin7,LIV-TCK-BLCK-2XL,,"Tuck Black, 2XL","no barcode, not SS27",MERCHANDISE,CONTINUITY
NO_BARCODE,cin7,LIV-TCK-BLCK-3XL,,"Tuck Black, 3XL","no barcode, not SS27",,
NO_BARCODE,cin7,LIV-TCK-BLCK-L,,"Tuck Black, L","no barcode, not SS27",MERCHANDISE,CONTINUITY
NO_BARCODE,cin7,LIV-TCK-BLCK-M,,"Tuck Black, M","no barcode, not SS27",MERCHANDISE,CONTINUITY
NO_BARCODE,cin7,LIV-TCK-BLCK-S,,"Tuck Black, S","no barcode, not SS27",MERCHANDISE,CONTINUITY
NO_BARCODE,cin7,LIV-TCK-BLCK-XL,,"Tuck Black, XL","no barcode, not SS27",MERCHANDISE,CONTINUITY
NO_BARCODE,cin7,LIV-TKNLSK-JPN-MD-L,,"Tiki Japan Mud Noil Silk, L","no barcode, not SS27",,
NO_BARCODE,cin7,LIV-TKNLSK-JPN-MD-M,,"Tiki Japan Mud Noil Silk, M","no barcode, not SS27",,
NO_BARCODE,cin7,LIV-TKNLSK-JPN-MD-S,,"Tiki Japan Mud Noil Silk, S","no barcode, not SS27",,
NO_BARCODE,cin7,LIV-TKNLSK-JPN-MD-XL,,"Tiki Japan Mud Noil Silk, XL","no barcode, not SS27",,
NO_BARCODE,cin7,LIV-TKNLSK-JPN-MD-XS,,"Tiki Japan Mud Noil Silk, XS","no barcode, not SS27",,
NO_BARCODE,cin7,LIV-TT-BLCK-2XL,,"Tate Black, 2XL","no barcode, not SS27",MERCHANDISE,"CONTINUITY,FW26"
NO_BARCODE,cin7,LIV-TT-BLCK-3XL,,"Tate Black, 3XL","no barcode, not SS27",,
NO_BARCODE,cin7,LIV-TT-BLCK-L,,"Tate Black, L","no barcode, not SS27",MERCHANDISE,"CONTINUITY,FW26"
NO_BARCODE,cin7,LIV-TT-BLCK-M,,"Tate Black, M","no barcode, not SS27",MERCHANDISE,"CONTINUITY,FW26"
NO_BARCODE,cin7,LIV-TT-BLCK-S,,"Tate Black, S","no barcode, not SS27",MERCHANDISE,"CONTINUITY,FW26"
NO_BARCODE,cin7,LIV-TT-BLCK-XL,,"Tate Black, XL","no barcode, not SS27",MERCHANDISE,"CONTINUITY,FW26"
NO_BARCODE,cin7,LIV-TTA-BLK-L,,"Teta Black, L","no barcode, not SS27",MERCHANDISE,CONTINUITY
NO_BARCODE,cin7,LIV-TTA-BLK-M,,"Teta Black, M","no barcode, not SS27",MERCHANDISE,CONTINUITY
NO_BARCODE,cin7,LIV-TTA-BLK-S,,"Teta Black, S","no barcode, not SS27",MERCHANDISE,CONTINUITY
NO_BARCODE,cin7,LIV-TTA-BLK-XL,,"Teta Black, XL","no barcode, not SS27",MERCHANDISE,CONTINUITY
NO_BARCODE,cin7,LIV-TTA-BLK-XS,,"Teta Black, XS","no barcode, not SS27",MERCHANDISE,CONTINUITY
NO_BARCODE,cin7,LIV-TTA-GRY-MLNG-L,,"Teta Grey Melange, L","no barcode, not SS27",MERCHANDISE,CONTINUITY
NO_BARCODE,cin7,LIV-TTA-GRY-MLNG-M,,"Teta Grey Melange, M","no barcode, not SS27",MERCHANDISE,CONTINUITY
NO_BARCODE,cin7,LIV-TTA-GRY-MLNG-S,,"Teta Grey Melange, S","no barcode, not SS27",MERCHANDISE,CONTINUITY
NO_BARCODE,cin7,LIV-TTA-GRY-MLNG-XL,,"Teta Grey Melange, XL","no barcode, not SS27",MERCHANDISE,CONTINUITY
NO_BARCODE,cin7,LIV-TTA-GRY-MLNG-XS,,"Teta Grey Melange, XS","no barcode, not SS27",MERCHANDISE,CONTINUITY
NO_BARCODE,cin7,LIV-WBTST-JP-21OZEMB-2834,,"Webshipper test jeans, 2834","no barcode, not SS27",,
NO_BARCODE,cin7,LIV-WBTST-JP-21OZEMB-2934,,"Webshipper test jeans, 2934","no barcode, not SS27",,
NO_BARCODE,cin7,LIV-WBTST-JP-21OZEMB-3034,,"Webshipper test jeans, 3034","no barcode, not SS27",,
NO_BARCODE,cin7,LIV-WBTST-JP-21OZEMB-3134,,"Webshipper test jeans, 3134","no barcode, not SS27",,
NO_BARCODE,cin7,LIV-WBTST-JP-21OZEMB-3234,,"Webshipper test jeans, 3234","no barcode, not SS27",,
NO_BARCODE,cin7,LIV-WBTST-JP-21OZEMB-3334,,"Webshipper test jeans, 3334","no barcode, not SS27",,
NO_BARCODE,cin7,LIV-WBTST-JP-21OZEMB-3434,,"Webshipper test jeans, 3434","no barcode, not SS27",,
NO_BARCODE,cin7,LIV-WBTST-JP-21OZEMB-3634,,"Webshipper test jeans, 3634","no barcode, not SS27",,
NO_BARCODE,cin7,LIV-XWLWTC-JPDWN-36,,"Livid X Wollow Tarmac Japan Dawn, 36","no barcode, not SS27",MERCHANDISE,CONTINUITY
NO_BARCODE,cin7,LIV-XWLWTC-JPDWN-37,,"Livid X Wollow Tarmac Japan Dawn, 37","no barcode, not SS27",MERCHANDISE,CONTINUITY
NO_BARCODE,cin7,LIV-XWLWTC-JPDWN-38,,"Livid X Wollow Tarmac Japan Dawn, 38","no barcode, not SS27",MERCHANDISE,CONTINUITY
NO_BARCODE,cin7,LIV-XWLWTC-JPDWN-39,,"Livid X Wollow Tarmac Japan Dawn, 39","no barcode, not SS27",MERCHANDISE,CONTINUITY
NO_BARCODE,cin7,LIV-XWLWTC-JPDWN-40,,"Livid X Wollow Tarmac Japan Dawn, 40","no barcode, not SS27",MERCHANDISE,CONTINUITY
NO_BARCODE,cin7,LIV-XWLWTC-JPDWN-41,,"Livid X Wollow Tarmac Japan Dawn, 41","no barcode, not SS27",MERCHANDISE,CONTINUITY
NO_BARCODE,cin7,LIV-XWLWTC-JPDWN-42,,"Livid X Wollow Tarmac Japan Dawn, 42","no barcode, not SS27",MERCHANDISE,CONTINUITY
NO_BARCODE,cin7,LIV-XWLWTC-JPDWN-43,,"Livid X Wollow Tarmac Japan Dawn, 43","no barcode, not SS27",MERCHANDISE,CONTINUITY
NO_BARCODE,cin7,LIV-XWLWTC-JPDWN-44,,"Livid X Wollow Tarmac Japan Dawn, 44","no barcode, not SS27",MERCHANDISE,CONTINUITY
NO_BARCODE,cin7,LIV-XWLWTC-JPDWN-45,,"Livid X Wollow Tarmac Japan Dawn, 45","no barcode, not SS27",MERCHANDISE,CONTINUITY
NO_BARCODE,cin7,LIV-XWLWTC-JPDWN-46,,"Livid X Wollow Tarmac Japan Dawn, 46","no barcode, not SS27",,
NO_BARCODE,cin7,LIV-XWLWTC-JPSH-36,,"Livid X Wollow Tarmac Japan Shadow, 36","no barcode, not SS27",MERCHANDISE,CONTINUITY
NO_BARCODE,cin7,LIV-XWLWTC-JPSH-37,,"Livid X Wollow Tarmac Japan Shadow, 37","no barcode, not SS27",MERCHANDISE,CONTINUITY
NO_BARCODE,cin7,LIV-XWLWTC-JPSH-38,,"Livid X Wollow Tarmac Japan Shadow, 38","no barcode, not SS27",MERCHANDISE,CONTINUITY
NO_BARCODE,cin7,LIV-XWLWTC-JPSH-39,,"Livid X Wollow Tarmac Japan Shadow, 39","no barcode, not SS27",MERCHANDISE,CONTINUITY
NO_BARCODE,cin7,LIV-XWLWTC-JPSH-40,,"Livid X Wollow Tarmac Japan Shadow, 40","no barcode, not SS27",MERCHANDISE,CONTINUITY
NO_BARCODE,cin7,LIV-XWLWTC-JPSH-41,,"Livid X Wollow Tarmac Japan Shadow, 41","no barcode, not SS27",MERCHANDISE,CONTINUITY
NO_BARCODE,cin7,LIV-XWLWTC-JPSH-42,,"Livid X Wollow Tarmac Japan Shadow, 42","no barcode, not SS27",MERCHANDISE,CONTINUITY
NO_BARCODE,cin7,LIV-XWLWTC-JPSH-43,,"Livid X Wollow Tarmac Japan Shadow, 43","no barcode, not SS27",MERCHANDISE,CONTINUITY
NO_BARCODE,cin7,LIV-XWLWTC-JPSH-44,,"Livid X Wollow Tarmac Japan Shadow, 44","no barcode, not SS27",MERCHANDISE,CONTINUITY
NO_BARCODE,cin7,LIV-XWLWTC-JPSH-45,,"Livid X Wollow Tarmac Japan Shadow, 45","no barcode, not SS27",MERCHANDISE,CONTINUITY
NO_BARCODE,cin7,LIV-XWLWTC-JPSH-46,,"Livid X Wollow Tarmac Japan Shadow, 46","no barcode, not SS27",,
NO_BARCODE,cin7,LVD-SMPL-PANTS-OS,,Men's Jeans Sample - 100 cotton,"no barcode, not SS27",,
NO_BARCODE,cin7,Liv-rep,,Reparasjon,"no barcode, not SS27",,
NO_BARCODE,cin7,Manuell-bestilling---Etter-avtale,,Manuell bestilling - Etter avtale,"no barcode, not SS27",,
NO_BARCODE,cin7,Refund,,Refund,"no barcode, not SS27",,
NO_BARCODE,cin7,S-1,,SAMPLE SHIRT,"no barcode, not SS27",,
NO_BARCODE,cin7,S-10,,SAMPLE SUITE PANTS,"no barcode, not SS27",,
NO_BARCODE,cin7,S-11,,SAMPLE LEATHER JACKET,"no barcode, not SS27",,
NO_BARCODE,cin7,S-12,,SAMPLE HAT LEATHER,"no barcode, not SS27",,
NO_BARCODE,cin7,S-13,,SAMPLE KNITWEAR,"no barcode, not SS27",,
NO_BARCODE,cin7,S-14,,SAMPLE DRESS,"no barcode, not SS27",,
NO_BARCODE,cin7,S-15,,Pearl buttons - pack,"no barcode, not SS27",,
NO_BARCODE,cin7,S-16,,Color Card,"no barcode, not SS27",,
NO_BARCODE,cin7,S-19,,CLOTHES HANGER,"no barcode, not SS27",,
NO_BARCODE,cin7,S-2,,SAMPLE TRUNKS,"no barcode, not SS27",,
NO_BARCODE,cin7,S-20,,SAMPLE JERSEY,"no barcode, not SS27",,
NO_BARCODE,cin7,S-22,,SAMPLES LABELS,"no barcode, not SS27",SAMPLE,CONTINUITY
NO_BARCODE,cin7,S-27,,SAMPLES PATCHES,"no barcode, not SS27",,
NO_BARCODE,cin7,S-29,,PRINTED BROCHURES,"no barcode, not SS27",,
NO_BARCODE,cin7,S-3,,FABRIC CUTTINGS,"no barcode, not SS27",,
NO_BARCODE,cin7,S-31,,WOOL SWEATER,"no barcode, not SS27",,
NO_BARCODE,cin7,S-33,,Buttons,"no barcode, not SS27",,
NO_BARCODE,cin7,S-34,,SAMPLE CHINOS PANTS,"no barcode, not SS27",,
NO_BARCODE,cin7,S-37,,SAMPLE WOOL JACKET,"no barcode, not SS27",,
NO_BARCODE,cin7,S-39,,SAMPLE JACKET,"no barcode, not SS27",SAMPLE,CONTINUITY
NO_BARCODE,cin7,S-40,,SAMPLE LEATHER BOOTS,"no barcode, not SS27",,
NO_BARCODE,cin7,S-5,,SAMPLE CAPS,"no barcode, not SS27",,
NO_BARCODE,cin7,S-50,,Jeans Button,"no barcode, not SS27",,
NO_BARCODE,cin7,S-6,,SAMPLE JEANS,"no barcode, not SS27",,
NO_BARCODE,cin7,S-7,,SAMPLE JACKET COTTON,"no barcode, not SS27",,
NO_BARCODE,cin7,S-8,,SAMPLE SKIRT,"no barcode, not SS27",,
NO_BARCODE,cin7,S-9,,SAMPLE SUITE JACKET,"no barcode, not SS27",,
NO_BARCODE,cin7,STORAGE-ALARM-OS,,"Alarm, OS","no barcode, not SS27",CONSUMABLE,CONTINUITY
NO_BARCODE,cin7,STORAGE-BELTEPOSER-OS,,"Belteposer, OS","no barcode, not SS27",CONSUMABLE,CONTINUITY
NO_BARCODE,cin7,STORAGE-BLEKK-OS,,"Blekk, OS","no barcode, not SS27",CONSUMABLE,CONTINUITY
NO_BARCODE,cin7,STORAGE-BOOTS-OS,,"Boots, OS","no barcode, not SS27",CONSUMABLE,CONTINUITY
NO_BARCODE,cin7,STORAGE-BUTIKK-GENERELL-BELYSNING-OS,,"Butikk - Generell belysning, OS","no barcode, not SS27",CONSUMABLE,CONTINUITY
NO_BARCODE,cin7,STORAGE-BUTIKK-JULEBELYSNING-OS,,"Butikk - Julebelysning, OS","no barcode, not SS27",CONSUMABLE,CONTINUITY
NO_BARCODE,cin7,STORAGE-CADICA-OS,,"Cadica, OS","no barcode, not SS27",CONSUMABLE,CONTINUITY
NO_BARCODE,cin7,STORAGE-CADS-OS,,"CADS, OS","no barcode, not SS27",CONSUMABLE,CONTINUITY
NO_BARCODE,cin7,STORAGE-CANDIANI-SWATCHES-OS,,"Candiani Swatches, OS","no barcode, not SS27",CONSUMABLE,CONTINUITY
NO_BARCODE,cin7,STORAGE-CHARLIE-OS,,"Charlie, OS","no barcode, not SS27",CONSUMABLE,CONTINUITY
NO_BARCODE,cin7,STORAGE-CHRISTOPHER-OS,,"Christopher, OS","no barcode, not SS27",CONSUMABLE,CONTINUITY
NO_BARCODE,cin7,STORAGE-CHRISTOPHER-SE-OVER-OS,,"Christopher - Se Over, OS","no barcode, not SS27",,
NO_BARCODE,cin7,STORAGE-CHRISTOPHER-SJEKKE-OS,,"Christopher - Trenges å gåes over, OS","no barcode, not SS27",CONSUMABLE,CONTINUITY
NO_BARCODE,cin7,STORAGE-CHRISTOPHER-VASKE-OS,,"Lappestoff / Kast, OS","no barcode, not SS27",CONSUMABLE,CONTINUITY
NO_BARCODE,cin7,STORAGE-CHRISTOPHER-VERKTØY-OS,,"Christopher - Verktøy, OS","no barcode, not SS27",CONSUMABLE,CONTINUITY
NO_BARCODE,cin7,STORAGE-COLLECT-SWATCHES-OS,,"Collect Swatches, OS","no barcode, not SS27",CONSUMABLE,CONTINUITY
NO_BARCODE,cin7,STORAGE-DEADSTOCK-REST-OS,,"Deadstock Rest, OS","no barcode, not SS27",CONSUMABLE,CONTINUITY
NO_BARCODE,cin7,STORAGE-DENIM-WASHES-OS,,"Denim Washes, OS","no barcode, not SS27",CONSUMABLE,CONTINUITY
NO_BARCODE,cin7,STORAGE-ELEKTRONIKK-OS,,"Elektronikk, OS","no barcode, not SS27",CONSUMABLE,CONTINUITY
NO_BARCODE,cin7,STORAGE-EPLEHUSET-REKLAMASJONER-OS,,"Eplehuset Reklamasjoner, OS","no barcode, not SS27",CONSUMABLE,CONTINUITY
NO_BARCODE,cin7,STORAGE-FABRIC-SCRAPS-OS,,"Fabric Scraps, OS","no barcode, not SS27",CONSUMABLE,CONTINUITY
NO_BARCODE,cin7,STORAGE-FABRIC-SWATCHES-OS,,"Fabric Swatches Diverse, OS","no barcode, not SS27",CONSUMABLE,CONTINUITY
NO_BARCODE,cin7,STORAGE-FOLIE-OS,,"Folie, OS","no barcode, not SS27",CONSUMABLE,CONTINUITY
NO_BARCODE,cin7,STORAGE-FOREVER-SWATCHES-OS,,"Forever Swatches, OS","no barcode, not SS27",CONSUMABLE,CONTINUITY
NO_BARCODE,cin7,STORAGE-HANGTAGS-OS,,"Hangtags, OS","no barcode, not SS27",CONSUMABLE,CONTINUITY
NO_BARCODE,cin7,STORAGE-HOKKOH-SWATCHES-OS,,"Hokkoh Swatches, OS","no barcode, not SS27",CONSUMABLE,CONTINUITY
NO_BARCODE,cin7,STORAGE-IMPERFECT-EKSTRA-SJEKK-OS,,"Imperfect - Ekstra Sjekk, OS","no barcode, not SS27",CONSUMABLE,CONTINUITY
NO_BARCODE,cin7,STORAGE-IMPERFECT-MANGLER-SKU-OS,,"Imperfect - Mangler SKU, OS","no barcode, not SS27",CONSUMABLE,CONTINUITY
NO_BARCODE,cin7,STORAGE-JEANS-HENGERE-METALL-OS,,"Jeans Hengere Metall, OS","no barcode, not SS27",CONSUMABLE,CONTINUITY
NO_BARCODE,cin7,STORAGE-JENS-OS,,"Jens, OS","no barcode, not SS27",CONSUMABLE,CONTINUITY
NO_BARCODE,cin7,STORAGE-JENS-STOL-OS,,"Jens Stol, OS","no barcode, not SS27",CONSUMABLE,CONTINUITY
NO_BARCODE,cin7,STORAGE-Julepynt-OS,,"Julepynt, OS","no barcode, not SS27",CONSUMABLE,CONTINUITY
NO_BARCODE,cin7,STORAGE-KLESHENGER-BUKSE-OS,,"Kleshenger Bukse, OS","no barcode, not SS27",,
NO_BARCODE,cin7,STORAGE-KLESHENGER-EIK-OS,,"Kleshenger Eik, OS","no barcode, not SS27",CONSUMABLE,CONTINUITY
NO_BARCODE,cin7,STORAGE-KLESHENGER-EIK-STORE-OS,,"Kleshenger Eik Store, OS","no barcode, not SS27",,
NO_BARCODE,cin7,STORAGE-KLESHENGER-SORT-OS,,"Kleshenger Sort, OS","no barcode, not SS27",CONSUMABLE,CONTINUITY
NO_BARCODE,cin7,STORAGE-KLESKLYPER-OS,,"Klesklyper, OS","no barcode, not SS27",CONSUMABLE,CONTINUITY
NO_BARCODE,cin7,STORAGE-KLESPOSER-OS,,"Klesposer, OS","no barcode, not SS27",CONSUMABLE,CONTINUITY
NO_BARCODE,cin7,STORAGE-KLESPOSER-PLAST-OS,,"Klesposer Plast, OS","no barcode, not SS27",CONSUMABLE,CONTINUITY
NO_BARCODE,cin7,STORAGE-KLESRULLER-OS,,"Klesruller, OS","no barcode, not SS27",CONSUMABLE,CONTINUITY
NO_BARCODE,cin7,STORAGE-KONVOLUTT-OS,,"Livid Konvolutt, OS","no barcode, not SS27",CONSUMABLE,CONTINUITY
NO_BARCODE,cin7,STORAGE-KOWA-SWATCHES-OS,,"Kowa Swatches, OS","no barcode, not SS27",CONSUMABLE,CONTINUITY
NO_BARCODE,cin7,STORAGE-KUROKI-SWATCHES-OS,,"Kuroki Swatches, OS","no barcode, not SS27",CONSUMABLE,CONTINUITY
NO_BARCODE,cin7,STORAGE-LABDIPS-OS,,"Labdips, OS","no barcode, not SS27",CONSUMABLE,CONTINUITY
NO_BARCODE,cin7,STORAGE-LISAMA-DEFECTS-OS,,"Lisama Defects, OS","no barcode, not SS27",CONSUMABLE,CONTINUITY
NO_BARCODE,cin7,STORAGE-LIVID-KONVOLUTT-OS,,"Livid Konvolutt, OS","no barcode, not SS27",,
NO_BARCODE,cin7,STORAGE-LIVID-REKLAMASJONER-OS,,"Livid Reklamasjoner, OS","no barcode, not SS27",CONSUMABLE,CONTINUITY
NO_BARCODE,cin7,STORAGE-LYS-OS,,"Lys, OS","no barcode, not SS27",CONSUMABLE,CONTINUITY
NO_BARCODE,cin7,STORAGE-MICROTEX-SWATCHES-OS,,"Microtex Swatches, OS","no barcode, not SS27",CONSUMABLE,CONTINUITY
NO_BARCODE,cin7,STORAGE-OCTA-SWATCHES-OS,,"Octa Swatches, OS","no barcode, not SS27",CONSUMABLE,CONTINUITY
NO_BARCODE,cin7,STORAGE-OLE-EIVIND-SORTERING-OS,,"Ole Eivind Sortering, OS","no barcode, not SS27",CONSUMABLE,CONTINUITY
NO_BARCODE,cin7,STORAGE-OLMETEX-SWATCHES-OS,,"Olmetex Swatches, OS","no barcode, not SS27",CONSUMABLE,CONTINUITY
NO_BARCODE,cin7,STORAGE-PAST-VINTAGE-TAG-OS,,"PAST Vintage Tag, OS","no barcode, not SS27",CONSUMABLE,CONTINUITY
NO_BARCODE,cin7,STORAGE-PATTERNS-OS,,"Patterns, OS","no barcode, not SS27",CONSUMABLE,CONTINUITY
NO_BARCODE,cin7,STORAGE-PENNANT-REP-OS,,"Pennant Rep, OS","no barcode, not SS27",CONSUMABLE,CONTINUITY
NO_BARCODE,cin7,STORAGE-PONTOGLIO-1883-SWATCHES-OS,,"Pontoglio 1883 Swatches, OS","no barcode, not SS27",CONSUMABLE,CONTINUITY
NO_BARCODE,cin7,STORAGE-PRISTAGS-OS,,"Pristags, OS","no barcode, not SS27",CONSUMABLE,CONTINUITY
NO_BARCODE,cin7,STORAGE-REKLAMASJON-OS,,"Reklamasjon, OS","no barcode, not SS27",,
NO_BARCODE,cin7,STORAGE-RENHOLDSARTIKLER-OS,,"Renholdsartikler, OS","no barcode, not SS27",CONSUMABLE,CONTINUITY
NO_BARCODE,cin7,STORAGE-REPAIR-SERVICE-BOOKLET-OS,,"Repair Service Booklet, OS","no barcode, not SS27",CONSUMABLE,CONTINUITY
NO_BARCODE,cin7,STORAGE-SKAL-FIKSES-OS,,"Skal Fikses - Sendes til Fabrikk, OS","no barcode, not SS27",CONSUMABLE,CONTINUITY
NO_BARCODE,cin7,STORAGE-SKOLISSER-OS,,"Skolisser, OS","no barcode, not SS27",,
NO_BARCODE,cin7,STORAGE-SOMELOS-SWATCHES-OS,,"Somelos Swatches, OS","no barcode, not SS27",CONSUMABLE,CONTINUITY
NO_BARCODE,cin7,STORAGE-SS27-AVHOLDT-OS,,"SS27 Avholdt, OS","no barcode, not SS27",,
NO_BARCODE,cin7,STORAGE-STAND-TEPPE-OS,,"Stand - Teppe, OS","no barcode, not SS27",CONSUMABLE,CONTINUITY
NO_BARCODE,cin7,STORAGE-STORK-DEFECTS-FW25-OS,,"Stork Defects FW25, OS","no barcode, not SS27",,
NO_BARCODE,cin7,STORAGE-STRIKK-SWATCHES-OS,,"Strikk Swatches, OS","no barcode, not SS27",CONSUMABLE,CONTINUITY
NO_BARCODE,cin7,STORAGE-STYLING-OS,,"Styling, OS","no barcode, not SS27",CONSUMABLE,CONTINUITY
NO_BARCODE,cin7,STORAGE-STYLING-SKO-OS,,"Styling Sko, OS","no barcode, not SS27",CONSUMABLE,CONTINUITY
NO_BARCODE,cin7,STORAGE-SYMASKIN-OS,,"Symaskin, OS","no barcode, not SS27",CONSUMABLE,CONTINUITY
NO_BARCODE,cin7,STORAGE-TESSILBIELLA-SWATCHES-OS,,"Tessilbiella Swatches, OS","no barcode, not SS27",CONSUMABLE,CONTINUITY
NO_BARCODE,cin7,STORAGE-TEXGOIOS-SWATCHES-OS,,"Texgoios Swatches, OS","no barcode, not SS27",CONSUMABLE,CONTINUITY
NO_BARCODE,cin7,STORAGE-TRIMS-OS,,"Trims, OS","no barcode, not SS27",CONSUMABLE,CONTINUITY
NO_BARCODE,cin7,STORAGE-TRÅD-OS,,"Tråd, OS","no barcode, not SS27",CONSUMABLE,CONTINUITY
NO_BARCODE,cin7,STORAGE-UTSTILLINGSDUKKE-ARMER-OS,,"Utstillingsdukke - Armer, OS","no barcode, not SS27",CONSUMABLE,CONTINUITY
NO_BARCODE,cin7,Shipping - 1.  Porterbuddy levert på døren - i mor,,Shipping - 1.  Porterbuddy levert på døren - i morgen (torsd,"no barcode, not SS27",,
NO_BARCODE,cin7,Shipping - 1.  Porterbuddy levert på døren - om 2 ,,Shipping - 1.  Porterbuddy levert på døren - om 2 dager (ons,"no barcode, not SS27",,
NO_BARCODE,cin7,Shipping - 1.  Porterbuddy levert på døren - om 3 ,,Shipping - 1.  Porterbuddy levert på døren - om 3 dager (tir,"no barcode, not SS27",,
NO_BARCODE,cin7,Shipping - 2.  Porterbuddy levert på døren - om 4 ,,Shipping - 2.  Porterbuddy levert på døren - om 4 dager (ons,"no barcode, not SS27",,
NO_BARCODE,cin7,Shipping - Custom,,Shipping - Custom,"no barcode, not SS27",,
NO_BARCODE,cin7,Shipping - DHL Domestic Express,,Shipping - DHL Domestic Express,"no barcode, not SS27",,
NO_BARCODE,cin7,Shipping - DHL Domestic Express (Garantert hjemlev,,Shipping - DHL Domestic Express (Garantert hjemlevering før ,"no barcode, not SS27",,
NO_BARCODE,cin7,Shipping - DHL Domestic Express (Hjemlevering inne,,Shipping - DHL Domestic Express (Hjemlevering innen 1-2 dage,"no barcode, not SS27",,
NO_BARCODE,cin7,Shipping - DHL Economy (4-10 days delivery),,Shipping - DHL Economy (4-10 days delivery),"no barcode, not SS27",,
NO_BARCODE,cin7,Shipping - DHL Express,,Shipping - DHL Express,"no barcode, not SS27",,
NO_BARCODE,cin7,Shipping - DHL Express (1-2 day delivery),,Shipping - DHL Express (1-2 day delivery),"no barcode, not SS27",,
NO_BARCODE,cin7,Shipping - DHL Express (1-2 days delivery),,Shipping - DHL Express (1-2 days delivery),"no barcode, not SS27",,
NO_BARCODE,cin7,Shipping - DHL Express (2 days delivery),,Shipping - DHL Express (2 days delivery),"no barcode, not SS27",,
NO_BARCODE,cin7,Shipping - DHL Express (2-3 days delivery),,Shipping - DHL Express (2-3 days delivery),"no barcode, not SS27",,
NO_BARCODE,cin7,Shipping - DHL Express (2-5 days delivery),,Shipping - DHL Express (2-5 days delivery),"no barcode, not SS27",,
NO_BARCODE,cin7,Shipping - Free,,Shipping - Free,"no barcode, not SS27",,
NO_BARCODE,cin7,Shipping - Free Shipping,,Shipping - Free Shipping,"no barcode, not SS27",,
NO_BARCODE,cin7,Shipping - Livid Bergen,,Shipping - Livid Bergen,"no barcode, not SS27",,
NO_BARCODE,cin7,Shipping - Livid Oslo,,Shipping - Livid Oslo,"no barcode, not SS27",,
NO_BARCODE,cin7,Shipping - Livid Stavanger,,Shipping - Livid Stavanger,"no barcode, not SS27",,
NO_BARCODE,cin7,Shipping - Livid Trondheim,,Shipping - Livid Trondheim,"no barcode, not SS27",,
NO_BARCODE,cin7,Shipping - MyPack collect (1-3 dager levering. Hen,,Shipping - MyPack collect (1-3 dager levering. Hentes på nær,"no barcode, not SS27",,
NO_BARCODE,cin7,Shipping - MyPack collect (Garanterer IKKE leverin,,Shipping - MyPack collect (Garanterer IKKE levering før jul.,"no barcode, not SS27",,
NO_BARCODE,cin7,Shipping - Mypack Collect,,Shipping - Mypack Collect,"no barcode, not SS27",,
NO_BARCODE,cin7,Shipping - Mypack Collect (1-3 dager levering),,Shipping - Mypack Collect (1-3 dager levering),"no barcode, not SS27",,
NO_BARCODE,cin7,Shipping - Mypack Collect (Postnord),,Shipping - Mypack Collect (Postnord),"no barcode, not SS27",,
NO_BARCODE,cin7,Shipping - Past Løkka,,Shipping - Past Løkka,"no barcode, not SS27",,
NO_BARCODE,cin7,Shipping - Past Markveien,,Shipping - Past Markveien,"no barcode, not SS27",,
NO_BARCODE,cin7,Shipping - Pickup Løkka,,Shipping - Pickup Løkka,"no barcode, not SS27",,
NO_BARCODE,cin7,Shipping - Porterbuddy - automatisk Samlevert med ,,Shipping - Porterbuddy - automatisk Samlevert med kommende P,"no barcode, not SS27",,
NO_BARCODE,cin7,Shipping - Porterbuddy - levert på døren - i dag (,,Shipping - Porterbuddy - levert på døren - i dag (fredag) 19,"no barcode, not SS27",,
NO_BARCODE,cin7,Shipping - Porterbuddy - levert på døren - i morge,,Shipping - Porterbuddy - levert på døren - i morgen (mandag),"no barcode, not SS27",,
NO_BARCODE,cin7,Shipping - Porterbuddy - levert på døren - om 2 da,,Shipping - Porterbuddy - levert på døren - om 2 dager (tirsd,"no barcode, not SS27",,
NO_BARCODE,cin7,Shipping - Porterbuddy - levert på døren - om 3 da,,Shipping - Porterbuddy - levert på døren - om 3 dager (tirsd,"no barcode, not SS27",,
NO_BARCODE,cin7,Shipping - Porterbuddy - levert på døren - om 4 da,,Shipping - Porterbuddy - levert på døren - om 4 dager (tirsd,"no barcode, not SS27",,
NO_BARCODE,cin7,Shipping - Porterbuddy - levert på døren - om 5 da,,Shipping - Porterbuddy - levert på døren - om 5 dager (manda,"no barcode, not SS27",,
NO_BARCODE,cin7,Shipping - Porterbuddy levert på døren - i morgen ,,Shipping - Porterbuddy levert på døren - i morgen (onsdag) 1,"no barcode, not SS27",,
NO_BARCODE,cin7,Shipping - Porterbuddy levert på døren - om 2 dage,,Shipping - Porterbuddy levert på døren - om 2 dager (fredag),"no barcode, not SS27",,
NO_BARCODE,cin7,Shipping - Porterbuddy levert på døren - om 3 dage,,Shipping - Porterbuddy levert på døren - om 3 dager (tirsdag,"no barcode, not SS27",,
NO_BARCODE,cin7,Shipping - Postnord,,Shipping - Postnord,"no barcode, not SS27",,
NO_BARCODE,cin7,Shipping - Postnord (1-3 Virkedager),,Shipping - Postnord (1-3 Virkedager),"no barcode, not SS27",,
NO_BARCODE,cin7,Shipping - Postnord (1-3 dager levering. Hentes på,,Shipping - Postnord (1-3 dager levering. Hentes på nærmeste ,"no barcode, not SS27",,
NO_BARCODE,cin7,Shipping - Postnord (1-3 dager),,Shipping - Postnord (1-3 dager),"no barcode, not SS27",,
NO_BARCODE,cin7,Shipping - Postnord (1-3 virkedager levering. Hent,,Shipping - Postnord (1-3 virkedager levering. Hentes på nærm,"no barcode, not SS27",,
NO_BARCODE,cin7,Shipping - Send til butikk for henting Livid Berge,,"Shipping - Send til butikk for henting Livid Bergen, Galleri","no barcode, not SS27",,
NO_BARCODE,cin7,"Shipping - Send til butikk for henting Livid Oslo,",,"Shipping - Send til butikk for henting Livid Oslo, prinsens ","no barcode, not SS27",,
NO_BARCODE,cin7,Shipping - Send til butikk for henting Livid Stava,,"Shipping - Send til butikk for henting Livid Stavanger, Kirk","no barcode, not SS27",,
NO_BARCODE,cin7,Shipping - Send til butikk for henting Livid Trond,,"Shipping - Send til butikk for henting Livid Trondheim, Olav","no barcode, not SS27",,
NO_BARCODE,cin7,"Shipping - Send til butikk for henting Past Løkka,",,"Shipping - Send til butikk for henting Past Løkka, Markveien","no barcode, not SS27",,
NO_BARCODE,cin7,Shipping - Send til butikk for henting Past Stavan,,"Shipping - Send til butikk for henting Past Stavanger, Kirke","no barcode, not SS27",,
NO_BARCODE,cin7,Shipping - Shipping,,Shipping - Shipping,"no barcode, not SS27",,
NO_BARCODE,cin7,Shipping - Store pickup Livid Bergen (Klar omgåend,,Shipping - Store pickup Livid Bergen (Klar omgående dersom v,"no barcode, not SS27",,
NO_BARCODE,cin7,"Shipping - Store pickup Oslo, Prinsens gt. 3 (Klar",,"Shipping - Store pickup Oslo, Prinsens gt. 3 (Klar innen 4 t","no barcode, not SS27",,
NO_BARCODE,cin7,Shipping - Store pickup Oslo. Markveien 54 (Klar o,,"Shipping - Store pickup Oslo, Markveien 54 (Klar omgående de","no barcode, not SS27",,
NO_BARCODE,cin7,Shipping - Store pickup Oslo. Prinsens gt. 3 (Klar,,"Shipping - Store pickup Oslo, Prinsens gt. 3 (Klar omgående ","no barcode, not SS27",,
NO_BARCODE,cin7,Shipping - Store pickup Past Stavanger (Klar omgåe,,Shipping - Store pickup Past Stavanger (Klar omgående dersom,"no barcode, not SS27",,
NO_BARCODE,cin7,Shipping - Store pickup Steen & Strøm Pop-up),,Shipping - Store pickup Steen & Strøm Pop-up),"no barcode, not SS27",,
NO_BARCODE,cin7,Shipping - Store pickup Trondheim (Klar omgående d,,Shipping - Store pickup Trondheim (Klar omgående dersom vare,"no barcode, not SS27",,
NO_BARCODE,cin7,Shipping - UPS (1-2 business days. Collect at near,,Shipping - UPS (1-2 business days. Collect at nearest UPS pi,"no barcode, not SS27",,
NO_BARCODE,cin7,Shipping - UPS (Collect at nearest UPS pickup poin,,Shipping - UPS (Collect at nearest UPS pickup point),"no barcode, not SS27",,
NO_BARCODE,cin7,Shipping - UPS Economy (2-7 business days. Collect,,Shipping - UPS Economy (2-7 business days. Collect at neares,"no barcode, not SS27",,
NO_BARCODE,cin7,Shipping - UPS Economy (Collect at nearest UPS pic,,Shipping - UPS Economy (Collect at nearest UPS pickup point),"no barcode, not SS27",,
NO_BARCODE,cin7,Shipping - UPS Expedited (2-7 days delivery. Colle,,Shipping - UPS Expedited (2-7 days delivery. Collect at near,"no barcode, not SS27",,
NO_BARCODE,cin7,Shipping - UPS Expedited (Collect at nearest UPS d,,Shipping - UPS Expedited (Collect at nearest UPS drop point),"no barcode, not SS27",,
NO_BARCODE,cin7,Shipping - UPS Express,,Shipping - UPS Express,"no barcode, not SS27",,
NO_BARCODE,cin7,Shipping - UPS Express (1-2 business days. Collect,,Shipping - UPS Express (1-2 business days. Collect at neares,"no barcode, not SS27",,
NO_BARCODE,cin7,Shipping - UPS Express (2-3 business days. Collect,,Shipping - UPS Express (2-3 business days. Collect at neares,"no barcode, not SS27",,
NO_BARCODE,cin7,Shipping - UPS Express (2-5 business days. Collect,,Shipping - UPS Express (2-5 business days. Collect at neares,"no barcode, not SS27",,
NO_BARCODE,cin7,Shipping - UPS Express (Collect at nearest UPS pic,,Shipping - UPS Express (Collect at nearest UPS pickup point),"no barcode, not SS27",,
NO_BARCODE,cin7,Shipping - UPS Home Economy (Delivered to your hom,,Shipping - UPS Home Economy (Delivered to your home address),"no barcode, not SS27",,
NO_BARCODE,cin7,Shipping - UPS Home Expedited (Delivered to your h,,Shipping - UPS Home Expedited (Delivered to your home addres,"no barcode, not SS27",,
NO_BARCODE,cin7,Shipping - UPS Home Express,,Shipping - UPS Home Express,"no barcode, not SS27",,
NO_BARCODE,cin7,Shipping - UPS Home Express (Delivered to your hom,,Shipping - UPS Home Express (Delivered to your home address),"no barcode, not SS27",,
NO_BARCODE,cin7,Shipping -  1. Porterbuddy levert på døren - om 2 ,,Shipping -  1. Porterbuddy levert på døren - om 2 dager (tir,"no barcode, not SS27",,
NO_BARCODE,cin7,Shipping -  1. Porterbuddy levert på døren - om 3 ,,Shipping -  1. Porterbuddy levert på døren - om 3 dager (man,"no barcode, not SS27",,
NO_BARCODE,cin7,Shipping -  1.  Porterbuddy levert på døren - i da,,Shipping -  1.  Porterbuddy levert på døren - i dag (tirsdag,"no barcode, not SS27",,
NO_BARCODE,cin7,Shipping -  1.  Porterbuddy levert på døren - i mo,,Shipping -  1.  Porterbuddy levert på døren - i morgen (tors,"no barcode, not SS27",,
NO_BARCODE,cin7,Shipping -  1.  Porterbuddy levert på døren - om 2,,Shipping -  1.  Porterbuddy levert på døren - om 2 dager (ma,"no barcode, not SS27",,
NO_BARCODE,cin7,Shipping -  1.  Porterbuddy levert på døren - om 3,,Shipping -  1.  Porterbuddy levert på døren - om 3 dager (ma,"no barcode, not SS27",,
NO_BARCODE,cin7,Shipping -  1.  Porterbuddy levert på døren - om 4,,Shipping -  1.  Porterbuddy levert på døren - om 4 dager (ma,"no barcode, not SS27",,
NO_BARCODE,cin7,Shipping -  1.  Porterbuddy levert på døren - om 5,,Shipping -  1.  Porterbuddy levert på døren - om 5 dager (ma,"no barcode, not SS27",,
NO_BARCODE,cin7,Shipping -  1.  Porterbuddy levert på døren - om 6,,Shipping -  1.  Porterbuddy levert på døren - om 6 dager (to,"no barcode, not SS27",,
NO_BARCODE,cin7,Shipping -  1.  Porterbuddy levert på døren - om 7,,Shipping -  1.  Porterbuddy levert på døren - om 7 dager (ma,"no barcode, not SS27",,
NO_BARCODE,cin7,Shipping -  1.  Porterbuddy levert på døren - om 8,,Shipping -  1.  Porterbuddy levert på døren - om 8 dager (on,"no barcode, not SS27",,
NO_BARCODE,cin7,Shipping -  2. Porterbuddy levert på døren - i dag,,Shipping -  2. Porterbuddy levert på døren - i dag (torsdag),"no barcode, not SS27",,
NO_BARCODE,cin7,Shipping -  2. Porterbuddy levert på døren - om 4 ,,Shipping -  2. Porterbuddy levert på døren - om 4 dager (tir,"no barcode, not SS27",,
NO_BARCODE,cin7,Shipping -  2.  Porterbuddy levert på døren - i da,,Shipping -  2.  Porterbuddy levert på døren - i dag (onsdag),"no barcode, not SS27",,
NO_BARCODE,cin7,Shipping -  2.  Porterbuddy levert på døren - i mo,,Shipping -  2.  Porterbuddy levert på døren - i morgen (tirs,"no barcode, not SS27",,
NO_BARCODE,cin7,Shipping -  2.  Porterbuddy levert på døren - om 2,,Shipping -  2.  Porterbuddy levert på døren - om 2 dager (ma,"no barcode, not SS27",,
NO_BARCODE,cin7,Shipping -  2.  Porterbuddy levert på døren - om 3,,Shipping -  2.  Porterbuddy levert på døren - om 3 dager (fr,"no barcode, not SS27",,
NO_BARCODE,cin7,Shipping -  2.  Porterbuddy levert på døren - om 4,,Shipping -  2.  Porterbuddy levert på døren - om 4 dager (on,"no barcode, not SS27",,
NO_BARCODE,cin7,Shipping -  2.  Porterbuddy levert på døren - om 5,,Shipping -  2.  Porterbuddy levert på døren - om 5 dager (on,"no barcode, not SS27",,
NO_BARCODE,cin7,Shipping -  2.  Porterbuddy levert på døren - om 6,,Shipping -  2.  Porterbuddy levert på døren - om 6 dager (sø,"no barcode, not SS27",,
NO_BARCODE,cin7,Shipping -  2.  Porterbuddy levert på døren - om 7,,Shipping -  2.  Porterbuddy levert på døren - om 7 dager (ma,"no barcode, not SS27",,
NO_BARCODE,cin7,Shipping -  2.  Porterbuddy levert på døren - om 8,,Shipping -  2.  Porterbuddy levert på døren - om 8 dager (ma,"no barcode, not SS27",,
NO_BARCODE,cin7,Shipping -  3. Porterbuddy levert på døren - i mor,,Shipping -  3. Porterbuddy levert på døren - i morgen (tirsd,"no barcode, not SS27",,
NO_BARCODE,cin7,Shipping -  3.  Porterbuddy levert på døren - om 1,,Shipping -  3.  Porterbuddy levert på døren - om 10 dager (f,"no barcode, not SS27",,
NO_BARCODE,cin7,Shipping -  3.  Porterbuddy levert på døren - om 2,,Shipping -  3.  Porterbuddy levert på døren - om 2 dager (fr,"no barcode, not SS27",,
NO_BARCODE,cin7,Shipping -  3.  Porterbuddy levert på døren - om 3,,Shipping -  3.  Porterbuddy levert på døren - om 3 dager (ma,"no barcode, not SS27",,
NO_BARCODE,cin7,Shipping -  3.  Porterbuddy levert på døren - om 4,,Shipping -  3.  Porterbuddy levert på døren - om 4 dager (to,"no barcode, not SS27",,
NO_BARCODE,cin7,Shipping -  3.  Porterbuddy levert på døren - om 5,,Shipping -  3.  Porterbuddy levert på døren - om 5 dager (ti,"no barcode, not SS27",,
NO_BARCODE,cin7,Shipping -  3.  Porterbuddy levert på døren - om 6,,Shipping -  3.  Porterbuddy levert på døren - om 6 dager (to,"no barcode, not SS27",,
NO_BARCODE,cin7,Shipping -  3.  Porterbuddy levert på døren - om 7,,Shipping -  3.  Porterbuddy levert på døren - om 7 dager (ma,"no barcode, not SS27",,
NO_BARCODE,cin7,Shipping -  3.  Porterbuddy levert på døren - om 8,,Shipping -  3.  Porterbuddy levert på døren - om 8 dager (sø,"no barcode, not SS27",,
NO_BARCODE,cin7,Shipping -  4.  Porterbuddy levert på døren - om 1,,Shipping -  4.  Porterbuddy levert på døren - om 11 dager (t,"no barcode, not SS27",,
NO_BARCODE,cin7,Shipping -  4.  Porterbuddy levert på døren - om 3,,Shipping -  4.  Porterbuddy levert på døren - om 3 dager (ti,"no barcode, not SS27",,
NO_BARCODE,cin7,Shipping -  4.  Porterbuddy levert på døren - om 4,,Shipping -  4.  Porterbuddy levert på døren - om 4 dager (fr,"no barcode, not SS27",,
NO_BARCODE,cin7,Shipping -  4.  Porterbuddy levert på døren - om 5,,Shipping -  4.  Porterbuddy levert på døren - om 5 dager (ti,"no barcode, not SS27",,
NO_BARCODE,cin7,Shipping -  4.  Porterbuddy levert på døren - om 6,,Shipping -  4.  Porterbuddy levert på døren - om 6 dager (fr,"no barcode, not SS27",,
NO_BARCODE,cin7,Shipping -  4.  Porterbuddy levert på døren - om 7,,Shipping -  4.  Porterbuddy levert på døren - om 7 dager (fr,"no barcode, not SS27",,
NO_BARCODE,cin7,Shipping -  5.  Porterbuddy levert på døren - om 4,,Shipping -  5.  Porterbuddy levert på døren - om 4 dager (on,"no barcode, not SS27",,
NO_BARCODE,cin7,Shipping -  5.  Porterbuddy levert på døren - om 6,,Shipping -  5.  Porterbuddy levert på døren - om 6 dager (to,"no barcode, not SS27",,
NO_BARCODE,cin7,Shipping -  5.  Porterbuddy levert på døren - om 7,,Shipping -  5.  Porterbuddy levert på døren - om 7 dager (to,"no barcode, not SS27",,
NO_BARCODE,cin7,Shipping -  5.  Porterbuddy levert på døren - om 9,,Shipping -  5.  Porterbuddy levert på døren - om 9 dager (ti,"no barcode, not SS27",,
NO_BARCODE,cin7,Shipping -  6.  Porterbuddy levert på døren - om 1,,Shipping -  6.  Porterbuddy levert på døren - om 10 dager (m,"no barcode, not SS27",,
NO_BARCODE,cin7,Shipping -  6.  Porterbuddy levert på døren - om 7,,Shipping -  6.  Porterbuddy levert på døren - om 7 dager (ma,"no barcode, not SS27",,
NO_BARCODE,cin7,Shipping -  6.  Porterbuddy levert på døren - om 9,,Shipping -  6.  Porterbuddy levert på døren - om 9 dager (ma,"no barcode, not SS27",,
NO_BARCODE,cin7,Shipping refund,,Shipping refund,"no barcode, not SS27",,
NO_BARCODE,cin7,VN-ONLN-10022-OS,,Polo Ralph Lauren quarter-zip sweater (3XL),"no barcode, not SS27",,
NO_BARCODE,cin7,VN-ONLN-10023-OS,,Polo Jeans Ralph Lauren quarter-zip sweater (2XL),"no barcode, not SS27",MERCHANDISE,CONTINUITY
NO_BARCODE,cin7,VN-ONLN-10024-OS,,Polo Ralph Lauren quarter-zip sweater (L),"no barcode, not SS27",,
NO_BARCODE,cin7,VN-ONLN-10025-OS,,Chaps Ralph Lauren quarter-zip sweater (S),"no barcode, not SS27",MERCHANDISE,CONTINUITY
NO_BARCODE,cin7,VN-ONLN-10026-OS,,Chaps Ralph Lauren quarter-zip sweater (XL),"no barcode, not SS27",,
NO_BARCODE,cin7,VN-ONLN-10027-OS,,Tommy Hilfiger quarter-zip sweater (M),"no barcode, not SS27",,
NO_BARCODE,cin7,VN-ONLN-649,,Polo Ralph Lauren Rugby Shirt (XL),"no barcode, not SS27",,
NO_BARCODE,cin7,Vareprøver,,Vareprøver,"no barcode, not SS27",,
NO_BARCODE,cin7,testprod,,testprod,"no barcode, not SS27",,
NO_BARCODE,origio,2526-1208-511-L16,,M.O.P button 511 White,"no barcode, not SS27",MATERIAL,CONTINUITY
NO_BARCODE,origio,2526-1208-511-L18,,M.O.P button 511 White,"no barcode, not SS27",MATERIAL,CONTINUITY
NO_BARCODE,origio,2526-1208-5120-L18,,M.O.P button 5120 Trocas Smoke Brown,"no barcode, not SS27",MATERIAL,CONTINUITY
NO_BARCODE,origio,2526-1208-5120-L24,,M.O.P button 5120 Trocas Smoke Brown,"no barcode, not SS27",MATERIAL,CONTINUITY
NO_BARCODE,origio,2526-1208-5120-L32,,M.O.P button 5120 Trocas Smoke Brown,"no barcode, not SS27",MATERIAL,CONTINUITY
NO_BARCODE,origio,2526-1208-515-L16,,M.O.P button 515 Smoke,"no barcode, not SS27",MATERIAL,CONTINUITY
NO_BARCODE,origio,2526-1208-515-L18,,M.O.P button 515 Smoke,"no barcode, not SS27",MATERIAL,CONTINUITY
NO_BARCODE,origio,2526-1208-515-L20,,M.O.P button 515 Smoke,"no barcode, not SS27",MATERIAL,CONTINUITY
NO_BARCODE,origio,2526-1208-515-L24,,M.O.P button 515 Smoke,"no barcode, not SS27",MATERIAL,CONTINUITY
NO_BARCODE,origio,2526-1208-515-L28,,M.O.P button 515 Smoke,"no barcode, not SS27",MATERIAL,CONTINUITY
NO_BARCODE,origio,2526-1208-515-L32,,M.O.P button 515 Smoke,"no barcode, not SS27",MATERIAL,CONTINUITY
NO_BARCODE,origio,2526-1208-516-L18,,M.O.P button 516 White White,"no barcode, not SS27",MATERIAL,CONTINUITY
NO_BARCODE,origio,2526-1208-516-L20,,M.O.P button 516 White White,"no barcode, not SS27",MATERIAL,CONTINUITY
NO_BARCODE,origio,2526-1208-517-L16,,M.O.P button 517 White,"no barcode, not SS27",MATERIAL,CONTINUITY
NO_BARCODE,origio,2526-1208-517-L18,,M.O.P button 517 White,"no barcode, not SS27",MATERIAL,CONTINUITY
NO_BARCODE,origio,2526-1208-517-L20,,M.O.P button 517 White,"no barcode, not SS27",MATERIAL,CONTINUITY
NO_BARCODE,origio,2526-1208-517-L24,,M.O.P button 517 White,"no barcode, not SS27",MATERIAL,CONTINUITY
NO_BARCODE,origio,EXT-BKST-BST-MNKSD-42,,Boston Mink Suede,"no barcode, not SS27",MERCHANDISE,CONTINUITY
NO_BARCODE,origio,EXT-FRM-BDWSH-RFL,,Apothecary Body Wash Refill,"no barcode, not SS27",MERCHANDISE,CONTINUITY
NO_BARCODE,origio,EXT-FRM-GLSW-OS,,0405 Glass Wide,"no barcode, not SS27",MERCHANDISE,CONTINUITY
NO_BARCODE,origio,EXT-FRM-TWWHH-OS,,Heavy Towel Bone White Hand,"no barcode, not SS27",MERCHANDISE,CONTINUITY
NO_BARCODE,origio,EXT-HST-EML-OFGR-6,,Emilia Offwhite/Natural grey,"no barcode, not SS27",MERCHANDISE,CONTINUITY
NO_BARCODE,origio,EXT-HST-EML-OFGR-8,,Emilia Offwhite/Natural grey,"no barcode, not SS27",MERCHANDISE,CONTINUITY
NO_BARCODE,origio,EXT-HSTR-megan-6-6,,Megan Black,"no barcode, not SS27",MERCHANDISE,CONTINUITY
NO_BARCODE,origio,EXT-HSTR-megan-8-8,,Megan Black,"no barcode, not SS27",MERCHANDISE,CONTINUITY
NO_BARCODE,origio,EXT-KEEN-JAS-BB-40.5,,Jasper Black/Black,"no barcode, not SS27",MERCHANDISE,CONTINUITY
NO_BARCODE,origio,EXT-PF-4-INCN-OS,,Teakwood and Tobacco Incense,"no barcode, not SS27",MERCHANDISE,CONTINUITY
NO_BARCODE,origio,EXT-PF-PIN125-OS,,Piñon 12.5 Oz Candle - feil sku,"no barcode, not SS27",MERCHANDISE,CONTINUITY
NO_BARCODE,origio,EXT-PNT-YS1025NV-L,,Thornham FW25 Navy Fleck,"no barcode, not SS27",MERCHANDISE,CONTINUITY
NO_BARCODE,origio,EXT-PR-AVR-VLGR-8.5,,Avoriaz Velours Graphite,"no barcode, not SS27",MERCHANDISE,CONTINUITY
NO_BARCODE,origio,EXT-PR-AVR-VLGR-9.5,,Avoriaz Velours Graphite,"no barcode, not SS27",MERCHANDISE,CONTINUITY
NO_BARCODE,origio,EXT-RW-3140-10,,3140 Classic Chukka,"no barcode, not SS27",MERCHANDISE,CONTINUITY
NO_BARCODE,origio,EXT-RW-3141-10,,3141 Chukka Briar Oil Slick,"no barcode, not SS27",MERCHANDISE,CONTINUITY
NO_BARCODE,origio,EXT-RW-3141-11.5,,3141 Chukka Briar Oil Slick,"no barcode, not SS27",MERCHANDISE,CONTINUITY
NO_BARCODE,origio,EXT-RW-3141-8.6,,3141 Chukka Briar Oil Slick,"no barcode, not SS27",MERCHANDISE,CONTINUITY
NO_BARCODE,origio,EXT-RW-3141-9,,3141 Chukka Briar Oil Slick,"no barcode, not SS27",MERCHANDISE,CONTINUITY
NO_BARCODE,origio,EXT-RW-875-10,,875 Classic Moc,"no barcode, not SS27",MERCHANDISE,CONTINUITY
NO_BARCODE,origio,EXT-RW-875-10.5,,875 Classic Moc,"no barcode, not SS27",MERCHANDISE,CONTINUITY
NO_BARCODE,origio,EXT-RW-875-11.5,,875 Classic Moc,"no barcode, not SS27",MERCHANDISE,CONTINUITY
NO_BARCODE,origio,EXT-RW-875-8,,875 Classic Moc,"no barcode, not SS27",MERCHANDISE,CONTINUITY
NO_BARCODE,origio,EXT-RW-875-9,,875 Classic Moc,"no barcode, not SS27",MERCHANDISE,CONTINUITY
NO_BARCODE,origio,EXT-RW-875-9.5,,875 Classic Moc,"no barcode, not SS27",MERCHANDISE,CONTINUITY
NO_BARCODE,origio,EXT-ST-CRSSM3-SG-OS,,Cirrus No. 3 Iron Steamer - Sage,"no barcode, not SS27",MERCHANDISE,CONTINUITY
NO_BARCODE,origio,GFTWRP,,Gift Wrap,"no barcode, not SS27",SERVICE,CONTINUITY
NO_BARCODE,origio,LIV-ADNOX-WHT-L,,White Ox,"no barcode, not SS27",MERCHANDISE,CONTINUITY
NO_BARCODE,origio,LIV-ADNOX-WHT-M,,White Ox,"no barcode, not SS27",MERCHANDISE,CONTINUITY
NO_BARCODE,origio,LIV-ADNOX-WHT-S,,White Ox,"no barcode, not SS27",MERCHANDISE,CONTINUITY
NO_BARCODE,origio,LIV-ADNOX-WHT-XS,,White Ox,"no barcode, not SS27",MERCHANDISE,CONTINUITY
NO_BARCODE,origio,LIV-ADNPP-BL-CHCK-L,,Blue Check Pop,"no barcode, not SS27",MERCHANDISE,CONTINUITY
NO_BARCODE,origio,LIV-ADNPP-BL-CHCK-M,,Blue Check Pop,"no barcode, not SS27",MERCHANDISE,CONTINUITY
NO_BARCODE,origio,LIV-ADNPP-BL-CHCK-S,,Blue Check Pop,"no barcode, not SS27",MERCHANDISE,CONTINUITY
NO_BARCODE,origio,LIV-ADNPP-BL-CHCK-XS,,Blue Check Pop,"no barcode, not SS27",MERCHANDISE,CONTINUITY
NO_BARCODE,origio,LIV-ADNPP-BRWN-STRP-L,,Brown Stripe Pop,"no barcode, not SS27",MERCHANDISE,CONTINUITY
NO_BARCODE,origio,LIV-ADNPP-BRWN-STRP-M,,Brown Stripe Pop,"no barcode, not SS27",MERCHANDISE,CONTINUITY
NO_BARCODE,origio,LIV-ADNPP-BRWN-STRP-S,,Brown Stripe Pop,"no barcode, not SS27",MERCHANDISE,CONTINUITY
NO_BARCODE,origio,LIV-ADNPP-BRWN-STRP-XS,,Brown Stripe Pop,"no barcode, not SS27",MERCHANDISE,CONTINUITY
NO_BARCODE,origio,LIV-AR-BLCK-L,,Aria Black,"no barcode, not SS27",MERCHANDISE,CONTINUITY
NO_BARCODE,origio,LIV-AR-BLCK-M,,Aria Black,"no barcode, not SS27",MERCHANDISE,CONTINUITY
NO_BARCODE,origio,LIV-AR-BLCK-S,,Aria Black,"no barcode, not SS27",MERCHANDISE,CONTINUITY
NO_BARCODE,origio,LIV-AR-BLCK-XL,,Aria Black,"no barcode, not SS27",MERCHANDISE,CONTINUITY
NO_BARCODE,origio,LIV-AR-BLCK-XS,,Aria Black,"no barcode, not SS27",MERCHANDISE,CONTINUITY
NO_BARCODE,origio,LIV-BAL-CTNT-L,,Bale Chestnut Casentino,"no barcode, not SS27",MERCHANDISE,CONTINUITY
NO_BARCODE,origio,LIV-BAL-CTNT-M,,Bale Chestnut Casentino,"no barcode, not SS27",MERCHANDISE,CONTINUITY
NO_BARCODE,origio,LIV-BAL-CTNT-XS/S,,Bale Chestnut Casentino,"no barcode, not SS27",MERCHANDISE,CONTINUITY
NO_BARCODE,origio,LIV-BLK-BLCK-M/L,,Black,"no barcode, not SS27",MERCHANDISE,"CONTINUITY,FW26"
NO_BARCODE,origio,LIV-BLK-BLCK-S,,Black,"no barcode, not SS27",MERCHANDISE,"CONTINUITY,FW26"
NO_BARCODE,origio,LIV-BLK-BLCK-XL,,Black,"no barcode, not SS27",MERCHANDISE,"CONTINUITY,FW26"
NO_BARCODE,origio,LIV-BRKL-BG-CHCK-L,,Barkle Beige Check,"no barcode, not SS27",MERCHANDISE,CONTINUITY
NO_BARCODE,origio,LIV-BRKL-BG-CHCK-M,,Barkle Beige Check,"no barcode, not SS27",MERCHANDISE,CONTINUITY
NO_BARCODE,origio,LIV-BRKL-BG-CHCK-XL,,Barkle Beige Check,"no barcode, not SS27",MERCHANDISE,CONTINUITY
NO_BARCODE,origio,LIV-BRKL-BG-CHCK-XS/S,,Barkle Beige Check,"no barcode, not SS27",MERCHANDISE,CONTINUITY
NO_BARCODE,origio,LIV-BRKL-BLCK-L,,Barkle Black Casentino,"no barcode, not SS27",MERCHANDISE,CONTINUITY
NO_BARCODE,origio,LIV-BRKL-BLCK-M,,Barkle Black Casentino,"no barcode, not SS27",MERCHANDISE,CONTINUITY
NO_BARCODE,origio,LIV-BRKL-BLCK-XL,,Barkle Black Casentino,"no barcode, not SS27",MERCHANDISE,CONTINUITY
NO_BARCODE,origio,LIV-BRKL-BLCK-XS/S,,Barkle Black Casentino,"no barcode, not SS27",MERCHANDISE,CONTINUITY
NO_BARCODE,origio,LIV-BRNS-JPN-GRVL-3834,,Barnes Japan Gravel,"no barcode, not SS27",MERCHANDISE,CONTINUITY
NO_BARCODE,origio,LIV-BWSR-BLCK-L,,Bowser Black,"no barcode, not SS27",MERCHANDISE,CONTINUITY
NO_BARCODE,origio,LIV-BWSR-BLCK-XL,,Bowser Black,"no barcode, not SS27",MERCHANDISE,CONTINUITY
NO_BARCODE,origio,LIV-CNNLY-BRWN-CRD-2XL,,Connely Brown Cord,"no barcode, not SS27",MERCHANDISE,CONTINUITY
NO_BARCODE,origio,LIV-CNNLY-BRWN-CRD-L,,Connely Brown Cord,"no barcode, not SS27",MERCHANDISE,CONTINUITY
NO_BARCODE,origio,LIV-CNNLY-BRWN-CRD-XL,,Connely Brown Cord,"no barcode, not SS27",MERCHANDISE,CONTINUITY
NO_BARCODE,origio,LIV-CRNN-BG-YK-M/L,,Corinne Beige Yak,"no barcode, not SS27",MERCHANDISE,CONTINUITY
NO_BARCODE,origio,LIV-CRNN-BG-YK-XS/S,,Corinne Beige Yak,"no barcode, not SS27",MERCHANDISE,CONTINUITY
NO_BARCODE,origio,LIV-DYR-CHRCL-L,,Dyer Charcoal,"no barcode, not SS27",MERCHANDISE,CONTINUITY
NO_BARCODE,origio,LIV-DYR-CHRCL-M,,Dyer Charcoal,"no barcode, not SS27",MERCHANDISE,CONTINUITY
NO_BARCODE,origio,LIV-DYR-CHRCL-XL,,Dyer Charcoal,"no barcode, not SS27",MERCHANDISE,CONTINUITY
NO_BARCODE,origio,LIV-EBL-BLCK-L,,Ebela Black,"no barcode, not SS27",MERCHANDISE,CONTINUITY
NO_BARCODE,origio,LIV-EBL-BLCK-M,,Ebela Black,"no barcode, not SS27",MERCHANDISE,CONTINUITY
NO_BARCODE,origio,LIV-EBL-BLCK-S,,Ebela Black,"no barcode, not SS27",MERCHANDISE,CONTINUITY
NO_BARCODE,origio,LIV-EBL-BLCK-XL,,Ebela Black,"no barcode, not SS27",MERCHANDISE,CONTINUITY
NO_BARCODE,origio,LIV-EBL-BRWN-L,,Ebela Brown,"no barcode, not SS27",MERCHANDISE,CONTINUITY
NO_BARCODE,origio,LIV-EBL-BRWN-M,,Ebela Brown,"no barcode, not SS27",MERCHANDISE,CONTINUITY
NO_BARCODE,origio,LIV-EBL-BRWN-S,,Ebela Brown,"no barcode, not SS27",MERCHANDISE,CONTINUITY
NO_BARCODE,origio,LIV-EBL-BRWN-XS,,Ebela Brown,"no barcode, not SS27",MERCHANDISE,CONTINUITY
NO_BARCODE,origio,LIV-FDL-BK-L,,Feedly Black Casentino,"no barcode, not SS27",MERCHANDISE,CONTINUITY
NO_BARCODE,origio,LIV-FDL-BK-M,,Feedly Black Casentino,"no barcode, not SS27",MERCHANDISE,CONTINUITY
NO_BARCODE,origio,LIV-FDL-BK-S,,Feedly Black Casentino,"no barcode, not SS27",MERCHANDISE,CONTINUITY
NO_BARCODE,origio,LIV-FDL-BK-XL,,Feedly Black Casentino,"no barcode, not SS27",MERCHANDISE,CONTINUITY
NO_BARCODE,origio,LIV-HG-MLK-M,,Hugo Milk,"no barcode, not SS27",MERCHANDISE,CONTINUITY
NO_BARCODE,origio,LIV-HG-MLK-S,,Hugo Milk,"no barcode, not SS27",MERCHANDISE,CONTINUITY
NO_BARCODE,origio,LIV-HG-MLK-XL,,Hugo Milk,"no barcode, not SS27",MERCHANDISE,CONTINUITY
NO_BARCODE,origio,LIV-HYSJKT-BK-XL,,Hayes Suit Jacket Black,"no barcode, not SS27",MERCHANDISE,CONTINUITY
NO_BARCODE,origio,LIV-HYSJKT-STRP-M,,Hayes Suit Jacket Stripe,"no barcode, not SS27",MERCHANDISE,CONTINUITY
NO_BARCODE,origio,LIV-HYSJKT-STRP-XL,,Hayes Suit Jacket Stripe,"no barcode, not SS27",MERCHANDISE,CONTINUITY
NO_BARCODE,origio,LIV-IMP-ADS-OS,,Imperfect Addison,"no barcode, not SS27",AGGREGATE,CONTINUITY
NO_BARCODE,origio,LIV-IMP-AN-OS,,Imperfect Ann,"no barcode, not SS27",AGGREGATE,CONTINUITY
NO_BARCODE,origio,LIV-IMP-AV-OS,,Imperfect Ava,"no barcode, not SS27",AGGREGATE,CONTINUITY
NO_BARCODE,origio,LIV-IMP-BLY-OS,,Imperfect Bailey,"no barcode, not SS27",AGGREGATE,CONTINUITY
NO_BARCODE,origio,LIV-IMP-BRNS-OS,,Imperfect Barnes,"no barcode, not SS27",AGGREGATE,CONTINUITY
NO_BARCODE,origio,LIV-IMP-DNE-OS,,Imperfect Dune,"no barcode, not SS27",AGGREGATE,CONTINUITY
NO_BARCODE,origio,LIV-IMP-EDV-OS,,Imperfect Edvard,"no barcode, not SS27",AGGREGATE,CONTINUITY
NO_BARCODE,origio,LIV-IMP-ELA-OS,,Imperfect Ella,"no barcode, not SS27",AGGREGATE,CONTINUITY
NO_BARCODE,origio,LIV-IMP-EMR-OS,,Imperfect Emerson,"no barcode, not SS27",AGGREGATE,CONTINUITY
NO_BARCODE,origio,LIV-IMP-FYE-OS,,Imperfect Faye,"no barcode, not SS27",AGGREGATE,CONTINUITY
NO_BARCODE,origio,LIV-IMP-JNE-OS,,Imperfect Jone,"no barcode, not SS27",AGGREGATE,CONTINUITY
NO_BARCODE,origio,LIV-IMP-JNOTHR-OS,,Imperfect Jeans Other,"no barcode, not SS27",AGGREGATE,CONTINUITY
NO_BARCODE,origio,LIV-IMP-LVE-OS,,Imperfect Live,"no barcode, not SS27",AGGREGATE,CONTINUITY
NO_BARCODE,origio,LIV-IMP-VR-OS,,Imperfect Vår,"no barcode, not SS27",AGGREGATE,CONTINUITY
NO_BARCODE,origio,LIV-JNE-TRSR-HP-NV-W31-L34,,Jone Japan Navy Trousers (SS19) W31 -,"no barcode, not SS27",MERCHANDISE,CONTINUITY
NO_BARCODE,origio,LIV-KLLROVD-MD-2XL,,Chestnut Overdye,"no barcode, not SS27",MERCHANDISE,CONTINUITY
NO_BARCODE,origio,LIV-KLLROVD-MD-L,,Chestnut Overdye,"no barcode, not SS27",MERCHANDISE,CONTINUITY
NO_BARCODE,origio,LIV-KLLROVD-MD-M,,Chestnut Overdye,"no barcode, not SS27",MERCHANDISE,CONTINUITY
NO_BARCODE,origio,LIV-KLLROVD-MD-S,,Chestnut Overdye,"no barcode, not SS27",MERCHANDISE,CONTINUITY
NO_BARCODE,origio,LIV-KLLROVD-MD-XL,,Chestnut Overdye,"no barcode, not SS27",MERCHANDISE,CONTINUITY
NO_BARCODE,origio,LIV-KLLROVD-PTTY-2XL,,Nelson Putty Overdye,"no barcode, not SS27",MERCHANDISE,CONTINUITY
NO_BARCODE,origio,LIV-KLLROVD-PTTY-L,,Nelson Putty Overdye,"no barcode, not SS27",MERCHANDISE,CONTINUITY
NO_BARCODE,origio,LIV-KLLROVD-PTTY-M,,Nelson Putty Overdye,"no barcode, not SS27",MERCHANDISE,CONTINUITY
NO_BARCODE,origio,LIV-KLLROVD-PTTY-S,,Nelson Putty Overdye,"no barcode, not SS27",MERCHANDISE,CONTINUITY
NO_BARCODE,origio,LIV-KLLRSTRP-RD-2XL,,Red Stripe,"no barcode, not SS27",MERCHANDISE,CONTINUITY
NO_BARCODE,origio,LIV-KLLRSTRP-RD-L,,Red Stripe,"no barcode, not SS27",MERCHANDISE,CONTINUITY
NO_BARCODE,origio,LIV-KLLRSTRP-RD-M,,Red Stripe,"no barcode, not SS27",MERCHANDISE,CONTINUITY
NO_BARCODE,origio,LIV-KLLRSTRP-RD-S,,Red Stripe,"no barcode, not SS27",MERCHANDISE,CONTINUITY
NO_BARCODE,origio,LIV-KLLRSTRP-RD-XL,,Red Stripe,"no barcode, not SS27",MERCHANDISE,CONTINUITY
NO_BARCODE,origio,LIV-KNEMB-LNN-BLCK-FNGS-L,,Heavy Linen Black Fungus,"no barcode, not SS27",MERCHANDISE,CONTINUITY
NO_BARCODE,origio,LIV-KNEMB-LNN-BLCK-FNGS-M,,Heavy Linen Black Fungus,"no barcode, not SS27",MERCHANDISE,CONTINUITY
NO_BARCODE,origio,LIV-KNEMB-LNN-BLCK-FNGS-S,,Heavy Linen Black Fungus,"no barcode, not SS27",MERCHANDISE,CONTINUITY
NO_BARCODE,origio,LIV-KNEMB-LNN-BLCK-FNGS-XL,,Heavy Linen Black Fungus,"no barcode, not SS27",MERCHANDISE,CONTINUITY
NO_BARCODE,origio,LIV-KNLSE-GRN-2XL,,Green Loose,"no barcode, not SS27",MERCHANDISE,CONTINUITY
NO_BARCODE,origio,LIV-KNLSE-GRN-L,,Green Loose,"no barcode, not SS27",MERCHANDISE,CONTINUITY
NO_BARCODE,origio,LIV-KNLSE-GRN-M,,Green Loose,"no barcode, not SS27",MERCHANDISE,CONTINUITY
NO_BARCODE,origio,LIV-KNLSE-GRN-S,,Green Loose,"no barcode, not SS27",MERCHANDISE,CONTINUITY
NO_BARCODE,origio,LIV-KNLSE-GRN-XL,,Green Loose,"no barcode, not SS27",MERCHANDISE,CONTINUITY
NO_BARCODE,origio,LIV-KNLSE-NVY-2XL,,Navy Loose,"no barcode, not SS27",MERCHANDISE,CONTINUITY
NO_BARCODE,origio,LIV-KNLSE-NVY-L,,Navy Loose,"no barcode, not SS27",MERCHANDISE,CONTINUITY
NO_BARCODE,origio,LIV-KNLSE-NVY-M,,Navy Loose,"no barcode, not SS27",MERCHANDISE,CONTINUITY
NO_BARCODE,origio,LIV-KNLSE-NVY-XL,,Navy Loose,"no barcode, not SS27",MERCHANDISE,CONTINUITY
NO_BARCODE,origio,LIV-KNPOP-RW-BL-CHCK-L,,Raw Blue Check Pop,"no barcode, not SS27",MERCHANDISE,CONTINUITY
NO_BARCODE,origio,LIV-KNPOP-RW-BL-CHCK-M,,Raw Blue Check Pop,"no barcode, not SS27",MERCHANDISE,CONTINUITY
NO_BARCODE,origio,LIV-KNPOP-RW-BL-CHCK-S,,Raw Blue Check Pop,"no barcode, not SS27",MERCHANDISE,CONTINUITY
NO_BARCODE,origio,LIV-KNPOP-RW-BL-CHCK-XL,,Raw Blue Check Pop,"no barcode, not SS27",MERCHANDISE,CONTINUITY
NO_BARCODE,origio,LIV-KNPOP-RW-BRWN-STRP-L,,Keen Raw Brown Stripe Pop,"no barcode, not SS27",MERCHANDISE,CONTINUITY
NO_BARCODE,origio,LIV-KNPOP-RW-BRWN-STRP-S,,Keen Raw Brown Stripe Pop,"no barcode, not SS27",MERCHANDISE,CONTINUITY
NO_BARCODE,origio,LIV-KNPOP-RW-BRWN-STRP-XL,,Keen Raw Brown Stripe Pop,"no barcode, not SS27",MERCHANDISE,CONTINUITY
NO_BARCODE,origio,LIV-LFTY MLSKN-FRST-2XL,,Lefty Forest Moleskin,"no barcode, not SS27",MERCHANDISE,CONTINUITY
NO_BARCODE,origio,LIV-LFTY MLSKN-FRST-L,,Lefty Forest Moleskin,"no barcode, not SS27",MERCHANDISE,CONTINUITY
NO_BARCODE,origio,LIV-LFTY MLSKN-FRST-M,,Lefty Forest Moleskin,"no barcode, not SS27",MERCHANDISE,CONTINUITY
NO_BARCODE,origio,LIV-LFTY MLSKN-FRST-S,,Lefty Forest Moleskin,"no barcode, not SS27",MERCHANDISE,CONTINUITY
NO_BARCODE,origio,LIV-LFTY MLSKN-FRST-XL,,Lefty Forest Moleskin,"no barcode, not SS27",MERCHANDISE,CONTINUITY
NO_BARCODE,origio,LIV-LFTY MLSKN-MD-2XL,,Lefty Mud Moleskin,"no barcode, not SS27",MERCHANDISE,CONTINUITY
NO_BARCODE,origio,LIV-LFTY MLSKN-MD-L,,Lefty Mud Moleskin,"no barcode, not SS27",MERCHANDISE,CONTINUITY
NO_BARCODE,origio,LIV-LFTY MLSKN-MD-M,,Lefty Mud Moleskin,"no barcode, not SS27",MERCHANDISE,CONTINUITY
NO_BARCODE,origio,LIV-LFTY MLSKN-MD-S,,Lefty Mud Moleskin,"no barcode, not SS27",MERCHANDISE,CONTINUITY
NO_BARCODE,origio,LIV-LFTY MLSKN-MD-XL,,Lefty Mud Moleskin,"no barcode, not SS27",MERCHANDISE,CONTINUITY
NO_BARCODE,origio,LIV-LFTY-RD-CHCK-2XL,,Lefty Red Check,"no barcode, not SS27",MERCHANDISE,CONTINUITY
NO_BARCODE,origio,LIV-LFTY-RD-CHCK-L,,Lefty Red Check,"no barcode, not SS27",MERCHANDISE,CONTINUITY
NO_BARCODE,origio,LIV-LFTY-RD-CHCK-M,,Lefty Red Check,"no barcode, not SS27",MERCHANDISE,CONTINUITY
NO_BARCODE,origio,LIV-LFTY-RD-CHCK-S,,Lefty Red Check,"no barcode, not SS27",MERCHANDISE,CONTINUITY
NO_BARCODE,origio,LIV-LFTY-RD-CHCK-XL,,Lefty Red Check,"no barcode, not SS27",MERCHANDISE,CONTINUITY
NO_BARCODE,origio,LIV-LM-STRP-L,,Stripe,"no barcode, not SS27",MERCHANDISE,CONTINUITY
NO_BARCODE,origio,LIV-LM-STRP-M,,Stripe,"no barcode, not SS27",MERCHANDISE,CONTINUITY
NO_BARCODE,origio,LIV-LM-STRP-S,,Stripe,"no barcode, not SS27",MERCHANDISE,CONTINUITY
NO_BARCODE,origio,LIV-LM-STRP-XL,,Stripe,"no barcode, not SS27",MERCHANDISE,CONTINUITY
NO_BARCODE,origio,LIV-LM-STRP-XS,,Stripe,"no barcode, not SS27",MERCHANDISE,CONTINUITY
NO_BARCODE,origio,LIV-M-K-JPN-BLCK-2832--merged-a044525f,,Japan Black,"no barcode, not SS27",MERCHANDISE,
NO_BARCODE,origio,LIV-M-K-JPN-BLCK-2932--merged-a044525f,,Japan Black,"no barcode, not SS27",MERCHANDISE,
NO_BARCODE,origio,LIV-M-K-JPN-BLCK-3032--merged-a044525f,,Japan Black,"no barcode, not SS27",MERCHANDISE,
NO_BARCODE,origio,LIV-M-K-JPN-BLCK-3034--merged-a044525f,,Japan Black,"no barcode, not SS27",MERCHANDISE,
NO_BARCODE,origio,LIV-M-K-JPN-BLCK-3132--merged-a044525f,,Japan Black,"no barcode, not SS27",MERCHANDISE,
NO_BARCODE,origio,LIV-M-K-JPN-BLCK-3134--merged-a044525f,,Japan Black,"no barcode, not SS27",MERCHANDISE,
NO_BARCODE,origio,LIV-M-K-JPN-BLCK-3232--merged-a044525f,,Japan Black,"no barcode, not SS27",MERCHANDISE,
NO_BARCODE,origio,LIV-M-K-JPN-BLCK-3234--merged-a044525f,,Japan Black,"no barcode, not SS27",MERCHANDISE,
NO_BARCODE,origio,LIV-M-K-JPN-BLCK-3332--merged-a044525f,,Japan Black,"no barcode, not SS27",MERCHANDISE,
NO_BARCODE,origio,LIV-M-K-JPN-BLCK-3334--merged-a044525f,,Japan Black,"no barcode, not SS27",MERCHANDISE,
NO_BARCODE,origio,LIV-M-K-JPN-BLCK-3432--merged-a044525f,,Japan Black,"no barcode, not SS27",MERCHANDISE,
NO_BARCODE,origio,LIV-M-K-JPN-BLCK-3434--merged-a044525f,,Japan Black,"no barcode, not SS27",MERCHANDISE,
NO_BARCODE,origio,LIV-M-K-JPN-BLCK-3632--merged-a044525f,,Japan Black,"no barcode, not SS27",MERCHANDISE,
NO_BARCODE,origio,LIV-M-K-JPN-BLCK-3634--merged-a044525f,,Japan Black,"no barcode, not SS27",MERCHANDISE,
NO_BARCODE,origio,LIV-M-K-JPN-BLCK-3834--merged-a044525f,,Japan Black,"no barcode, not SS27",MERCHANDISE,
NO_BARCODE,origio,LIV-ML-MD-L,,Mud,"no barcode, not SS27",MERCHANDISE,CONTINUITY
NO_BARCODE,origio,LIV-ML-MD-M,,Mud,"no barcode, not SS27",MERCHANDISE,CONTINUITY
NO_BARCODE,origio,LIV-ML-MD-S,,Mud,"no barcode, not SS27",MERCHANDISE,CONTINUITY
NO_BARCODE,origio,LIV-N-CHSTNT-L,,Chestnut,"no barcode, not SS27",MERCHANDISE,CONTINUITY
NO_BARCODE,origio,LIV-N-CHSTNT-M,,Chestnut,"no barcode, not SS27",MERCHANDISE,CONTINUITY
NO_BARCODE,origio,LIV-N-CHSTNT-S,,Chestnut,"no barcode, not SS27",MERCHANDISE,CONTINUITY
NO_BARCODE,origio,LIV-N-CHSTNT-XL,,Chestnut,"no barcode, not SS27",MERCHANDISE,CONTINUITY
NO_BARCODE,origio,LIV-N-CHSTNT-XS,,Chestnut,"no barcode, not SS27",MERCHANDISE,CONTINUITY
NO_BARCODE,origio,LIV-NDL-RVRS-BTTR-DBLY-S,,Needle Reverse Butter Doubleye,"no barcode, not SS27",MERCHANDISE,CONTINUITY
NO_BARCODE,origio,LIV-NDL-RVRS-FRST-DBLDY-L,,Needle Reverse Forest Doubledye,"no barcode, not SS27",MERCHANDISE,CONTINUITY
NO_BARCODE,origio,LIV-NDL-RVRS-FRST-DBLDY-M,,Needle Reverse Forest Doubledye,"no barcode, not SS27",MERCHANDISE,CONTINUITY
NO_BARCODE,origio,LIV-NDL-RVRS-FRST-DBLDY-S,,Needle Reverse Forest Doubledye,"no barcode, not SS27",MERCHANDISE,CONTINUITY
NO_BARCODE,origio,LIV-NLN-BLCK-S,,Nolan Black,"no barcode, not SS27",MERCHANDISE,CONTINUITY
NO_BARCODE,origio,LIV-NLN-BLCK-XL,,Nolan Black,"no barcode, not SS27",MERCHANDISE,CONTINUITY
NO_BARCODE,origio,LIV-NLSN-CHRCL-2XL,,Nelson Charcoal,"no barcode, not SS27",MERCHANDISE,CONTINUITY
NO_BARCODE,origio,LIV-NLSN-CHRCL-L,,Nelson Charcoal,"no barcode, not SS27",MERCHANDISE,CONTINUITY
NO_BARCODE,origio,LIV-NLSN-CHRCL-M,,Nelson Charcoal,"no barcode, not SS27",MERCHANDISE,CONTINUITY
NO_BARCODE,origio,LIV-NLSN-CHRCL-S,,Nelson Charcoal,"no barcode, not SS27",MERCHANDISE,CONTINUITY
NO_BARCODE,origio,LIV-NLSN-STRNG-2XL,,String,"no barcode, not SS27",MERCHANDISE,CONTINUITY
NO_BARCODE,origio,LIV-NLSN-STRNG-L,,String,"no barcode, not SS27",MERCHANDISE,CONTINUITY
NO_BARCODE,origio,LIV-NLSN-STRNG-M,,String,"no barcode, not SS27",MERCHANDISE,CONTINUITY
NO_BARCODE,origio,LIV-NLSN-STRNG-S,,String,"no barcode, not SS27",MERCHANDISE,CONTINUITY
NO_BARCODE,origio,LIV-NLSN-STRNG-XL,,String,"no barcode, not SS27",MERCHANDISE,CONTINUITY
NO_BARCODE,origio,LIV-NSH-BLCK-2XL,,Black,"no barcode, not SS27",MERCHANDISE,"CONTINUITY,FW26"
NO_BARCODE,origio,LIV-PLM-NV-2XL,,Palmer Navy,"no barcode, not SS27",MERCHANDISE,CONTINUITY
NO_BARCODE,origio,LIV-PLM-NV-L,,Palmer Navy,"no barcode, not SS27",MERCHANDISE,CONTINUITY
NO_BARCODE,origio,LIV-PLM-NV-M,,Palmer Navy,"no barcode, not SS27",MERCHANDISE,CONTINUITY
NO_BARCODE,origio,LIV-PLM-NV-S,,Palmer Navy,"no barcode, not SS27",MERCHANDISE,CONTINUITY
NO_BARCODE,origio,LIV-PLM-NV-XL,,Palmer Navy,"no barcode, not SS27",MERCHANDISE,CONTINUITY
NO_BARCODE,origio,LIV-PYTN-BLCK-M,,Peyton Black,"no barcode, not SS27",MERCHANDISE,CONTINUITY
NO_BARCODE,origio,LIV-PYTN-BLCK-S,,Peyton Black,"no barcode, not SS27",MERCHANDISE,CONTINUITY
NO_BARCODE,origio,LIV-REPSS-OS,,Reparasjon,"no barcode, not SS27",SERVICE,CONTINUITY
NO_BARCODE,origio,LIV-RLY-CHRCL-2XL,,Riley Charcoal,"no barcode, not SS27",MERCHANDISE,CONTINUITY
NO_BARCODE,origio,LIV-RLY-CHRCL-L,,Riley Charcoal,"no barcode, not SS27",MERCHANDISE,CONTINUITY
NO_BARCODE,origio,LIV-RLY-CHRCL-XL,,Riley Charcoal,"no barcode, not SS27",MERCHANDISE,CONTINUITY
NO_BARCODE,origio,LIV-RLY-GRN-2XL,,Riley Green,"no barcode, not SS27",MERCHANDISE,CONTINUITY
NO_BARCODE,origio,LIV-RLY-GRN-L,,Riley Green,"no barcode, not SS27",MERCHANDISE,CONTINUITY
NO_BARCODE,origio,LIV-RLY-GRN-M,,Riley Green,"no barcode, not SS27",MERCHANDISE,CONTINUITY
NO_BARCODE,origio,LIV-RLY-GRN-XL,,Riley Green,"no barcode, not SS27",MERCHANDISE,CONTINUITY
NO_BARCODE,origio,LIV-RLY-NVY-2XL,,Riley Navy,"no barcode, not SS27",MERCHANDISE,CONTINUITY
NO_BARCODE,origio,LIV-RLY-NVY-L,,Riley Navy,"no barcode, not SS27",MERCHANDISE,CONTINUITY
NO_BARCODE,origio,LIV-RLY-NVY-M,,Riley Navy,"no barcode, not SS27",MERCHANDISE,CONTINUITY
NO_BARCODE,origio,LIV-RLY-NVY-S,,Riley Navy,"no barcode, not SS27",MERCHANDISE,CONTINUITY
NO_BARCODE,origio,LIV-RLY-NVY-XL,,Riley Navy,"no barcode, not SS27",MERCHANDISE,CONTINUITY
NO_BARCODE,origio,LIV-SKRD-LPSTF-LIN-OS,,Lappestoff Lin,"no barcode, not SS27",SERVICE,CONTINUITY
NO_BARCODE,origio,LIV-SKRD-LPSTF-RG-BK-OS,,Lappestoff Rigid Black,"no barcode, not SS27",SERVICE,CONTINUITY
NO_BARCODE,origio,LIV-SKRD-LPSTF-RG-BL-OS,,Lappestoff Rigid Blue,"no barcode, not SS27",SERVICE,CONTINUITY
NO_BARCODE,origio,LIV-SKRD-LPSTF-STR-BK-OS,,Lappestoff Stretch Black,"no barcode, not SS27",SERVICE,CONTINUITY
NO_BARCODE,origio,LIV-SKRD-LPSTF-STR-BL-OS,,Lappestoff Stretch Blue,"no barcode, not SS27",SERVICE,CONTINUITY
NO_BARCODE,origio,LIV-T-VPR-2634,,Tia Vapor,"no barcode, not SS27",MERCHANDISE,CONTINUITY
NO_BARCODE,origio,LIV-T-VPR-2732,,Tia Vapor,"no barcode, not SS27",MERCHANDISE,CONTINUITY
NO_BARCODE,origio,LIV-T-VPR-2834,,Tia Vapor,"no barcode, not SS27",MERCHANDISE,CONTINUITY
NO_BARCODE,origio,LIV-T-VPR-2932,,Tia Vapor,"no barcode, not SS27",MERCHANDISE,CONTINUITY
NO_BARCODE,origio,LIV-T-VPR-3032,,Tia Vapor,"no barcode, not SS27",MERCHANDISE,CONTINUITY
NO_BARCODE,origio,LIV-T-VPR-3034,,Tia Vapor,"no barcode, not SS27",MERCHANDISE,CONTINUITY
NO_BARCODE,origio,LIV-T-VPR-3132,,Tia Vapor,"no barcode, not SS27",MERCHANDISE,CONTINUITY
NO_BARCODE,origio,LIV-T-VPR-3232,,Tia Vapor,"no barcode, not SS27",MERCHANDISE,CONTINUITY
NO_BARCODE,origio,LIV-TCK-BLCK-2XL,,Tuck Black,"no barcode, not SS27",MERCHANDISE,CONTINUITY
NO_BARCODE,origio,LIV-TCK-BLCK-M,,Tuck Black,"no barcode, not SS27",MERCHANDISE,CONTINUITY
NO_BARCODE,origio,LIV-TT-BLCK-L,,Black,"no barcode, not SS27",MERCHANDISE,"CONTINUITY,FW26"
NO_BARCODE,origio,LIV-TTA-BLK-L,,Teta Black,"no barcode, not SS27",MERCHANDISE,CONTINUITY
NO_BARCODE,origio,LIV-TTA-BLK-M,,Teta Black,"no barcode, not SS27",MERCHANDISE,CONTINUITY
NO_BARCODE,origio,LIV-TTA-BLK-XL,,Teta Black,"no barcode, not SS27",MERCHANDISE,CONTINUITY
NO_BARCODE,origio,LIV-TTA-GRY-MLNG-L,,Teta Grey Melange,"no barcode, not SS27",MERCHANDISE,CONTINUITY
NO_BARCODE,origio,LIV-TTA-GRY-MLNG-M,,Teta Grey Melange,"no barcode, not SS27",MERCHANDISE,CONTINUITY
NO_BARCODE,origio,LIV-TTA-GRY-MLNG-XL,,Teta Grey Melange,"no barcode, not SS27",MERCHANDISE,CONTINUITY
NO_BARCODE,origio,LIV-W-KR-JPN-DWN-2432--merged-0a512ff9,,Japan Dawn,"no barcode, not SS27",MERCHANDISE,
NO_BARCODE,origio,LIV-W-KR-JPN-DWN-2532--merged-0a512ff9,,Japan Dawn,"no barcode, not SS27",MERCHANDISE,
NO_BARCODE,origio,LIV-W-KR-JPN-DWN-2534--merged-0a512ff9,,Japan Dawn,"no barcode, not SS27",MERCHANDISE,
NO_BARCODE,origio,LIV-W-KR-JPN-DWN-2632--merged-0a512ff9,,Japan Dawn,"no barcode, not SS27",MERCHANDISE,
NO_BARCODE,origio,LIV-W-KR-JPN-DWN-2634--merged-0a512ff9,,Japan Dawn,"no barcode, not SS27",MERCHANDISE,
NO_BARCODE,origio,LIV-W-KR-JPN-DWN-2732--merged-0a512ff9,,Japan Dawn,"no barcode, not SS27",MERCHANDISE,
NO_BARCODE,origio,LIV-W-KR-JPN-DWN-2734--merged-0a512ff9,,Japan Dawn,"no barcode, not SS27",MERCHANDISE,
NO_BARCODE,origio,LIV-W-KR-JPN-DWN-2832--merged-0a512ff9,,Japan Dawn,"no barcode, not SS27",MERCHANDISE,
NO_BARCODE,origio,LIV-W-KR-JPN-DWN-2834--merged-0a512ff9,,Japan Dawn,"no barcode, not SS27",MERCHANDISE,
NO_BARCODE,origio,LIV-W-KR-JPN-DWN-2932--merged-0a512ff9,,Japan Dawn,"no barcode, not SS27",MERCHANDISE,
NO_BARCODE,origio,LIV-W-KR-JPN-DWN-2934--merged-0a512ff9,,Japan Dawn,"no barcode, not SS27",MERCHANDISE,
NO_BARCODE,origio,LIV-W-KR-JPN-DWN-3032--merged-0a512ff9,,Japan Dawn,"no barcode, not SS27",MERCHANDISE,
NO_BARCODE,origio,LIV-W-KR-JPN-DWN-3034--merged-0a512ff9,,Japan Dawn,"no barcode, not SS27",MERCHANDISE,
NO_BARCODE,origio,LIV-W-KR-JPN-DWN-3132--merged-0a512ff9,,Japan Dawn,"no barcode, not SS27",MERCHANDISE,
NO_BARCODE,origio,LIV-W-KR-JPN-DWN-3134--merged-0a512ff9,,Japan Dawn,"no barcode, not SS27",MERCHANDISE,
NO_BARCODE,origio,LIV-W-KR-JPN-DWN-3232--merged-0a512ff9,,Japan Dawn,"no barcode, not SS27",MERCHANDISE,
NO_BARCODE,origio,LIV-W-KR-JPN-DWN-3234--merged-0a512ff9,,Japan Dawn,"no barcode, not SS27",MERCHANDISE,
NO_BARCODE,origio,LIV-W-KR-JPN-DWN-3332--merged-0a512ff9,,Japan Dawn,"no barcode, not SS27",MERCHANDISE,
NO_BARCODE,origio,LIV-W-KR-JPN-DWN-3334--merged-0a512ff9,,Japan Dawn,"no barcode, not SS27",MERCHANDISE,
NO_BARCODE,origio,LIV-W-KR-JPN-SNDBX-2432--merged-ff97933d,,Japan Sandbox,"no barcode, not SS27",MERCHANDISE,
NO_BARCODE,origio,LIV-W-KR-JPN-SNDBX-2532--merged-ff97933d,,Japan Sandbox,"no barcode, not SS27",MERCHANDISE,
NO_BARCODE,origio,LIV-W-KR-JPN-SNDBX-2534--merged-ff97933d,,Japan Sandbox,"no barcode, not SS27",MERCHANDISE,
NO_BARCODE,origio,LIV-W-KR-JPN-SNDBX-2632--merged-ff97933d,,Japan Sandbox,"no barcode, not SS27",MERCHANDISE,
NO_BARCODE,origio,LIV-W-KR-JPN-SNDBX-2634--merged-ff97933d,,Japan Sandbox,"no barcode, not SS27",MERCHANDISE,
NO_BARCODE,origio,LIV-W-KR-JPN-SNDBX-2732--merged-ff97933d,,Japan Sandbox,"no barcode, not SS27",MERCHANDISE,
NO_BARCODE,origio,LIV-W-KR-JPN-SNDBX-2734--merged-ff97933d,,Japan Sandbox,"no barcode, not SS27",MERCHANDISE,
NO_BARCODE,origio,LIV-W-KR-JPN-SNDBX-2832--merged-ff97933d,,Japan Sandbox,"no barcode, not SS27",MERCHANDISE,
NO_BARCODE,origio,LIV-W-KR-JPN-SNDBX-2834--merged-ff97933d,,Japan Sandbox,"no barcode, not SS27",MERCHANDISE,
NO_BARCODE,origio,LIV-W-KR-JPN-SNDBX-2932--merged-ff97933d,,Japan Sandbox,"no barcode, not SS27",MERCHANDISE,
NO_BARCODE,origio,LIV-W-KR-JPN-SNDBX-2934--merged-ff97933d,,Japan Sandbox,"no barcode, not SS27",MERCHANDISE,
NO_BARCODE,origio,LIV-W-KR-JPN-SNDBX-3032--merged-ff97933d,,Japan Sandbox,"no barcode, not SS27",MERCHANDISE,
NO_BARCODE,origio,LIV-W-KR-JPN-SNDBX-3034--merged-ff97933d,,Japan Sandbox,"no barcode, not SS27",MERCHANDISE,
NO_BARCODE,origio,LIV-W-KR-JPN-SNDBX-3132--merged-ff97933d,,Japan Sandbox,"no barcode, not SS27",MERCHANDISE,
NO_BARCODE,origio,LIV-W-KR-JPN-SNDBX-3134--merged-ff97933d,,Japan Sandbox,"no barcode, not SS27",MERCHANDISE,
NO_BARCODE,origio,LIV-W-KR-JPN-SNDBX-3332--merged-ff97933d,,Japan Sandbox,"no barcode, not SS27",MERCHANDISE,
NO_BARCODE,origio,LIV-W-KR-JPN-SNDBX-3334--merged-ff97933d,,Japan Sandbox,"no barcode, not SS27",MERCHANDISE,
NO_BARCODE,origio,LIV-W-T-JPN-BLCK-2432--merged-53e6e127,,Japan Black,"no barcode, not SS27",MERCHANDISE,
NO_BARCODE,origio,LIV-W-T-JPN-BLCK-2532--merged-53e6e127,,Japan Black,"no barcode, not SS27",MERCHANDISE,
NO_BARCODE,origio,LIV-W-T-JPN-BLCK-2632--merged-53e6e127,,Japan Black,"no barcode, not SS27",MERCHANDISE,
NO_BARCODE,origio,LIV-W-T-JPN-BLCK-2634--merged-53e6e127,,Japan Black,"no barcode, not SS27",MERCHANDISE,
NO_BARCODE,origio,LIV-W-T-JPN-BLCK-2732--merged-53e6e127,,Japan Black,"no barcode, not SS27",MERCHANDISE,
NO_BARCODE,origio,LIV-W-T-JPN-BLCK-2734--merged-53e6e127,,Japan Black,"no barcode, not SS27",MERCHANDISE,
NO_BARCODE,origio,LIV-W-T-JPN-BLCK-2832--merged-53e6e127,,Japan Black,"no barcode, not SS27",MERCHANDISE,
NO_BARCODE,origio,LIV-W-T-JPN-BLCK-2834--merged-53e6e127,,Japan Black,"no barcode, not SS27",MERCHANDISE,
NO_BARCODE,origio,LIV-W-T-JPN-BLCK-2932--merged-53e6e127,,Japan Black,"no barcode, not SS27",MERCHANDISE,
NO_BARCODE,origio,LIV-W-T-JPN-BLCK-2934--merged-53e6e127,,Japan Black,"no barcode, not SS27",MERCHANDISE,
NO_BARCODE,origio,LIV-W-T-JPN-BLCK-3032--merged-53e6e127,,Japan Black,"no barcode, not SS27",MERCHANDISE,
NO_BARCODE,origio,LIV-W-T-JPN-BLCK-3034--merged-53e6e127,,Japan Black,"no barcode, not SS27",MERCHANDISE,
NO_BARCODE,origio,LIV-W-T-JPN-BLCK-3132--merged-53e6e127,,Japan Black,"no barcode, not SS27",MERCHANDISE,
NO_BARCODE,origio,LIV-W-T-JPN-BLCK-3134--merged-53e6e127,,Japan Black,"no barcode, not SS27",MERCHANDISE,
NO_BARCODE,origio,LIV-W-T-JPN-BLCK-3232--merged-53e6e127,,Japan Black,"no barcode, not SS27",MERCHANDISE,
NO_BARCODE,origio,LIV-W-T-JPN-BLCK-3234--merged-53e6e127,,Japan Black,"no barcode, not SS27",MERCHANDISE,
NO_BARCODE,origio,LIV-W-T-JPN-BLCK-3334--merged-53e6e127,,Japan Black,"no barcode, not SS27",MERCHANDISE,
NO_BARCODE,origio,LIV-W-T-JPN-BLCK-3434--merged-53e6e127,,Japan Black,"no barcode, not SS27",MERCHANDISE,
NO_BARCODE,origio,LIV-W-T-JPN-RNS-2432--merged-990fb758,,Japan Rinse,"no barcode, not SS27",MERCHANDISE,
NO_BARCODE,origio,LIV-W-T-JPN-RNS-2532--merged-990fb758,,Japan Rinse,"no barcode, not SS27",MERCHANDISE,
NO_BARCODE,origio,LIV-W-T-JPN-RNS-2534--merged-990fb758,,Japan Rinse,"no barcode, not SS27",MERCHANDISE,
NO_BARCODE,origio,LIV-W-T-JPN-RNS-2632--merged-990fb758,,Japan Rinse,"no barcode, not SS27",MERCHANDISE,
NO_BARCODE,origio,LIV-W-T-JPN-RNS-2634--merged-990fb758,,Japan Rinse,"no barcode, not SS27",MERCHANDISE,
NO_BARCODE,origio,LIV-W-T-JPN-RNS-2732--merged-990fb758,,Japan Rinse,"no barcode, not SS27",MERCHANDISE,
NO_BARCODE,origio,LIV-W-T-JPN-RNS-2734--merged-990fb758,,Japan Rinse,"no barcode, not SS27",MERCHANDISE,
NO_BARCODE,origio,LIV-W-T-JPN-RNS-2832--merged-990fb758,,Japan Rinse,"no barcode, not SS27",MERCHANDISE,
NO_BARCODE,origio,LIV-W-T-JPN-RNS-2834--merged-990fb758,,Japan Rinse,"no barcode, not SS27",MERCHANDISE,
NO_BARCODE,origio,LIV-W-T-JPN-RNS-2932--merged-990fb758,,Japan Rinse,"no barcode, not SS27",MERCHANDISE,
NO_BARCODE,origio,LIV-W-T-JPN-RNS-2934--merged-990fb758,,Japan Rinse,"no barcode, not SS27",MERCHANDISE,
NO_BARCODE,origio,LIV-W-T-JPN-RNS-3032--merged-990fb758,,Japan Rinse,"no barcode, not SS27",MERCHANDISE,
NO_BARCODE,origio,LIV-W-T-JPN-RNS-3034--merged-990fb758,,Japan Rinse,"no barcode, not SS27",MERCHANDISE,
NO_BARCODE,origio,LIV-W-T-JPN-RNS-3132--merged-990fb758,,Japan Rinse,"no barcode, not SS27",MERCHANDISE,
NO_BARCODE,origio,LIV-W-T-JPN-RNS-3134--merged-990fb758,,Japan Rinse,"no barcode, not SS27",MERCHANDISE,
NO_BARCODE,origio,LIV-W-T-JPN-RNS-3232--merged-990fb758,,Japan Rinse,"no barcode, not SS27",MERCHANDISE,
NO_BARCODE,origio,LIV-W-T-JPN-RNS-3234--merged-990fb758,,Japan Rinse,"no barcode, not SS27",MERCHANDISE,
NO_BARCODE,origio,LIV-W-T-JPN-RNS-3332--merged-990fb758,,Japan Rinse,"no barcode, not SS27",MERCHANDISE,
NO_BARCODE,origio,LIV-W-T-JPN-RNS-3334--merged-990fb758,,Japan Rinse,"no barcode, not SS27",MERCHANDISE,
NO_BARCODE,origio,LIV-W-T-JPN-RNS-3434--merged-990fb758,,Japan Rinse,"no barcode, not SS27",MERCHANDISE,
NO_BARCODE,origio,LIV-W-T-T-JPN-NW-BL-2432--merged-00b18e98,,Japan New Blue,"no barcode, not SS27",MERCHANDISE,
NO_BARCODE,origio,LIV-W-T-T-JPN-NW-BL-2532--merged-00b18e98,,Japan New Blue,"no barcode, not SS27",MERCHANDISE,
NO_BARCODE,origio,LIV-W-T-T-JPN-NW-BL-2632--merged-00b18e98,,Japan New Blue,"no barcode, not SS27",MERCHANDISE,
NO_BARCODE,origio,LIV-W-T-T-JPN-NW-BL-2634--merged-00b18e98,,Japan New Blue,"no barcode, not SS27",MERCHANDISE,
NO_BARCODE,origio,LIV-W-T-T-JPN-NW-BL-2732--merged-00b18e98,,Japan New Blue,"no barcode, not SS27",MERCHANDISE,
NO_BARCODE,origio,LIV-W-T-T-JPN-NW-BL-2734--merged-00b18e98,,Japan New Blue,"no barcode, not SS27",MERCHANDISE,
NO_BARCODE,origio,LIV-W-T-T-JPN-NW-BL-2832--merged-00b18e98,,Japan New Blue,"no barcode, not SS27",MERCHANDISE,
NO_BARCODE,origio,LIV-W-T-T-JPN-NW-BL-2834--merged-00b18e98,,Japan New Blue,"no barcode, not SS27",MERCHANDISE,
NO_BARCODE,origio,LIV-W-T-T-JPN-NW-BL-2932--merged-00b18e98,,Japan New Blue,"no barcode, not SS27",MERCHANDISE,
NO_BARCODE,origio,LIV-W-T-T-JPN-NW-BL-2934--merged-00b18e98,,Japan New Blue,"no barcode, not SS27",MERCHANDISE,
NO_BARCODE,origio,LIV-W-T-T-JPN-NW-BL-3032--merged-00b18e98,,Japan New Blue,"no barcode, not SS27",MERCHANDISE,
NO_BARCODE,origio,LIV-W-T-T-JPN-NW-BL-3034--merged-00b18e98,,Japan New Blue,"no barcode, not SS27",MERCHANDISE,
NO_BARCODE,origio,LIV-W-T-T-JPN-NW-BL-3132--merged-00b18e98,,Japan New Blue,"no barcode, not SS27",MERCHANDISE,
NO_BARCODE,origio,LIV-W-T-T-JPN-NW-BL-3134--merged-00b18e98,,Japan New Blue,"no barcode, not SS27",MERCHANDISE,
NO_BARCODE,origio,LIV-W-T-T-JPN-NW-BL-3232--merged-00b18e98,,Japan New Blue,"no barcode, not SS27",MERCHANDISE,
NO_BARCODE,origio,LIV-W-T-T-JPN-NW-BL-3234--merged-00b18e98,,Japan New Blue,"no barcode, not SS27",MERCHANDISE,
NO_BARCODE,origio,LIV-W-T-T-JPN-NW-BL-3334--merged-00b18e98,,Japan New Blue,"no barcode, not SS27",MERCHANDISE,
NO_BARCODE,origio,LIV-W-T-T-JPN-NW-BL-3434--merged-00b18e98,,Japan New Blue,"no barcode, not SS27",MERCHANDISE,
NO_BARCODE,origio,LIV-XWLWTC-JPDWN-36,,Livid X Wollow Tarmac Japan Dawn,"no barcode, not SS27",MERCHANDISE,CONTINUITY
NO_BARCODE,origio,LIV-XWLWTC-JPDWN-37,,Livid X Wollow Tarmac Japan Dawn,"no barcode, not SS27",MERCHANDISE,CONTINUITY
NO_BARCODE,origio,LIV-XWLWTC-JPDWN-38,,Livid X Wollow Tarmac Japan Dawn,"no barcode, not SS27",MERCHANDISE,CONTINUITY
NO_BARCODE,origio,LIV-XWLWTC-JPDWN-39,,Livid X Wollow Tarmac Japan Dawn,"no barcode, not SS27",MERCHANDISE,CONTINUITY
NO_BARCODE,origio,LIV-XWLWTC-JPDWN-40,,Livid X Wollow Tarmac Japan Dawn,"no barcode, not SS27",MERCHANDISE,CONTINUITY
NO_BARCODE,origio,LIV-XWLWTC-JPDWN-41,,Livid X Wollow Tarmac Japan Dawn,"no barcode, not SS27",MERCHANDISE,CONTINUITY
NO_BARCODE,origio,LIV-XWLWTC-JPDWN-42,,Livid X Wollow Tarmac Japan Dawn,"no barcode, not SS27",MERCHANDISE,CONTINUITY
NO_BARCODE,origio,LIV-XWLWTC-JPDWN-43,,Livid X Wollow Tarmac Japan Dawn,"no barcode, not SS27",MERCHANDISE,CONTINUITY
NO_BARCODE,origio,LIV-XWLWTC-JPDWN-44,,Livid X Wollow Tarmac Japan Dawn,"no barcode, not SS27",MERCHANDISE,CONTINUITY
NO_BARCODE,origio,LIV-XWLWTC-JPDWN-45,,Livid X Wollow Tarmac Japan Dawn,"no barcode, not SS27",MERCHANDISE,CONTINUITY
NO_BARCODE,origio,LIV-XWLWTC-JPSH-36,,Livid X Wollow Tarmac Japan Shadow,"no barcode, not SS27",MERCHANDISE,CONTINUITY
NO_BARCODE,origio,LIV-XWLWTC-JPSH-37,,Livid X Wollow Tarmac Japan Shadow,"no barcode, not SS27",MERCHANDISE,CONTINUITY
NO_BARCODE,origio,LIV-XWLWTC-JPSH-38,,Livid X Wollow Tarmac Japan Shadow,"no barcode, not SS27",MERCHANDISE,CONTINUITY
NO_BARCODE,origio,LIV-XWLWTC-JPSH-39,,Livid X Wollow Tarmac Japan Shadow,"no barcode, not SS27",MERCHANDISE,CONTINUITY
NO_BARCODE,origio,LIV-XWLWTC-JPSH-40,,Livid X Wollow Tarmac Japan Shadow,"no barcode, not SS27",MERCHANDISE,CONTINUITY
NO_BARCODE,origio,LIV-XWLWTC-JPSH-41,,Livid X Wollow Tarmac Japan Shadow,"no barcode, not SS27",MERCHANDISE,CONTINUITY
NO_BARCODE,origio,LIV-XWLWTC-JPSH-42,,Livid X Wollow Tarmac Japan Shadow,"no barcode, not SS27",MERCHANDISE,CONTINUITY
NO_BARCODE,origio,LIV-XWLWTC-JPSH-43,,Livid X Wollow Tarmac Japan Shadow,"no barcode, not SS27",MERCHANDISE,CONTINUITY
NO_BARCODE,origio,LIV-XWLWTC-JPSH-44,,Livid X Wollow Tarmac Japan Shadow,"no barcode, not SS27",MERCHANDISE,CONTINUITY
NO_BARCODE,origio,LIV-XWLWTC-JPSH-45,,Livid X Wollow Tarmac Japan Shadow,"no barcode, not SS27",MERCHANDISE,CONTINUITY
NO_BARCODE,origio,S-22,,SAMPLES LABELS,"no barcode, not SS27",SAMPLE,CONTINUITY
NO_BARCODE,origio,S-39,,SAMPLES LABELS,"no barcode, not SS27",SAMPLE,CONTINUITY
NO_BARCODE,origio,STORAGE-ALARM-OS,,Alarm,"no barcode, not SS27",CONSUMABLE,CONTINUITY
NO_BARCODE,origio,STORAGE-BELTEPOSER-OS,,Belteposer,"no barcode, not SS27",CONSUMABLE,CONTINUITY
NO_BARCODE,origio,STORAGE-BLEKK-OS,,Blekk,"no barcode, not SS27",CONSUMABLE,CONTINUITY
NO_BARCODE,origio,STORAGE-BOOTS-OS,,Boots,"no barcode, not SS27",CONSUMABLE,CONTINUITY
NO_BARCODE,origio,STORAGE-BUTIKK-GENERELL-BELYSNING-OS,,Butikk - Generell belysning,"no barcode, not SS27",CONSUMABLE,CONTINUITY
NO_BARCODE,origio,STORAGE-BUTIKK-JULEBELYSNING-OS,,Butikk - Julebelysning,"no barcode, not SS27",CONSUMABLE,CONTINUITY
NO_BARCODE,origio,STORAGE-CADICA-OS,,Cadica,"no barcode, not SS27",CONSUMABLE,CONTINUITY
NO_BARCODE,origio,STORAGE-CADS-OS,,CADS,"no barcode, not SS27",CONSUMABLE,CONTINUITY
NO_BARCODE,origio,STORAGE-CANDIANI-SWATCHES-OS,,Candiani Swatches,"no barcode, not SS27",CONSUMABLE,CONTINUITY
NO_BARCODE,origio,STORAGE-CHARLIE-OS,,Charlie,"no barcode, not SS27",CONSUMABLE,CONTINUITY
NO_BARCODE,origio,STORAGE-CHRISTOPHER-OS,,Christopher,"no barcode, not SS27",CONSUMABLE,CONTINUITY
NO_BARCODE,origio,STORAGE-CHRISTOPHER-SJEKKE-OS,,Christopher - Trenges å gåes over,"no barcode, not SS27",CONSUMABLE,CONTINUITY
NO_BARCODE,origio,STORAGE-CHRISTOPHER-VASKE-OS,,Lappestoff / Kast,"no barcode, not SS27",CONSUMABLE,CONTINUITY
NO_BARCODE,origio,STORAGE-CHRISTOPHER-VERKTØY-OS,,Christopher - Verktøy,"no barcode, not SS27",CONSUMABLE,CONTINUITY
NO_BARCODE,origio,STORAGE-COLLECT-SWATCHES-OS,,Collect Swatches,"no barcode, not SS27",CONSUMABLE,CONTINUITY
NO_BARCODE,origio,STORAGE-DEADSTOCK-REST-OS,,Deadstock Rest,"no barcode, not SS27",CONSUMABLE,CONTINUITY
NO_BARCODE,origio,STORAGE-DENIM-WASHES-OS,,Denim Washes,"no barcode, not SS27",CONSUMABLE,CONTINUITY
NO_BARCODE,origio,STORAGE-ELEKTRONIKK-OS,,Elektronikk,"no barcode, not SS27",CONSUMABLE,CONTINUITY
NO_BARCODE,origio,STORAGE-EPLEHUSET-REKLAMASJONER-OS,,Eplehuset Reklamasjoner,"no barcode, not SS27",CONSUMABLE,CONTINUITY
NO_BARCODE,origio,STORAGE-FABRIC-SCRAPS-OS,,Fabric Scraps,"no barcode, not SS27",CONSUMABLE,CONTINUITY
NO_BARCODE,origio,STORAGE-FABRIC-SWATCHES-OS,,Fabric Swatches Diverse,"no barcode, not SS27",CONSUMABLE,CONTINUITY
NO_BARCODE,origio,STORAGE-FOLIE-OS,,Folie,"no barcode, not SS27",CONSUMABLE,CONTINUITY
NO_BARCODE,origio,STORAGE-FOREVER-SWATCHES-OS,,Forever Swatches,"no barcode, not SS27",CONSUMABLE,CONTINUITY
NO_BARCODE,origio,STORAGE-HANGTAGS-OS,,Hangtags,"no barcode, not SS27",CONSUMABLE,CONTINUITY
NO_BARCODE,origio,STORAGE-HOKKOH-SWATCHES-OS,,Hokkoh Swatches,"no barcode, not SS27",CONSUMABLE,CONTINUITY
NO_BARCODE,origio,STORAGE-IMPERFECT-EKSTRA-SJEKK-OS,,Imperfect - Ekstra Sjekk,"no barcode, not SS27",CONSUMABLE,CONTINUITY
NO_BARCODE,origio,STORAGE-IMPERFECT-MANGLER-SKU-OS,,Imperfect - Mangler SKU,"no barcode, not SS27",CONSUMABLE,CONTINUITY
NO_BARCODE,origio,STORAGE-JEANS-HENGERE-METALL-OS,,Jeans Hengere Metall,"no barcode, not SS27",CONSUMABLE,CONTINUITY
NO_BARCODE,origio,STORAGE-JENS-OS,,Jens,"no barcode, not SS27",CONSUMABLE,CONTINUITY
NO_BARCODE,origio,STORAGE-JENS-STOL-OS,,Jens Stol,"no barcode, not SS27",CONSUMABLE,CONTINUITY
NO_BARCODE,origio,STORAGE-Julepynt-OS,,Julepynt,"no barcode, not SS27",CONSUMABLE,CONTINUITY
NO_BARCODE,origio,STORAGE-KLESHENGER-EIK-OS,,Kleshenger Eik,"no barcode, not SS27",CONSUMABLE,CONTINUITY
NO_BARCODE,origio,STORAGE-KLESHENGER-SORT-OS,,Kleshenger Sort,"no barcode, not SS27",CONSUMABLE,CONTINUITY
NO_BARCODE,origio,STORAGE-KLESKLYPER-OS,,Klesklyper,"no barcode, not SS27",CONSUMABLE,CONTINUITY
NO_BARCODE,origio,STORAGE-KLESPOSER-OS,,Klesposer,"no barcode, not SS27",CONSUMABLE,CONTINUITY
NO_BARCODE,origio,STORAGE-KLESPOSER-PLAST-OS,,Klesposer Plast,"no barcode, not SS27",CONSUMABLE,CONTINUITY
NO_BARCODE,origio,STORAGE-KLESRULLER-OS,,Klesruller,"no barcode, not SS27",CONSUMABLE,CONTINUITY
NO_BARCODE,origio,STORAGE-KONVOLUTT-OS,,Livid Konvolutt,"no barcode, not SS27",CONSUMABLE,CONTINUITY
NO_BARCODE,origio,STORAGE-KOWA-SWATCHES-OS,,Kowa Swatches,"no barcode, not SS27",CONSUMABLE,CONTINUITY
NO_BARCODE,origio,STORAGE-KUROKI-SWATCHES-OS,,Kuroki Swatches,"no barcode, not SS27",CONSUMABLE,CONTINUITY
NO_BARCODE,origio,STORAGE-LABDIPS-OS,,Labdips,"no barcode, not SS27",CONSUMABLE,CONTINUITY
NO_BARCODE,origio,STORAGE-LISAMA-DEFECTS-OS,,Lisama Defects,"no barcode, not SS27",CONSUMABLE,CONTINUITY
NO_BARCODE,origio,STORAGE-LIVID-REKLAMASJONER-OS,,Livid Reklamasjoner,"no barcode, not SS27",CONSUMABLE,CONTINUITY
NO_BARCODE,origio,STORAGE-LYS-OS,,Lys,"no barcode, not SS27",CONSUMABLE,CONTINUITY
NO_BARCODE,origio,STORAGE-MICROTEX-SWATCHES-OS,,Microtex Swatches,"no barcode, not SS27",CONSUMABLE,CONTINUITY
NO_BARCODE,origio,STORAGE-OCTA-SWATCHES-OS,,Octa Swatches,"no barcode, not SS27",CONSUMABLE,CONTINUITY
NO_BARCODE,origio,STORAGE-OLE-EIVIND-SORTERING-OS,,Ole Eivind Sortering,"no barcode, not SS27",CONSUMABLE,CONTINUITY
NO_BARCODE,origio,STORAGE-OLMETEX-SWATCHES-OS,,Olmetex Swatches,"no barcode, not SS27",CONSUMABLE,CONTINUITY
NO_BARCODE,origio,STORAGE-PAST-VINTAGE-TAG-OS,,PAST Vintage Tag,"no barcode, not SS27",CONSUMABLE,CONTINUITY
NO_BARCODE,origio,STORAGE-PATTERNS-OS,,Patterns,"no barcode, not SS27",CONSUMABLE,CONTINUITY
NO_BARCODE,origio,STORAGE-PENNANT-REP-OS,,Pennant Rep,"no barcode, not SS27",CONSUMABLE,CONTINUITY
NO_BARCODE,origio,STORAGE-PONTOGLIO-1883-SWATCHES-OS,,Pontoglio 1883 Swatches,"no barcode, not SS27",CONSUMABLE,CONTINUITY
NO_BARCODE,origio,STORAGE-PRISTAGS-OS,,Pristags,"no barcode, not SS27",CONSUMABLE,CONTINUITY
NO_BARCODE,origio,STORAGE-RENHOLDSARTIKLER-OS,,Renholdsartikler,"no barcode, not SS27",CONSUMABLE,CONTINUITY
NO_BARCODE,origio,STORAGE-REPAIR-SERVICE-BOOKLET-OS,,Repair Service Booklet,"no barcode, not SS27",CONSUMABLE,CONTINUITY
NO_BARCODE,origio,STORAGE-SKAL-FIKSES-OS,,Skal Fikses - Sendes til Fabrikk,"no barcode, not SS27",CONSUMABLE,CONTINUITY
NO_BARCODE,origio,STORAGE-SOMELOS-SWATCHES-OS,,Somelos Swatches,"no barcode, not SS27",CONSUMABLE,CONTINUITY
NO_BARCODE,origio,STORAGE-STAND-TEPPE-OS,,Stand - Teppe,"no barcode, not SS27",CONSUMABLE,CONTINUITY
NO_BARCODE,origio,STORAGE-STRIKK-SWATCHES-OS,,Strikk Swatches,"no barcode, not SS27",CONSUMABLE,CONTINUITY
NO_BARCODE,origio,STORAGE-STYLING-OS,,Styling,"no barcode, not SS27",CONSUMABLE,CONTINUITY
NO_BARCODE,origio,STORAGE-STYLING-SKO-OS,,Styling Sko,"no barcode, not SS27",CONSUMABLE,CONTINUITY
NO_BARCODE,origio,STORAGE-SYMASKIN-OS,,Symaskin,"no barcode, not SS27",CONSUMABLE,CONTINUITY
NO_BARCODE,origio,STORAGE-TESSILBIELLA-SWATCHES-OS,,Tessilbiella Swatches,"no barcode, not SS27",CONSUMABLE,CONTINUITY
NO_BARCODE,origio,STORAGE-TEXGOIOS-SWATCHES-OS,,Texgoios Swatches,"no barcode, not SS27",CONSUMABLE,CONTINUITY
NO_BARCODE,origio,STORAGE-TRIMS-OS,,Trims,"no barcode, not SS27",CONSUMABLE,CONTINUITY
NO_BARCODE,origio,STORAGE-TRÅD-OS,,Tråd,"no barcode, not SS27",CONSUMABLE,CONTINUITY
NO_BARCODE,origio,STORAGE-UTSTILLINGSDUKKE-ARMER-OS,,Utstillingsdukke - Armer,"no barcode, not SS27",CONSUMABLE,CONTINUITY
NO_BARCODE,origio,VN-ONLN-10023-OS,,Polo Jeans Ralph Lauren quarter-zip sweater (2XL),"no barcode, not SS27",MERCHANDISE,CONTINUITY
NO_BARCODE,origio,VN-ONLN-10025-OS,,Chaps Ralph Lauren quarter-zip sweater (S),"no barcode, not SS27",MERCHANDISE,CONTINUITY
NO_BARCODE,shopify,ARNT-NUMBER,,ARNT-NAME-ROHIT,"no barcode, not SS27",,
NO_BARCODE,shopify,EXT-NOV-GAT-BLK-41,,German Army Trainer Black,"no barcode, not SS27",MERCHANDISE,CONTINUITY
NO_BARCODE,shopify,EXT-PR-ADN-LSNR-11,,Adonis Lisse Noir,"no barcode, not SS27",MERCHANDISE,CONTINUITY
NO_BARCODE,shopify,EXT-PR-AVR-VLGR-8.5,,Avoriaz Velours Graphite,"no barcode, not SS27",MERCHANDISE,CONTINUITY
NO_BARCODE,shopify,EXT-ST-CRSSM3-SG-OS,,Cirrus No. 3 Iron Steamer - Sage,"no barcode, not SS27",MERCHANDISE,CONTINUITY
NO_BARCODE,shopify,EXT-ST-PL2-SG-OS,,Pilo No. 2 Fabric Shaver – Sage,"no barcode, not SS27",MERCHANDISE,CONTINUITY
NO_BARCODE,shopify,EXT-SV-SPRSLDRF-OS,,Santal Super Solid Refill 2-pack,"no barcode, not SS27",MERCHANDISE,CONTINUITY
NO_BARCODE,shopify,FTGD-EDVRD,,Edvard Skinny,"no barcode, not SS27",,
NO_BARCODE,shopify,FTGD-EDVRD,,Norman,"no barcode, not SS27",,
NO_BARCODE,shopify,FTGD-EDVRD,,William,"no barcode, not SS27",,
NO_BARCODE,shopify,FTGD-EDVRD,,Olav,"no barcode, not SS27",,
NO_BARCODE,shopify,FTGD-EDVRD,,Kevin,"no barcode, not SS27",,
NO_BARCODE,shopify,FTGD-EDVRD,,Raglan,"no barcode, not SS27",,
NO_BARCODE,shopify,FTGD-EDVRD,,Ragnar,"no barcode, not SS27",,
NO_BARCODE,shopify,FTGD-EDVRD,,Anton,"no barcode, not SS27",,
NO_BARCODE,shopify,FTGD-EDVRD,,Shane,"no barcode, not SS27",,
NO_BARCODE,shopify,FTGD-EDVRD,,Dion,"no barcode, not SS27",,
NO_BARCODE,shopify,FTGD-EDVRD,,Barton,"no barcode, not SS27",,
NO_BARCODE,shopify,FTGD-EDVRD,,Joshua,"no barcode, not SS27",,
NO_BARCODE,shopify,FTGD-EDVRD,,Christopher,"no barcode, not SS27",,
NO_BARCODE,shopify,FTGD-EDVRD,,Winchester,"no barcode, not SS27",,
NO_BARCODE,shopify,FTGD-EDVRD,,Cassidy,"no barcode, not SS27",,
NO_BARCODE,shopify,FTGD-EDVRD,,Watkins,"no barcode, not SS27",,
NO_BARCODE,shopify,FTGD-EDVRD,,Hill,"no barcode, not SS27",,
NO_BARCODE,shopify,FTGD-KRBY,,kirby,"no barcode, not SS27",,
NO_BARCODE,shopify,GFT-1000,,Gift Card,"no barcode, not SS27",,
NO_BARCODE,shopify,GFT-1500,,Gift Card,"no barcode, not SS27",,
NO_BARCODE,shopify,GFT-200,,Gift Card,"no barcode, not SS27",,
NO_BARCODE,shopify,GFT-2000,,Gift Card,"no barcode, not SS27",,
NO_BARCODE,shopify,GFT-2500,,Gift Card,"no barcode, not SS27",,
NO_BARCODE,shopify,GFT-3000,,Gift Card,"no barcode, not SS27",,
NO_BARCODE,shopify,GFT-4000,,Gift Card,"no barcode, not SS27",,
NO_BARCODE,shopify,GFT-500,,Gift Card,"no barcode, not SS27",,
NO_BARCODE,shopify,GFT-5000,,Gift Card,"no barcode, not SS27",,
NO_BARCODE,shopify,GFTWRP,,Gift Wrap,"no barcode, not SS27",SERVICE,CONTINUITY
NO_BARCODE,shopify,LIV-ADN-BLCK-OX-XL,,Aiden Black Ox,"no barcode, not SS27",,
NO_BARCODE,shopify,LIV-ADN-WHT-OX-XL,,Aiden White Ox,"no barcode, not SS27",,
NO_BARCODE,shopify,LIV-ADNOX-BLCK-L,,Aiden Black Ox,"no barcode, not SS27",MERCHANDISE,FW26
NO_BARCODE,shopify,LIV-ADNOX-BLCK-M,,Aiden Black Ox,"no barcode, not SS27",MERCHANDISE,FW26
NO_BARCODE,shopify,LIV-ADNOX-BLCK-S,,Aiden Black Ox,"no barcode, not SS27",MERCHANDISE,FW26
NO_BARCODE,shopify,LIV-ADNOX-BLCK-XS,,Aiden Black Ox,"no barcode, not SS27",MERCHANDISE,FW26
NO_BARCODE,shopify,LIV-ADNOX-WHT-L,,Aiden White Ox,"no barcode, not SS27",MERCHANDISE,CONTINUITY
NO_BARCODE,shopify,LIV-ADNOX-WHT-M,,Aiden White Ox,"no barcode, not SS27",MERCHANDISE,CONTINUITY
NO_BARCODE,shopify,LIV-ADNOX-WHT-S,,Aiden White Ox,"no barcode, not SS27",MERCHANDISE,CONTINUITY
NO_BARCODE,shopify,LIV-ADNOX-WHT-XS,,Aiden White Ox,"no barcode, not SS27",MERCHANDISE,CONTINUITY
NO_BARCODE,shopify,LIV-BLK-BLCK-L,,Blake Black,"no barcode, not SS27",MERCHANDISE,"CONTINUITY,FW26"
NO_BARCODE,shopify,LIV-BLK-BLCK-M,,Blake Black,"no barcode, not SS27",MERCHANDISE,"CONTINUITY,FW26"
NO_BARCODE,shopify,LIV-BLK-BLCK-S,,Blake Black,"no barcode, not SS27",MERCHANDISE,"CONTINUITY,FW26"
NO_BARCODE,shopify,LIV-BLK-BLCK-XL,,Blake Black,"no barcode, not SS27",MERCHANDISE,"CONTINUITY,FW26"
NO_BARCODE,shopify,LIV-BLK-TP-L,,Blake Taupe,"no barcode, not SS27",MERCHANDISE,"CONTINUITY,FW26"
NO_BARCODE,shopify,LIV-BLK-TP-M,,Blake Taupe,"no barcode, not SS27",MERCHANDISE,"CONTINUITY,FW26"
NO_BARCODE,shopify,LIV-BLK-TP-M/L,,Blake Taupe,"no barcode, not SS27",MERCHANDISE,"CONTINUITY,FW26"
NO_BARCODE,shopify,LIV-BLK-TP-S,,Blake Taupe,"no barcode, not SS27",MERCHANDISE,"CONTINUITY,FW26"
NO_BARCODE,shopify,LIV-BLK-TP-XL,,Blake Taupe,"no barcode, not SS27",MERCHANDISE,"CONTINUITY,FW26"
NO_BARCODE,shopify,LIV-BLK-TP-XS/S,,Blake Taupe,"no barcode, not SS27",MERCHANDISE,"CONTINUITY,FW26"
NO_BARCODE,shopify,LIV-BNKS-BLCK-OS,,Banks Black,"no barcode, not SS27",MERCHANDISE,CONTINUITY
NO_BARCODE,shopify,LIV-BNKS-GRVL-OS,,Banks Gravel,"no barcode, not SS27",MERCHANDISE,CONTINUITY
NO_BARCODE,shopify,LIV-BRNS-JPN-GRVL-2832,,Barnes Japan Gravel,"no barcode, not SS27",MERCHANDISE,CONTINUITY
NO_BARCODE,shopify,LIV-BRNS-JPN-GRVL-2932,,Barnes Japan Gravel,"no barcode, not SS27",MERCHANDISE,CONTINUITY
NO_BARCODE,shopify,LIV-BRNS-JPN-GRVL-2934,,Barnes Japan Gravel,"no barcode, not SS27",,
NO_BARCODE,shopify,LIV-BRNS-JPN-GRVL-3032,,Barnes Japan Gravel,"no barcode, not SS27",MERCHANDISE,CONTINUITY
NO_BARCODE,shopify,LIV-BRNS-JPN-GRVL-3034,,Barnes Japan Gravel,"no barcode, not SS27",MERCHANDISE,CONTINUITY
NO_BARCODE,shopify,LIV-BRNS-JPN-GRVL-3132,,Barnes Japan Gravel,"no barcode, not SS27",MERCHANDISE,CONTINUITY
NO_BARCODE,shopify,LIV-BRNS-JPN-GRVL-3134,,Barnes Japan Gravel,"no barcode, not SS27",MERCHANDISE,CONTINUITY
NO_BARCODE,shopify,LIV-BRNS-JPN-GRVL-3232,,Barnes Japan Gravel,"no barcode, not SS27",MERCHANDISE,CONTINUITY
NO_BARCODE,shopify,LIV-BRNS-JPN-GRVL-3234,,Barnes Japan Gravel,"no barcode, not SS27",MERCHANDISE,CONTINUITY
NO_BARCODE,shopify,LIV-BRNS-JPN-GRVL-3332,,Barnes Japan Gravel,"no barcode, not SS27",MERCHANDISE,CONTINUITY
NO_BARCODE,shopify,LIV-BRNS-JPN-GRVL-3334,,Barnes Japan Gravel,"no barcode, not SS27",MERCHANDISE,CONTINUITY
NO_BARCODE,shopify,LIV-BRNS-JPN-GRVL-3432,,Barnes Japan Gravel,"no barcode, not SS27",MERCHANDISE,CONTINUITY
NO_BARCODE,shopify,LIV-BRNS-JPN-GRVL-3434,,Barnes Japan Gravel,"no barcode, not SS27",MERCHANDISE,CONTINUITY
NO_BARCODE,shopify,LIV-BRNS-JPN-GRVL-3632,,Barnes Japan Gravel,"no barcode, not SS27",MERCHANDISE,CONTINUITY
NO_BARCODE,shopify,LIV-BRNS-JPN-GRVL-3634,,Barnes Japan Gravel,"no barcode, not SS27",MERCHANDISE,CONTINUITY
NO_BARCODE,shopify,LIV-BRNS-JPN-GRVL-3834,,Barnes Japan Gravel,"no barcode, not SS27",MERCHANDISE,CONTINUITY
NO_BARCODE,shopify,LIV-BRNS-JPN-GRVL-4034,,Barnes Japan Gravel,"no barcode, not SS27",,
NO_BARCODE,shopify,LIV-BWSR-BLCK-L,,Bowser Black,"no barcode, not SS27",MERCHANDISE,CONTINUITY
NO_BARCODE,shopify,LIV-BWSR-BLCK-M,,Bowser Black,"no barcode, not SS27",MERCHANDISE,CONTINUITY
NO_BARCODE,shopify,LIV-BWSR-BLCK-S,,Bowser Black,"no barcode, not SS27",MERCHANDISE,CONTINUITY
NO_BARCODE,shopify,LIV-BWSR-BLCK-XL,,Bowser Black,"no barcode, not SS27",MERCHANDISE,CONTINUITY
NO_BARCODE,shopify,LIV-BWSR-BLCK-XS,,Bowser Black,"no barcode, not SS27",MERCHANDISE,CONTINUITY
NO_BARCODE,shopify,LIV-CNNLY-BRWN-CRD-2XL,,Connely Brown Cord,"no barcode, not SS27",MERCHANDISE,CONTINUITY
NO_BARCODE,shopify,LIV-CNNLY-BRWN-CRD-L,,Connely Brown Cord,"no barcode, not SS27",MERCHANDISE,CONTINUITY
NO_BARCODE,shopify,LIV-CNNLY-BRWN-CRD-M,,Connely Brown Cord,"no barcode, not SS27",MERCHANDISE,CONTINUITY
NO_BARCODE,shopify,LIV-CNNLY-BRWN-CRD-S,,Connely Brown Cord,"no barcode, not SS27",MERCHANDISE,CONTINUITY
NO_BARCODE,shopify,LIV-CNNLY-BRWN-CRD-XL,,Connely Brown Cord,"no barcode, not SS27",MERCHANDISE,CONTINUITY
NO_BARCODE,shopify,LIV-DN-JPN-NW-BL-2832,,Dune Japan New Blue,"no barcode, not SS27",MERCHANDISE,CONTINUITY
NO_BARCODE,shopify,LIV-DN-JPN-NW-BL-2932,,Dune Japan New Blue,"no barcode, not SS27",MERCHANDISE,CONTINUITY
NO_BARCODE,shopify,LIV-DN-JPN-NW-BL-2934,,Dune Japan New Blue,"no barcode, not SS27",,
NO_BARCODE,shopify,LIV-DN-JPN-NW-BL-3032,,Dune Japan New Blue,"no barcode, not SS27",MERCHANDISE,CONTINUITY
NO_BARCODE,shopify,LIV-DN-JPN-NW-BL-3034,,Dune Japan New Blue,"no barcode, not SS27",,
NO_BARCODE,shopify,LIV-DN-JPN-NW-BL-3132,,Dune Japan New Blue,"no barcode, not SS27",MERCHANDISE,CONTINUITY
NO_BARCODE,shopify,LIV-DN-JPN-NW-BL-3134,,Dune Japan New Blue,"no barcode, not SS27",MERCHANDISE,CONTINUITY
NO_BARCODE,shopify,LIV-DN-JPN-NW-BL-3232,,Dune Japan New Blue,"no barcode, not SS27",MERCHANDISE,CONTINUITY
NO_BARCODE,shopify,LIV-DN-JPN-NW-BL-3234,,Dune Japan New Blue,"no barcode, not SS27",MERCHANDISE,CONTINUITY
NO_BARCODE,shopify,LIV-DN-JPN-NW-BL-3332,,Dune Japan New Blue,"no barcode, not SS27",MERCHANDISE,CONTINUITY
NO_BARCODE,shopify,LIV-DN-JPN-NW-BL-3334,,Dune Japan New Blue,"no barcode, not SS27",MERCHANDISE,CONTINUITY
NO_BARCODE,shopify,LIV-DN-JPN-NW-BL-3432,,Dune Japan New Blue,"no barcode, not SS27",MERCHANDISE,CONTINUITY
NO_BARCODE,shopify,LIV-DN-JPN-NW-BL-3434,,Dune Japan New Blue,"no barcode, not SS27",MERCHANDISE,CONTINUITY
NO_BARCODE,shopify,LIV-DN-JPN-NW-BL-3632,,Dune Japan New Blue,"no barcode, not SS27",MERCHANDISE,CONTINUITY
NO_BARCODE,shopify,LIV-DN-JPN-NW-BL-3634,,Dune Japan New Blue,"no barcode, not SS27",MERCHANDISE,CONTINUITY
NO_BARCODE,shopify,LIV-DN-JPN-NW-BL-3834,,Dune Japan New Blue,"no barcode, not SS27",,
NO_BARCODE,shopify,LIV-DN-JPN-NW-BL-4034,,Dune Japan New Blue,"no barcode, not SS27",,
NO_BARCODE,shopify,LIV-DN-SHDW-2832,,Dune Japan Shadow,"no barcode, not SS27",MERCHANDISE,CONTINUITY
NO_BARCODE,shopify,LIV-DN-SHDW-2932,,Dune Japan Shadow,"no barcode, not SS27",MERCHANDISE,CONTINUITY
NO_BARCODE,shopify,LIV-DN-SHDW-2934,,Dune Japan Shadow,"no barcode, not SS27",,
NO_BARCODE,shopify,LIV-DN-SHDW-3032,,Dune Japan Shadow,"no barcode, not SS27",MERCHANDISE,CONTINUITY
NO_BARCODE,shopify,LIV-DN-SHDW-3034,,Dune Japan Shadow,"no barcode, not SS27",,
NO_BARCODE,shopify,LIV-DN-SHDW-3132,,Dune Japan Shadow,"no barcode, not SS27",MERCHANDISE,CONTINUITY
NO_BARCODE,shopify,LIV-DN-SHDW-3134,,Dune Japan Shadow,"no barcode, not SS27",MERCHANDISE,CONTINUITY
NO_BARCODE,shopify,LIV-DN-SHDW-3232,,Dune Japan Shadow,"no barcode, not SS27",MERCHANDISE,CONTINUITY
NO_BARCODE,shopify,LIV-DN-SHDW-3234,,Dune Japan Shadow,"no barcode, not SS27",MERCHANDISE,CONTINUITY
NO_BARCODE,shopify,LIV-DN-SHDW-3332,,Dune Japan Shadow,"no barcode, not SS27",MERCHANDISE,CONTINUITY
NO_BARCODE,shopify,LIV-DN-SHDW-3334,,Dune Japan Shadow,"no barcode, not SS27",MERCHANDISE,CONTINUITY
NO_BARCODE,shopify,LIV-DN-SHDW-3432,,Dune Japan Shadow,"no barcode, not SS27",MERCHANDISE,CONTINUITY
NO_BARCODE,shopify,LIV-DN-SHDW-3434,,Dune Japan Shadow,"no barcode, not SS27",MERCHANDISE,CONTINUITY
NO_BARCODE,shopify,LIV-DN-SHDW-3632,,Dune Japan Shadow,"no barcode, not SS27",MERCHANDISE,CONTINUITY
NO_BARCODE,shopify,LIV-DN-SHDW-3634,,Dune Japan Shadow,"no barcode, not SS27",MERCHANDISE,CONTINUITY
NO_BARCODE,shopify,LIV-DN-SHDW-3834,,Dune Japan Shadow,"no barcode, not SS27",,
NO_BARCODE,shopify,LIV-DN-SHDW-4034,,Dune Japan Shadow,"no barcode, not SS27",,
NO_BARCODE,shopify,LIV-DNN-GRSLL-OS,,Dunn Grisalle,"no barcode, not SS27",MERCHANDISE,CONTINUITY
NO_BARCODE,shopify,LIV-DNN-MN-OS,,Dunn Moon,"no barcode, not SS27",MERCHANDISE,CONTINUITY
NO_BARCODE,shopify,LIV-EBL-BLCK-L,,Ebela Black,"no barcode, not SS27",MERCHANDISE,CONTINUITY
NO_BARCODE,shopify,LIV-EBL-BLCK-M,,Ebela Black,"no barcode, not SS27",MERCHANDISE,CONTINUITY
NO_BARCODE,shopify,LIV-EBL-BLCK-S,,Ebela Black,"no barcode, not SS27",MERCHANDISE,CONTINUITY
NO_BARCODE,shopify,LIV-EBL-BLCK-XL,,Ebela Black,"no barcode, not SS27",MERCHANDISE,CONTINUITY
NO_BARCODE,shopify,LIV-EBL-BLCK-XS,,Ebela Black,"no barcode, not SS27",MERCHANDISE,CONTINUITY
NO_BARCODE,shopify,LIV-FDL-BK-L,,Feedly Black Casentino,"no barcode, not SS27",MERCHANDISE,CONTINUITY
NO_BARCODE,shopify,LIV-FDL-BK-M,,Feedly Black Casentino,"no barcode, not SS27",MERCHANDISE,CONTINUITY
NO_BARCODE,shopify,LIV-FDL-BK-S,,Feedly Black Casentino,"no barcode, not SS27",MERCHANDISE,CONTINUITY
NO_BARCODE,shopify,LIV-FDL-BK-XL,,Feedly Black Casentino,"no barcode, not SS27",MERCHANDISE,CONTINUITY
NO_BARCODE,shopify,LIV-FLY-5-PCKT-JPN-OPTC-WHT-2832,,Fealy Japan Optic White,"no barcode, not SS27",,
NO_BARCODE,shopify,LIV-FLY-5-PCKT-JPN-OPTC-WHT-2932,,Fealy Japan Optic White,"no barcode, not SS27",,
NO_BARCODE,shopify,LIV-FLY-5-PCKT-JPN-OPTC-WHT-3032,,Fealy Japan Optic White,"no barcode, not SS27",,
NO_BARCODE,shopify,LIV-FLY-5-PCKT-JPN-OPTC-WHT-3132,,Fealy Japan Optic White,"no barcode, not SS27",,
NO_BARCODE,shopify,LIV-FLY-5-PCKT-JPN-OPTC-WHT-3232,,Fealy Japan Optic White,"no barcode, not SS27",,
NO_BARCODE,shopify,LIV-FLY-5-PCKT-JPN-OPTC-WHT-3332,,Fealy Japan Optic White,"no barcode, not SS27",,
NO_BARCODE,shopify,LIV-FLY-5-PCKT-JPN-OPTC-WHT-3432,,Fealy Japan Optic White,"no barcode, not SS27",,
NO_BARCODE,shopify,LIV-FLY-5-PCKT-JPN-OPTC-WHT-3632,,Fealy Japan Optic White,"no barcode, not SS27",,
NO_BARCODE,shopify,LIV-FLY-5-PCKT-JPN-OPTC-WHT-3834,,Fealy Japan Optic White,"no barcode, not SS27",,
NO_BARCODE,shopify,LIV-FLY-5-PCKT-JPN-OPTC-WHT-4034,,Fealy Japan Optic White,"no barcode, not SS27",,
NO_BARCODE,shopify,LIV-HEM,,Hemming Service,"no barcode, not SS27",,
NO_BARCODE,shopify,LIV-HYS-BLCK-3834,,Hayes Trouser Black,"no barcode, not SS27",,
NO_BARCODE,shopify,LIV-HYS-TP-38/34,,Hayes Suitpant Taupe,"no barcode, not SS27",,
NO_BARCODE,shopify,LIV-HYS-TP-40/34,,Hayes Suitpant Taupe,"no barcode, not SS27",,
NO_BARCODE,shopify,LIV-HYSJKT-BK-L,,Hayes Suit Jacket Black,"no barcode, not SS27",MERCHANDISE,CONTINUITY
NO_BARCODE,shopify,LIV-HYSJKT-BK-M,,Hayes Suit Jacket Black,"no barcode, not SS27",MERCHANDISE,CONTINUITY
NO_BARCODE,shopify,LIV-HYSJKT-BK-S,,Hayes Suit Jacket Black,"no barcode, not SS27",MERCHANDISE,CONTINUITY
NO_BARCODE,shopify,LIV-HYSJKT-BK-XL,,Hayes Suit Jacket Black,"no barcode, not SS27",MERCHANDISE,CONTINUITY
NO_BARCODE,shopify,LIV-HYSJKT-STRP-L,,Hayes Suit Jacket Black Stripe,"no barcode, not SS27",MERCHANDISE,CONTINUITY
NO_BARCODE,shopify,LIV-HYSJKT-STRP-M,,Hayes Suit Jacket Black Stripe,"no barcode, not SS27",MERCHANDISE,CONTINUITY
NO_BARCODE,shopify,LIV-HYSJKT-STRP-S,,Hayes Suit Jacket Black Stripe,"no barcode, not SS27",MERCHANDISE,CONTINUITY
NO_BARCODE,shopify,LIV-HYSJKT-STRP-XL,,Hayes Suit Jacket Black Stripe,"no barcode, not SS27",MERCHANDISE,CONTINUITY
NO_BARCODE,shopify,LIV-KLLROVD-MD-2XL,,Keller Chestnut Overdye,"no barcode, not SS27",MERCHANDISE,CONTINUITY
NO_BARCODE,shopify,LIV-KLLROVD-MD-L,,Keller Chestnut Overdye,"no barcode, not SS27",MERCHANDISE,CONTINUITY
NO_BARCODE,shopify,LIV-KLLROVD-MD-M,,Keller Chestnut Overdye,"no barcode, not SS27",MERCHANDISE,CONTINUITY
NO_BARCODE,shopify,LIV-KLLROVD-MD-S,,Keller Chestnut Overdye,"no barcode, not SS27",MERCHANDISE,CONTINUITY
NO_BARCODE,shopify,LIV-KLLROVD-MD-XL,,Keller Chestnut Overdye,"no barcode, not SS27",MERCHANDISE,CONTINUITY
NO_BARCODE,shopify,LIV-KLLROVD-PTTY-2XL,,Nelson Putty Overdye,"no barcode, not SS27",MERCHANDISE,CONTINUITY
NO_BARCODE,shopify,LIV-KLLROVD-PTTY-L,,Nelson Putty Overdye,"no barcode, not SS27",MERCHANDISE,CONTINUITY
NO_BARCODE,shopify,LIV-KLLROVD-PTTY-M,,Nelson Putty Overdye,"no barcode, not SS27",MERCHANDISE,CONTINUITY
NO_BARCODE,shopify,LIV-KLLROVD-PTTY-S,,Nelson Putty Overdye,"no barcode, not SS27",MERCHANDISE,CONTINUITY
NO_BARCODE,shopify,LIV-KLLROVD-PTTY-XL,,Nelson Putty Overdye,"no barcode, not SS27",MERCHANDISE,CONTINUITY
NO_BARCODE,shopify,LIV-KR-JPN-GRVL-2432,,Keri Japan Gravel,"no barcode, not SS27",MERCHANDISE,"CONTINUITY,FW26"
NO_BARCODE,shopify,LIV-KR-JPN-GRVL-2532,,Keri Japan Gravel,"no barcode, not SS27",MERCHANDISE,"CONTINUITY,FW26"
NO_BARCODE,shopify,LIV-KR-JPN-GRVL-2534,,Keri Japan Gravel,"no barcode, not SS27",,
NO_BARCODE,shopify,LIV-KR-JPN-GRVL-2632,,Keri Japan Gravel,"no barcode, not SS27",MERCHANDISE,"CONTINUITY,FW26"
NO_BARCODE,shopify,LIV-KR-JPN-GRVL-2634,,Keri Japan Gravel,"no barcode, not SS27",MERCHANDISE,"CONTINUITY,FW26"
NO_BARCODE,shopify,LIV-KR-JPN-GRVL-2732,,Keri Japan Gravel,"no barcode, not SS27",MERCHANDISE,"CONTINUITY,FW26"
NO_BARCODE,shopify,LIV-KR-JPN-GRVL-2734,,Keri Japan Gravel,"no barcode, not SS27",MERCHANDISE,"CONTINUITY,FW26"
NO_BARCODE,shopify,LIV-KR-JPN-GRVL-2832,,Keri Japan Gravel,"no barcode, not SS27",MERCHANDISE,"CONTINUITY,FW26"
NO_BARCODE,shopify,LIV-KR-JPN-GRVL-2834,,Keri Japan Gravel,"no barcode, not SS27",MERCHANDISE,"CONTINUITY,FW26"
NO_BARCODE,shopify,LIV-KR-JPN-GRVL-2932,,Keri Japan Gravel,"no barcode, not SS27",MERCHANDISE,"CONTINUITY,FW26"
NO_BARCODE,shopify,LIV-KR-JPN-GRVL-2934,,Keri Japan Gravel,"no barcode, not SS27",MERCHANDISE,"CONTINUITY,FW26"
NO_BARCODE,shopify,LIV-KR-JPN-GRVL-3032,,Keri Japan Gravel,"no barcode, not SS27",MERCHANDISE,"CONTINUITY,FW26"
NO_BARCODE,shopify,LIV-KR-JPN-GRVL-3034,,Keri Japan Gravel,"no barcode, not SS27",MERCHANDISE,"CONTINUITY,FW26"
NO_BARCODE,shopify,LIV-KR-JPN-GRVL-3132,,Keri Japan Gravel,"no barcode, not SS27",MERCHANDISE,"CONTINUITY,FW26"
NO_BARCODE,shopify,LIV-KR-JPN-GRVL-3134,,Keri Japan Gravel,"no barcode, not SS27",MERCHANDISE,"CONTINUITY,FW26"
NO_BARCODE,shopify,LIV-KR-JPN-GRVL-3232,,Keri Japan Gravel,"no barcode, not SS27",MERCHANDISE,"CONTINUITY,FW26"
NO_BARCODE,shopify,LIV-KR-JPN-GRVL-3234,,Keri Japan Gravel,"no barcode, not SS27",MERCHANDISE,"CONTINUITY,FW26"
NO_BARCODE,shopify,LIV-KR-JPN-GRVL-3332,,Keri Japan Gravel,"no barcode, not SS27",MERCHANDISE,"CONTINUITY,FW26"
NO_BARCODE,shopify,LIV-KR-JPN-GRVL-3334,,Keri Japan Gravel,"no barcode, not SS27",MERCHANDISE,"CONTINUITY,FW26"
NO_BARCODE,shopify,LIV-KR-JPN-GRVL-3434,,Keri Japan Gravel,"no barcode, not SS27",MERCHANDISE,"CONTINUITY,FW26"
NO_BARCODE,shopify,LIV-KR-JPN-GRVL-3634,,Keri Japan Gravel,"no barcode, not SS27",MERCHANDISE,"CONTINUITY,FW26"
NO_BARCODE,shopify,LIV-KR-WD-JPN-MRBL-2534,,Keri Japan Marble,"no barcode, not SS27",,
NO_BARCODE,shopify,LIV-KR-WD-JPN-MRBL-3634,,Keri Japan Marble,"no barcode, not SS27",,
NO_BARCODE,shopify,LIV-KRLN-STN-2534,,Keri Linen Stone,"no barcode, not SS27",,
NO_BARCODE,shopify,LIV-KRLN-STN-3634,,Keri Linen Stone,"no barcode, not SS27",,
NO_BARCODE,shopify,LIV-KRN-BLCK-M/L,,Kerin Black,"no barcode, not SS27",MERCHANDISE,"CONTINUITY,FW26"
NO_BARCODE,shopify,LIV-KRN-BLCK-XS/S,,Kerin Black,"no barcode, not SS27",MERCHANDISE,"CONTINUITY,FW26"
NO_BARCODE,shopify,LIV-KRN-TP-M/L,,Kerin Taupe,"no barcode, not SS27",MERCHANDISE,"CONTINUITY,FW26"
NO_BARCODE,shopify,LIV-KRN-TP-XS/S,,Kerin Taupe,"no barcode, not SS27",MERCHANDISE,"CONTINUITY,FW26"
NO_BARCODE,shopify,LIV-KYDN-BLCK-L,,Kayden Black,"no barcode, not SS27",,
NO_BARCODE,shopify,LIV-KYDN-BLCK-M,,Kayden Black,"no barcode, not SS27",MERCHANDISE,CONTINUITY
NO_BARCODE,shopify,LIV-KYDN-BLCK-XS/S,,Kayden Black,"no barcode, not SS27",,
NO_BARCODE,shopify,LIV-LM-STRP-L,,Lima Stripe,"no barcode, not SS27",MERCHANDISE,CONTINUITY
NO_BARCODE,shopify,LIV-LM-STRP-M,,Lima Stripe,"no barcode, not SS27",MERCHANDISE,CONTINUITY
NO_BARCODE,shopify,LIV-LM-STRP-S,,Lima Stripe,"no barcode, not SS27",MERCHANDISE,CONTINUITY
NO_BARCODE,shopify,LIV-LM-STRP-XL,,Lima Stripe,"no barcode, not SS27",MERCHANDISE,CONTINUITY
NO_BARCODE,shopify,LIV-LM-STRP-XS,,Lima Stripe,"no barcode, not SS27",MERCHANDISE,CONTINUITY
NO_BARCODE,shopify,LIV-N-CHSTNT-L,,Abby Chestnut,"no barcode, not SS27",MERCHANDISE,CONTINUITY
NO_BARCODE,shopify,LIV-N-CHSTNT-M,,Abby Chestnut,"no barcode, not SS27",MERCHANDISE,CONTINUITY
NO_BARCODE,shopify,LIV-N-CHSTNT-S,,Abby Chestnut,"no barcode, not SS27",MERCHANDISE,CONTINUITY
NO_BARCODE,shopify,LIV-N-CHSTNT-XL,,Abby Chestnut,"no barcode, not SS27",MERCHANDISE,CONTINUITY
NO_BARCODE,shopify,LIV-N-CHSTNT-XS,,Abby Chestnut,"no barcode, not SS27",MERCHANDISE,CONTINUITY
NO_BARCODE,shopify,LIV-NLN-BLCK-2XL,,Nolan Black,"no barcode, not SS27",MERCHANDISE,CONTINUITY
NO_BARCODE,shopify,LIV-NLN-BLCK-L,,Nolan Black,"no barcode, not SS27",MERCHANDISE,CONTINUITY
NO_BARCODE,shopify,LIV-NLN-BLCK-M,,Nolan Black,"no barcode, not SS27",MERCHANDISE,CONTINUITY
NO_BARCODE,shopify,LIV-NLN-BLCK-S,,Nolan Black,"no barcode, not SS27",MERCHANDISE,CONTINUITY
NO_BARCODE,shopify,LIV-NLN-BLCK-XL,,Nolan Black,"no barcode, not SS27",MERCHANDISE,CONTINUITY
NO_BARCODE,shopify,LIV-NSH-BLCK-M/L,,Nash Black,"no barcode, not SS27",MERCHANDISE,"CONTINUITY,FW26"
NO_BARCODE,shopify,LIV-NSH-BLCK-XS/S,,Nash Black,"no barcode, not SS27",MERCHANDISE,"CONTINUITY,FW26"
NO_BARCODE,shopify,LIV-NSH-TP-L,,Nash Taupe,"no barcode, not SS27",MERCHANDISE,"CONTINUITY,FW26"
NO_BARCODE,shopify,LIV-NSH-TP-M,,Nash Taupe,"no barcode, not SS27",MERCHANDISE,"CONTINUITY,FW26"
NO_BARCODE,shopify,LIV-NSH-TP-M/L,,Nash Taupe,"no barcode, not SS27",MERCHANDISE,"CONTINUITY,FW26"
NO_BARCODE,shopify,LIV-NSH-TP-S,,Nash Taupe,"no barcode, not SS27",MERCHANDISE,"CONTINUITY,FW26"
NO_BARCODE,shopify,LIV-NSH-TP-XL,,Nash Taupe,"no barcode, not SS27",MERCHANDISE,"CONTINUITY,FW26"
NO_BARCODE,shopify,LIV-NSH-TP-XS/S,,Nash Taupe,"no barcode, not SS27",MERCHANDISE,"CONTINUITY,FW26"
NO_BARCODE,shopify,LIV-PLTH-BL-MHR-MX-OS,,Plath Blue Mohair Mix,"no barcode, not SS27",MERCHANDISE,CONTINUITY
NO_BARCODE,shopify,LIV-PLTH-BLCK-MRN-OS,,Plath Black Merino,"no barcode, not SS27",MERCHANDISE,CONTINUITY
NO_BARCODE,shopify,LIV-PLTH-BRWN-MHR-MX-OS,,Plath Brown Mohair Mix,"no barcode, not SS27",MERCHANDISE,CONTINUITY
NO_BARCODE,shopify,LIV-PLTH-CHRCL-MRN-OS,,Plath Charcoal Merino,"no barcode, not SS27",MERCHANDISE,CONTINUITY
NO_BARCODE,shopify,LIV-PLTH-GRY-MHR-MX-OS,,Plath Grey Mohair Mix,"no barcode, not SS27",MERCHANDISE,CONTINUITY
NO_BARCODE,shopify,LIV-PLTH-OLV-MHR-MX-OS,,Plath Olive Mohair Mix,"no barcode, not SS27",MERCHANDISE,CONTINUITY
NO_BARCODE,shopify,LIV-PLTH-SPC-MHR-MX-OS,,Plath Spice Mohair Mix,"no barcode, not SS27",MERCHANDISE,CONTINUITY
NO_BARCODE,shopify,LIV-PLTH-TP-MHR-MX-OS,,Plath Taupe Mohair Mix,"no barcode, not SS27",MERCHANDISE,CONTINUITY
NO_BARCODE,shopify,LIV-PLW-JP-RNS-1,,Makura Japan Raw,"no barcode, not SS27",,
NO_BARCODE,shopify,LIV-PLW-JP-RNS-2,,Makura Japan Raw,"no barcode, not SS27",,
NO_BARCODE,shopify,LIV-PNNNT-ASH-WX-2XL,,Pennant Ash Wax,"no barcode, not SS27",,
NO_BARCODE,shopify,LIV-RLY-CHRCL-2XL,,Riley Charcoal,"no barcode, not SS27",MERCHANDISE,CONTINUITY
NO_BARCODE,shopify,LIV-RLY-CHRCL-L,,Riley Charcoal,"no barcode, not SS27",MERCHANDISE,CONTINUITY
NO_BARCODE,shopify,LIV-RLY-CHRCL-M,,Riley Charcoal,"no barcode, not SS27",MERCHANDISE,CONTINUITY
NO_BARCODE,shopify,LIV-RLY-CHRCL-S,,Riley Charcoal,"no barcode, not SS27",MERCHANDISE,CONTINUITY
NO_BARCODE,shopify,LIV-RLY-CHRCL-XL,,Riley Charcoal,"no barcode, not SS27",MERCHANDISE,CONTINUITY
NO_BARCODE,shopify,LIV-RLY-GRN-2XL,,Riley Green,"no barcode, not SS27",MERCHANDISE,CONTINUITY
NO_BARCODE,shopify,LIV-RLY-GRN-L,,Riley Green,"no barcode, not SS27",MERCHANDISE,CONTINUITY
NO_BARCODE,shopify,LIV-RLY-GRN-M,,Riley Green,"no barcode, not SS27",MERCHANDISE,CONTINUITY
NO_BARCODE,shopify,LIV-RLY-GRN-S,,Riley Green,"no barcode, not SS27",MERCHANDISE,CONTINUITY
NO_BARCODE,shopify,LIV-RLY-GRN-XL,,Riley Green,"no barcode, not SS27",MERCHANDISE,CONTINUITY
NO_BARCODE,shopify,LIV-RLY-NVY-2XL,,Riley Navy,"no barcode, not SS27",MERCHANDISE,CONTINUITY
NO_BARCODE,shopify,LIV-RLY-NVY-3XL,,Riley Navy,"no barcode, not SS27",,
NO_BARCODE,shopify,LIV-RLY-NVY-L,,Riley Navy,"no barcode, not SS27",MERCHANDISE,CONTINUITY
NO_BARCODE,shopify,LIV-RLY-NVY-M,,Riley Navy,"no barcode, not SS27",MERCHANDISE,CONTINUITY
NO_BARCODE,shopify,LIV-RLY-NVY-S,,Riley Navy,"no barcode, not SS27",MERCHANDISE,CONTINUITY
NO_BARCODE,shopify,LIV-RLY-NVY-XL,,Riley Navy,"no barcode, not SS27",MERCHANDISE,CONTINUITY
NO_BARCODE,shopify,LIV-TCK-BLCK-2XL,,Tuck Black,"no barcode, not SS27",MERCHANDISE,CONTINUITY
NO_BARCODE,shopify,LIV-TCK-BLCK-3XL,,Tuck Black,"no barcode, not SS27",,
NO_BARCODE,shopify,LIV-TCK-BLCK-L,,Tuck Black,"no barcode, not SS27",MERCHANDISE,CONTINUITY
NO_BARCODE,shopify,LIV-TCK-BLCK-M,,Tuck Black,"no barcode, not SS27",MERCHANDISE,CONTINUITY
NO_BARCODE,shopify,LIV-TCK-BLCK-S,,Tuck Black,"no barcode, not SS27",MERCHANDISE,CONTINUITY
NO_BARCODE,shopify,LIV-TCK-BLCK-XL,,Tuck Black,"no barcode, not SS27",MERCHANDISE,CONTINUITY
NO_BARCODE,shopify,LIV-TT-BLCK-2XL,,Tate Black,"no barcode, not SS27",MERCHANDISE,"CONTINUITY,FW26"
NO_BARCODE,shopify,LIV-TT-BLCK-L,,Tate Black,"no barcode, not SS27",MERCHANDISE,"CONTINUITY,FW26"
NO_BARCODE,shopify,LIV-TT-BLCK-M,,Tate Black,"no barcode, not SS27",MERCHANDISE,"CONTINUITY,FW26"
NO_BARCODE,shopify,LIV-TT-BLCK-S,,Tate Black,"no barcode, not SS27",MERCHANDISE,"CONTINUITY,FW26"
NO_BARCODE,shopify,LIV-TT-BLCK-XL,,Tate Black,"no barcode, not SS27",MERCHANDISE,"CONTINUITY,FW26"
NO_BARCODE,shopify,LIV-TTA-BLK-L,,Teta Black,"no barcode, not SS27",MERCHANDISE,CONTINUITY
NO_BARCODE,shopify,LIV-TTA-BLK-M,,Teta Black,"no barcode, not SS27",MERCHANDISE,CONTINUITY
NO_BARCODE,shopify,LIV-TTA-BLK-S,,Teta Black,"no barcode, not SS27",MERCHANDISE,CONTINUITY
NO_BARCODE,shopify,LIV-TTA-BLK-XL,,Teta Black,"no barcode, not SS27",MERCHANDISE,CONTINUITY
NO_BARCODE,shopify,LIV-TTA-BLK-XS,,Teta Black,"no barcode, not SS27",MERCHANDISE,CONTINUITY
NO_BARCODE,shopify,LIV-TTA-GRY-MLNG-L,,Teta Grey Melange,"no barcode, not SS27",MERCHANDISE,CONTINUITY
NO_BARCODE,shopify,LIV-TTA-GRY-MLNG-M,,Teta Grey Melange,"no barcode, not SS27",MERCHANDISE,CONTINUITY
NO_BARCODE,shopify,LIV-TTA-GRY-MLNG-S,,Teta Grey Melange,"no barcode, not SS27",MERCHANDISE,CONTINUITY
NO_BARCODE,shopify,LIV-TTA-GRY-MLNG-XL,,Teta Grey Melange,"no barcode, not SS27",MERCHANDISE,CONTINUITY
NO_BARCODE,shopify,LIV-TTA-GRY-MLNG-XS,,Teta Grey Melange,"no barcode, not SS27",MERCHANDISE,CONTINUITY
NO_BARCODE,shopify,VN-ONLN-10022-OS,,Polo Ralph Lauren quarter-zip sweater (3XL),"no barcode, not SS27",,
NO_BARCODE,shopify,VN-ONLN-10023-OS,,Polo Jeans Ralph Lauren quarter-zip sweater (2XL),"no barcode, not SS27",MERCHANDISE,CONTINUITY
NO_BARCODE,shopify,VN-ONLN-10025-OS,,Chaps Ralph Lauren quarter-zip sweater (S),"no barcode, not SS27",MERCHANDISE,CONTINUITY
NO_BARCODE,sitoo,CHIMI-LP-05M,,05M Light Purple,"no barcode, not SS27",,
NO_BARCODE,sitoo,EXT-ASC-GSM-D5K2Y0190-WHTBK-5,,Asics Onitsuka Tiger Black,"no barcode, not SS27",,
NO_BARCODE,sitoo,EXT-BKST-KYVL-Nubuck Black-40,,Kyoto VL Soft Suede & Nubuck Black,"no barcode, not SS27",,
NO_BARCODE,sitoo,EXT-FRM-BOTRO-OS,,0405 Bottle Round,"no barcode, not SS27",MERCHANDISE,CONTINUITY
NO_BARCODE,sitoo,EXT-FRM-BOTWI-OS,,0405 Bottle Wide,"no barcode, not SS27",MERCHANDISE,CONTINUITY
NO_BARCODE,sitoo,EXT-FRM-BRDBLU-OS,,Dry Cutting Board PE Blue Rectangle,"no barcode, not SS27",MERCHANDISE,CONTINUITY
NO_BARCODE,sitoo,EXT-FRM-GLSM-OS,,0405 Glass Medium,"no barcode, not SS27",MERCHANDISE,CONTINUITY
NO_BARCODE,sitoo,EXT-FRM-GLSW-OS,,0405 Glass Wide,"no barcode, not SS27",MERCHANDISE,CONTINUITY
NO_BARCODE,sitoo,EXT-FRM-HBLT-OS,,Herbarium Body Lotion 90 ml tube,"no barcode, not SS27",MERCHANDISE,CONTINUITY
NO_BARCODE,sitoo,EXT-FRM-HHCT-OS,,Herbarium Hand Cream 60 ml tube,"no barcode, not SS27",MERCHANDISE,CONTINUITY
NO_BARCODE,sitoo,EXT-FRM-HRBOI100-OS,,Herbarium Body Oil 100 ml,"no barcode, not SS27",MERCHANDISE,CONTINUITY
NO_BARCODE,sitoo,EXT-FRM-OAKREC-OS,,Dry Cutting Board Oak Rectangle,"no barcode, not SS27",MERCHANDISE,CONTINUITY
NO_BARCODE,sitoo,EXT-FRM-OAKSQU-OS,,Dry Cutting Board Oak Square,"no barcode, not SS27",,
NO_BARCODE,sitoo,EXT-FRM-TWORH-OS,,Heavy Towel Burnt Orange Hand,"no barcode, not SS27",MERCHANDISE,CONTINUITY
NO_BARCODE,sitoo,EXT-FRM-TWWHH-OS,,Heavy Towel Bone White Hand,"no barcode, not SS27",MERCHANDISE,CONTINUITY
NO_BARCODE,sitoo,EXT-HSTR-20210-100-7,,Deerskin Primaloft Rib Black,"no barcode, not SS27",,
NO_BARCODE,sitoo,EXT-HSTR-20210-400-7,,Deerskin Primaloft Rib Natural Yellow,"no barcode, not SS27",,
NO_BARCODE,sitoo,EXT-LSC-PCS-1,,Lesca Picas Col.4 Auburn,"no barcode, not SS27",,
NO_BARCODE,sitoo,EXT-LSC-PCS-2,,Lesca Pica Crystal,"no barcode, not SS27",,
NO_BARCODE,sitoo,EXT-PB-MCH-FM-MRN-6.5,,Michael Femme Lis Marron,"no barcode, not SS27",,
NO_BARCODE,sitoo,EXT-RW-101-10,,101 Postman Oxford Black,"no barcode, not SS27",,
NO_BARCODE,sitoo,EXT-RW-101-10.5,,101 Postman Oxford Black,"no barcode, not SS27",,
NO_BARCODE,sitoo,EXT-RW-101-11,,101 Postman Oxford Black,"no barcode, not SS27",,
NO_BARCODE,sitoo,EXT-RW-101-11.5,,101 Postman Oxford Black,"no barcode, not SS27",,
NO_BARCODE,sitoo,EXT-RW-101-12,,101 Postman Oxford Black,"no barcode, not SS27",,
NO_BARCODE,sitoo,EXT-RW-101-12.5,,101 Postman Oxford Black,"no barcode, not SS27",,
NO_BARCODE,sitoo,EXT-RW-101-13,,101 Postman Oxford Black,"no barcode, not SS27",,
NO_BARCODE,sitoo,EXT-RW-101-14,,101 Postman Oxford Black,"no barcode, not SS27",,
NO_BARCODE,sitoo,EXT-RW-101-15,,101 Postman Oxford Black,"no barcode, not SS27",,
NO_BARCODE,sitoo,EXT-RW-101-16,,101 Postman Oxford Black,"no barcode, not SS27",,
NO_BARCODE,sitoo,EXT-RW-101-6,,101 Postman Oxford Black,"no barcode, not SS27",,
NO_BARCODE,sitoo,EXT-RW-101-6.5,,101 Postman Oxford Black,"no barcode, not SS27",,
NO_BARCODE,sitoo,EXT-RW-101-7,,101 Postman Oxford Black,"no barcode, not SS27",,
NO_BARCODE,sitoo,EXT-RW-101-7.5,,101 Postman Oxford Black,"no barcode, not SS27",,
NO_BARCODE,sitoo,EXT-RW-101-8,,101 Postman Oxford Black,"no barcode, not SS27",,
NO_BARCODE,sitoo,EXT-RW-101-8.5,,101 Postman Oxford Black,"no barcode, not SS27",,
NO_BARCODE,sitoo,EXT-RW-101-9,,101 Postman Oxford Black,"no barcode, not SS27",,
NO_BARCODE,sitoo,EXT-RW-101-9.5,,101 Postman Oxford Black,"no barcode, not SS27",,
NO_BARCODE,sitoo,EXT-RW-3140-10,,3140 Classic Chukka,"no barcode, not SS27",MERCHANDISE,CONTINUITY
NO_BARCODE,sitoo,EXT-RW-3140-10.5,,3140 Classic Chukka,"no barcode, not SS27",,
NO_BARCODE,sitoo,EXT-RW-3140-11,,3140 Classic Chukka,"no barcode, not SS27",,
NO_BARCODE,sitoo,EXT-RW-3140-11.5,,3140 Classic Chukka,"no barcode, not SS27",,
NO_BARCODE,sitoo,EXT-RW-3140-12,,3140 Classic Chukka,"no barcode, not SS27",,
NO_BARCODE,sitoo,EXT-RW-3140-7,,3140 Classic Chukka,"no barcode, not SS27",,
NO_BARCODE,sitoo,EXT-RW-3140-7.5,,3140 Classic Chukka,"no barcode, not SS27",,
NO_BARCODE,sitoo,EXT-RW-3140-8,,3140 Classic Chukka,"no barcode, not SS27",,
NO_BARCODE,sitoo,EXT-RW-3140-8.5,,3140 Classic Chukka,"no barcode, not SS27",,
NO_BARCODE,sitoo,EXT-RW-3140-9,,3140 Classic Chukka,"no barcode, not SS27",,
NO_BARCODE,sitoo,EXT-RW-3140-9.5,,3140 Classic Chukka,"no barcode, not SS27",,
NO_BARCODE,sitoo,EXT-RW-3141-10,,3141 Chukka Briar Oil Slick,"no barcode, not SS27",MERCHANDISE,CONTINUITY
NO_BARCODE,sitoo,EXT-RW-3141-10.5,,3141 Chukka Briar Oil Slick,"no barcode, not SS27",,
NO_BARCODE,sitoo,EXT-RW-3141-11,,3141 Chukka Briar Oil Slick,"no barcode, not SS27",,
NO_BARCODE,sitoo,EXT-RW-3141-11.5,,3141 Chukka Briar Oil Slick,"no barcode, not SS27",MERCHANDISE,CONTINUITY
NO_BARCODE,sitoo,EXT-RW-3141-12,,3141 Chukka Briar Oil Slick,"no barcode, not SS27",,
NO_BARCODE,sitoo,EXT-RW-3141-13,,3141 Chukka Briar Oil Slick,"no barcode, not SS27",,
NO_BARCODE,sitoo,EXT-RW-3141-14,,3141 Chukka Briar Oil Slick,"no barcode, not SS27",,
NO_BARCODE,sitoo,EXT-RW-3141-6,,3141 Chukka Briar Oil Slick,"no barcode, not SS27",,
NO_BARCODE,sitoo,EXT-RW-3141-6.5,,3141 Chukka Briar Oil Slick,"no barcode, not SS27",,
NO_BARCODE,sitoo,EXT-RW-3141-7,,3141 Chukka Briar Oil Slick,"no barcode, not SS27",,
NO_BARCODE,sitoo,EXT-RW-3141-7.5,,3141 Chukka Briar Oil Slick,"no barcode, not SS27",,
NO_BARCODE,sitoo,EXT-RW-3141-8,,3141 Chukka Briar Oil Slick,"no barcode, not SS27",,
NO_BARCODE,sitoo,EXT-RW-3141-8.6,,3141 Chukka Briar Oil Slick,"no barcode, not SS27",MERCHANDISE,CONTINUITY
NO_BARCODE,sitoo,EXT-RW-3141-9,,3141 Chukka Briar Oil Slick,"no barcode, not SS27",MERCHANDISE,CONTINUITY
NO_BARCODE,sitoo,EXT-RW-3141-9.5,,3141 Chukka Briar Oil Slick,"no barcode, not SS27",,
NO_BARCODE,sitoo,EXT-RW-875-10,,875 Classic Moc,"no barcode, not SS27",MERCHANDISE,CONTINUITY
NO_BARCODE,sitoo,EXT-RW-875-10.5,,875 Classic Moc,"no barcode, not SS27",MERCHANDISE,CONTINUITY
NO_BARCODE,sitoo,EXT-RW-875-11,,875 Classic Moc,"no barcode, not SS27",,
NO_BARCODE,sitoo,EXT-RW-875-11.5,,875 Classic Moc,"no barcode, not SS27",MERCHANDISE,CONTINUITY
NO_BARCODE,sitoo,EXT-RW-875-12,,875 Classic Moc,"no barcode, not SS27",,
NO_BARCODE,sitoo,EXT-RW-875-14,,875 Classic Moc,"no barcode, not SS27",,
NO_BARCODE,sitoo,EXT-RW-875-15,,875 Classic Moc,"no barcode, not SS27",,
NO_BARCODE,sitoo,EXT-RW-875-6.5,,875 Classic Moc,"no barcode, not SS27",,
NO_BARCODE,sitoo,EXT-RW-875-7,,875 Classic Moc,"no barcode, not SS27",,
NO_BARCODE,sitoo,EXT-RW-875-7.5,,875 Classic Moc,"no barcode, not SS27",,
NO_BARCODE,sitoo,EXT-RW-875-8,,875 Classic Moc,"no barcode, not SS27",MERCHANDISE,CONTINUITY
NO_BARCODE,sitoo,EXT-RW-875-8.5,,875 Classic Moc,"no barcode, not SS27",,
NO_BARCODE,sitoo,EXT-RW-875-9,,875 Classic Moc,"no barcode, not SS27",MERCHANDISE,CONTINUITY
NO_BARCODE,sitoo,EXT-RW-875-9.5,,875 Classic Moc,"no barcode, not SS27",MERCHANDISE,CONTINUITY
NO_BARCODE,sitoo,GFTCRD,,Gift Card,"no barcode, not SS27",,
NO_BARCODE,sitoo,GH-WMN-PENNY-BLACK-38.5,,WMN Penny Black,"no barcode, not SS27",,
NO_BARCODE,sitoo,IMP-LIV-T-VPR-2534,,Tia Vapor*,"no barcode, not SS27",,
NO_BARCODE,sitoo,IMP-LIV-T-VPR-2632,,Tia Vapor*,"no barcode, not SS27",,
NO_BARCODE,sitoo,IMP-LIV-T-VPR-2832,,Tia Vapor*,"no barcode, not SS27",,
NO_BARCODE,sitoo,IMP-LIV-T-VPR-3334,,Tia Vapor*,"no barcode, not SS27",,
NO_BARCODE,sitoo,IMP-LIV-T-VPR-3434,,Tia Vapor*,"no barcode, not SS27",,
NO_BARCODE,sitoo,LIV-EVRD-DCS-3030,,Edvard Dry Comfort Selvage,"no barcode, not SS27",,
NO_BARCODE,sitoo,LIV-EVRD-DCS-3130,,Edvard Dry Comfort Selvage,"no barcode, not SS27",,
NO_BARCODE,sitoo,LIV-HL-OX-WHT-XXXL,,hill white,"no barcode, not SS27",,
NO_BARCODE,sitoo,LIV-KVN-WXBLK-SMPL,,Kevin Waxed Black,"no barcode, not SS27",,
